Time,sample_1,sample_2,sample_3,sample_4,sample_5,sample_6,sample_7,sample_8,sample_9,sample_10,
0,3.12E+02,3.06E+02,2.84E+02,2.50E+02,312.4,305.9,306.8,314.8,315.1,306.7,
1,3.13E+02,3.07E+02,2.85E+02,2.52E+02,313.1,306.7,307.5,315.4,315.9,307.4,
2,3.14E+02,3.08E+02,2.86E+02,2.54E+02,313.7,307.3,308.2,316,316.6,308.2,
3,3.15E+02,3.08E+02,2.87E+02,2.56E+02,314.3,308,308.8,316.6,317.4,308.8,
4,3.16E+02,3.09E+02,2.88E+02,2.57E+02,315,308.5,309.6,317.2,318.2,309.5,
5,3.17E+02,3.10E+02,2.89E+02,2.59E+02,315.6,309.2,310.2,317.8,318.9,310.2,
6,3.18E+02,3.10E+02,2.90E+02,2.61E+02,316.2,309.8,310.9,318.4,319.7,310.8,
7,3.18E+02,3.11E+02,2.91E+02,2.62E+02,316.8,310.4,311.5,319,320.3,311.5,
8,3.19E+02,3.12E+02,2.92E+02,2.63E+02,317.3,310.9,312,319.5,321,312.2,
9,3.20E+02,3.13E+02,2.93E+02,2.65E+02,317.9,311.5,312.6,320.1,321.8,312.9,
10,3.21E+02,3.13E+02,2.93E+02,2.66E+02,318.4,312,313.2,320.7,322.5,313.5,
11,3.22E+02,3.14E+02,2.94E+02,2.67E+02,318.9,312.5,313.8,321.2,323.2,314.2,
12,3.22E+02,3.15E+02,2.95E+02,2.69E+02,319.4,312.9,314.2,321.7,323.8,314.8,
13,3.23E+02,3.16E+02,2.96E+02,2.70E+02,319.9,313.4,314.8,322.2,324.5,315.4,
14,3.24E+02,3.16E+02,2.97E+02,2.71E+02,320.4,313.9,315.3,322.7,325.1,316,
15,3.25E+02,3.17E+02,2.98E+02,2.72E+02,320.9,314.4,315.7,323.3,325.8,316.6,
16,3.25E+02,3.18E+02,2.99E+02,2.73E+02,321.4,314.9,315.7,323.8,326.5,317.2,
17,3.26E+02,3.18E+02,3.00E+02,2.75E+02,321.8,315.4,315.3,324.3,327.1,317.7,
18,3.27E+02,3.19E+02,3.00E+02,2.76E+02,322.4,315.9,314.7,324.8,327.7,318.3,
19,3.28E+02,3.20E+02,3.01E+02,2.77E+02,322.9,316.4,313.7,325.3,328.3,318.9,
20,3.28E+02,3.21E+02,3.02E+02,2.78E+02,323.3,316.9,312.6,325.7,328.9,319.4,
21,3.29E+02,3.21E+02,3.03E+02,2.79E+02,323.9,317.4,311.4,326.2,329.6,320,
22,3.30E+02,3.22E+02,3.04E+02,2.80E+02,324.2,317.7,310,326.6,330.1,320.4,
23,3.31E+02,3.23E+02,3.05E+02,2.81E+02,324.8,317.8,308.5,327.1,330.6,320.9,
24,3.32E+02,3.24E+02,3.06E+02,2.82E+02,325.3,317.6,306.9,327.5,331.3,321.4,
25,3.32E+02,3.24E+02,3.06E+02,2.83E+02,325.7,317.1,305.3,327.9,331.8,321.8,
26,3.33E+02,3.25E+02,3.07E+02,2.84E+02,326.3,316.3,303.7,328.3,332.3,322.3,
27,3.34E+02,3.26E+02,3.08E+02,2.85E+02,326.5,315.3,302,328.8,332.8,322.6,
28,3.35E+02,3.27E+02,3.09E+02,2.86E+02,326.3,314.2,300.3,329.2,333.3,322.6,
29,3.35E+02,3.27E+02,3.10E+02,2.87E+02,325.7,312.9,298.6,329.6,333.8,322.2,
30,3.36E+02,3.28E+02,3.11E+02,2.88E+02,324.9,311.7,296.9,330,334.3,321.4,
31,3.37E+02,3.29E+02,3.12E+02,2.89E+02,323.8,310.2,295.2,330.4,334.8,320.4,
32,3.38E+02,3.30E+02,3.12E+02,2.90E+02,322.5,308.8,293.5,330.4,335.3,319.2,
33,3.38E+02,3.30E+02,3.13E+02,2.91E+02,321.1,307.4,291.8,330.1,335.7,317.8,
34,3.39E+02,3.31E+02,3.14E+02,2.92E+02,319.6,305.9,290.1,329.3,336.2,316.2,
35,3.40E+02,3.32E+02,3.15E+02,2.93E+02,318,304.4,288.3,328.3,336.6,314.5,
36,3.41E+02,3.32E+02,3.16E+02,2.93E+02,316.4,302.9,286.6,327,337.1,312.8,
37,3.41E+02,3.33E+02,3.17E+02,2.94E+02,314.7,301.3,284.9,325.7,337.3,311,
38,3.42E+02,3.34E+02,3.18E+02,2.95E+02,312.9,299.7,283.2,324.2,337.3,309.1,
39,3.43E+02,3.35E+02,3.18E+02,2.96E+02,311.2,298.1,281.4,322.7,336.8,307.1,
40,3.43E+02,3.35E+02,3.19E+02,2.97E+02,309.5,296.4,279.6,321.1,336,305.1,
41,3.44E+02,3.36E+02,3.20E+02,2.98E+02,307.7,294.8,277.9,319.5,335,303.1,
42,3.45E+02,3.36E+02,3.21E+02,2.99E+02,305.9,293.1,276.2,317.8,333.8,300.9,
43,3.45E+02,3.37E+02,3.21E+02,2.99E+02,304.1,291.5,274.5,316.1,332.4,299,
44,3.46E+02,3.38E+02,3.22E+02,3.00E+02,302.3,289.7,272.8,314.4,331,296.9,
45,3.47E+02,3.38E+02,3.23E+02,3.01E+02,300.5,288.1,271.1,312.5,329.5,294.8,
46,3.47E+02,3.39E+02,3.24E+02,3.02E+02,298.6,286.4,269.4,310.7,327.9,292.8,
47,3.48E+02,3.40E+02,3.24E+02,3.03E+02,296.9,284.7,267.7,308.9,326.3,290.8,
48,3.49E+02,3.40E+02,3.25E+02,3.03E+02,295,283,266.1,307,324.8,288.7,
49,3.49E+02,3.41E+02,3.26E+02,3.04E+02,293.2,281.4,264.4,305.2,323.1,286.7,
50,3.50E+02,3.41E+02,3.26E+02,3.05E+02,291.4,279.7,262.8,303.4,321.4,284.7,
51,3.50E+02,3.42E+02,3.27E+02,3.06E+02,289.7,278,261.1,301.6,319.7,282.8,
52,3.51E+02,3.42E+02,3.28E+02,3.06E+02,287.9,276.4,259.6,299.8,318,280.9,
53,3.52E+02,3.43E+02,3.28E+02,3.07E+02,286.1,274.8,258,297.9,316.2,279,
54,3.52E+02,3.43E+02,3.29E+02,3.08E+02,284.4,273.2,256.4,296.1,314.5,277.1,
55,3.53E+02,3.44E+02,3.30E+02,3.08E+02,282.7,271.7,254.8,294.2,312.8,275.3,
56,3.53E+02,3.44E+02,3.30E+02,3.09E+02,281,270,253.4,292.3,311,273.4,
57,3.54E+02,3.45E+02,3.31E+02,3.10E+02,279.3,268.4,251.8,290.5,309.3,271.6,
58,3.54E+02,3.45E+02,3.31E+02,3.10E+02,277.6,266.9,250.3,288.7,307.4,269.8,
59,3.55E+02,3.46E+02,3.32E+02,3.11E+02,275.9,265.3,248.9,286.9,305.7,268,
60,3.55E+02,3.46E+02,3.32E+02,3.12E+02,274.2,263.8,247.3,285,304,266.3,
61,3.55E+02,3.46E+02,3.33E+02,3.12E+02,272.5,262.3,245.8,283.3,302.3,264.6,
62,3.56E+02,3.47E+02,3.33E+02,3.13E+02,270.9,260.7,244.4,281.4,300.5,262.9,
63,3.56E+02,3.47E+02,3.34E+02,3.13E+02,269.3,259.2,242.9,279.6,298.7,261.2,
64,3.57E+02,3.48E+02,3.34E+02,3.14E+02,267.7,257.7,241.5,277.9,297,259.5,
65,3.57E+02,3.48E+02,3.35E+02,3.15E+02,266.1,256.2,240.1,276.1,295.3,257.9,
66,3.58E+02,3.48E+02,3.35E+02,3.15E+02,264.4,254.6,238.7,274.4,293.6,256.2,
67,3.58E+02,3.49E+02,3.36E+02,3.16E+02,262.9,253.2,237.3,272.6,291.9,254.7,
68,3.58E+02,3.49E+02,3.36E+02,3.16E+02,261.3,251.6,235.9,270.9,290.2,253.1,
69,3.59E+02,3.49E+02,3.37E+02,3.17E+02,259.7,250.2,234.5,269.2,288.4,251.5,
70,3.59E+02,3.49E+02,3.37E+02,3.17E+02,258.2,248.7,233.1,267.6,286.7,249.8,
71,3.59E+02,3.50E+02,3.38E+02,3.18E+02,256.8,247.3,231.9,266,285.1,248.2,
72,3.60E+02,3.50E+02,3.38E+02,3.18E+02,255.2,245.8,230.5,264.3,283.4,246.6,
73,3.60E+02,3.50E+02,3.38E+02,3.19E+02,253.7,244.4,229.2,262.6,281.8,245.1,
74,3.60E+02,3.51E+02,3.39E+02,3.19E+02,252.3,243,227.9,261,280.2,243.6,
75,3.61E+02,3.51E+02,3.39E+02,3.20E+02,250.7,241.6,226.7,259.4,278.5,242.1,
76,3.61E+02,3.51E+02,3.39E+02,3.20E+02,249.3,240.3,225.4,257.7,276.9,240.6,
77,3.61E+02,3.51E+02,3.40E+02,3.21E+02,247.9,238.9,224.2,256.2,275.3,239.1,
78,3.61E+02,3.51E+02,3.40E+02,3.21E+02,246.4,237.6,223,254.7,273.7,237.6,
79,3.62E+02,3.52E+02,3.41E+02,3.21E+02,245,236.2,221.8,253.2,272.1,236.1,
80,3.62E+02,3.52E+02,3.41E+02,3.22E+02,243.6,235,220.6,251.6,270.6,234.7,
81,3.62E+02,3.52E+02,3.41E+02,3.22E+02,242.3,233.6,219.4,250.2,269,233.4,
82,3.62E+02,3.52E+02,3.42E+02,3.23E+02,240.9,232.4,218.1,248.7,267.5,231.9,
83,3.63E+02,3.52E+02,3.42E+02,3.23E+02,239.5,231,217,247.3,266,230.6,
84,3.63E+02,3.53E+02,3.42E+02,3.23E+02,238.2,229.8,215.8,245.9,264.6,229.3,
85,3.63E+02,3.53E+02,3.42E+02,3.24E+02,236.9,228.5,214.7,244.4,263.2,228,
86,3.63E+02,3.53E+02,3.43E+02,3.24E+02,235.5,227.2,213.5,243.1,261.7,226.8,
87,3.63E+02,3.53E+02,3.43E+02,3.25E+02,234.2,226,212.3,241.6,260.3,225.5,
88,3.63E+02,3.53E+02,3.43E+02,3.25E+02,233,224.8,211.2,240.2,258.9,224.2,
89,3.63E+02,3.54E+02,3.44E+02,3.26E+02,231.7,223.5,210.1,238.8,257.4,222.9,
90,3.63E+02,3.54E+02,3.44E+02,3.26E+02,230.4,222.3,208.9,237.4,256.1,221.6,
91,3.62E+02,3.54E+02,3.44E+02,3.26E+02,229.2,221.1,207.8,236,254.6,220.3,
92,3.61E+02,3.54E+02,3.44E+02,3.27E+02,227.9,219.9,206.7,234.5,253.2,219,
93,3.60E+02,3.54E+02,3.45E+02,3.27E+02,226.6,218.7,205.6,233.2,251.8,217.8,
94,3.58E+02,3.54E+02,3.45E+02,3.27E+02,225.4,217.6,204.5,231.8,250.4,216.5,
95,3.57E+02,3.54E+02,3.45E+02,3.28E+02,224.3,216.4,203.5,230.5,249,215.2,
96,3.55E+02,3.55E+02,3.45E+02,3.28E+02,223.1,215.3,202.5,229.1,247.6,214,
97,3.53E+02,3.55E+02,3.46E+02,3.28E+02,221.9,214.2,201.4,227.7,246.2,212.8,
98,3.51E+02,3.55E+02,3.46E+02,3.29E+02,220.8,213,200.3,226.4,244.8,211.5,
99,3.49E+02,3.55E+02,3.46E+02,3.29E+02,219.6,211.9,199.3,225.1,243.4,210.3,
100,3.47E+02,3.55E+02,3.46E+02,3.29E+02,218.5,210.8,198.3,223.8,242.1,209.1,
101,3.45E+02,3.55E+02,3.47E+02,3.30E+02,217.3,209.7,197.3,222.4,240.7,207.9,
102,3.43E+02,3.56E+02,3.47E+02,3.30E+02,216.2,208.5,196.3,221.2,239.4,206.6,
103,3.40E+02,3.56E+02,3.47E+02,3.31E+02,215,207.4,195.2,219.9,238.1,205.5,
104,3.38E+02,3.56E+02,3.47E+02,3.31E+02,213.9,206.3,194.2,218.7,236.8,204.3,
105,3.36E+02,3.56E+02,3.48E+02,3.31E+02,212.8,205.3,193.3,217.4,235.5,203.1,
106,3.33E+02,3.57E+02,3.48E+02,3.32E+02,211.7,204.2,192.3,216.2,234.2,202,
107,3.31E+02,3.57E+02,3.48E+02,3.32E+02,210.6,203.1,191.3,215,232.9,200.8,
108,3.29E+02,3.57E+02,3.49E+02,3.32E+02,209.6,202.1,190.3,213.8,231.7,199.7,
109,3.27E+02,3.57E+02,3.49E+02,3.33E+02,208.4,201,189.4,212.5,230.5,198.6,
110,3.25E+02,3.58E+02,3.49E+02,3.33E+02,207.4,200,188.4,211.4,229.2,197.5,
111,3.22E+02,3.58E+02,3.50E+02,3.32E+02,206.4,199,187.4,210.2,228,196.4,
112,3.20E+02,3.58E+02,3.50E+02,3.31E+02,205.3,198,186.5,209.1,226.8,195.4,
113,3.18E+02,3.59E+02,3.51E+02,3.30E+02,204.3,197,185.6,207.9,225.6,194.4,
114,3.16E+02,3.59E+02,3.51E+02,3.29E+02,203.2,195.9,184.6,206.7,224.5,193.3,
115,3.14E+02,3.59E+02,3.52E+02,3.28E+02,202.2,195,183.6,205.6,223.2,192.3,
116,3.12E+02,3.60E+02,3.52E+02,3.26E+02,201.2,194.1,182.8,204.4,222,191.3,
117,3.10E+02,3.60E+02,3.53E+02,3.25E+02,200.2,193.3,181.8,203.2,220.9,190.1,
118,3.08E+02,3.60E+02,3.53E+02,3.23E+02,199.1,192.4,180.9,202.2,219.7,189.1,
119,3.06E+02,3.61E+02,3.54E+02,3.21E+02,198.1,191.7,179.9,201,218.5,188.1,
120,3.04E+02,3.61E+02,3.54E+02,3.19E+02,197.1,191.1,179.1,199.8,217.4,187.1,
121,3.02E+02,3.62E+02,3.55E+02,3.17E+02,196.2,190.4,178.2,198.8,216.2,186.1,
122,3.00E+02,3.62E+02,3.55E+02,3.15E+02,195.2,189.9,177.3,197.7,215,185.1,
123,2.98E+02,3.63E+02,3.56E+02,3.13E+02,194.2,189.3,176.4,196.6,213.9,184,
124,2.96E+02,3.63E+02,3.57E+02,3.11E+02,193.3,188.8,175.6,195.4,212.8,183,
125,2.94E+02,3.64E+02,3.57E+02,3.09E+02,192.3,188.4,174.7,194.4,211.7,182.1,
126,2.92E+02,3.64E+02,3.58E+02,3.07E+02,191.3,187.9,173.9,193.3,210.6,181.1,
127,2.90E+02,3.65E+02,3.58E+02,3.05E+02,190.4,187.4,173,192.3,209.5,180.1,
128,2.88E+02,3.65E+02,3.59E+02,3.03E+02,189.4,186.9,172.2,191.3,208.4,179.1,
129,2.86E+02,3.66E+02,3.60E+02,3.01E+02,188.6,186.4,171.4,190.3,207.3,178.2,
130,2.84E+02,3.66E+02,3.60E+02,2.99E+02,187.7,186,170.5,189.3,206.2,177.3,
131,2.82E+02,3.67E+02,3.60E+02,2.97E+02,186.8,185.6,169.6,188.3,205.2,176.3,
132,2.80E+02,3.67E+02,3.61E+02,2.95E+02,185.9,185.2,168.9,187.3,204.1,175.5,
133,2.79E+02,3.68E+02,3.61E+02,2.93E+02,185,184.7,168.1,186.4,203.1,174.5,
134,2.77E+02,3.68E+02,3.62E+02,2.91E+02,184.1,184.3,167.2,185.4,202.2,173.7,
135,2.75E+02,3.69E+02,3.62E+02,2.90E+02,183.3,183.8,166.4,184.4,201.1,172.8,
136,2.73E+02,3.70E+02,3.62E+02,2.88E+02,182.4,183.4,165.6,183.5,200.1,171.9,
137,2.71E+02,3.71E+02,3.62E+02,2.85E+02,181.6,182.9,164.8,182.6,199.1,171.1,
138,2.69E+02,3.72E+02,3.62E+02,2.83E+02,180.8,182.4,163.9,181.6,198.1,170.2,
139,2.67E+02,3.72E+02,3.62E+02,2.81E+02,179.9,182,163.1,180.6,197.1,169.3,
140,2.66E+02,3.73E+02,3.62E+02,2.79E+02,179.2,181.4,162.3,179.6,196.1,168.4,
141,2.64E+02,3.73E+02,3.61E+02,2.77E+02,178.3,180.9,161.5,178.6,195,167.6,
142,2.62E+02,3.74E+02,3.61E+02,2.75E+02,177.4,180.4,160.8,177.7,194.1,166.6,
143,2.60E+02,3.75E+02,3.60E+02,2.73E+02,176.7,180,159.9,176.8,193.1,165.8,
144,2.58E+02,3.75E+02,3.59E+02,2.71E+02,175.9,179.5,159.2,175.8,192.1,164.9,
145,2.56E+02,3.76E+02,3.58E+02,2.69E+02,175.1,179.1,158.4,174.9,191.1,164.1,
146,2.55E+02,3.76E+02,3.57E+02,2.67E+02,174.3,178.5,157.6,174,190.2,163.1,
147,2.53E+02,3.77E+02,3.55E+02,2.65E+02,173.5,178.1,156.9,173.1,189.3,162.3,
148,2.51E+02,3.78E+02,3.53E+02,2.62E+02,172.8,177.6,156.1,172.2,188.3,161.4,
149,2.49E+02,3.78E+02,3.51E+02,2.60E+02,172,177.1,155.4,171.3,187.4,160.6,
150,2.48E+02,3.79E+02,3.49E+02,2.58E+02,171.3,176.5,154.6,170.3,186.4,159.6,
151,2.46E+02,3.79E+02,3.47E+02,2.56E+02,170.6,176,153.8,169.4,185.4,158.8,
152,2.45E+02,3.80E+02,3.45E+02,2.55E+02,169.8,175.6,153.1,168.6,184.6,158,
153,2.43E+02,3.80E+02,3.42E+02,2.53E+02,169.1,175,152.3,167.6,184.2,157.1,
154,2.41E+02,3.80E+02,3.40E+02,2.51E+02,168.4,174.5,151.6,166.9,184.3,156.3,
155,2.40E+02,3.81E+02,3.37E+02,2.49E+02,167.7,174,150.9,166,184.4,155.5,
156,2.38E+02,3.81E+02,3.35E+02,2.47E+02,166.9,173.4,150.1,165.1,184.5,154.7,
157,2.36E+02,3.80E+02,3.33E+02,2.46E+02,166.2,172.9,149.4,164.3,184.5,153.9,
158,2.35E+02,3.80E+02,3.30E+02,2.44E+02,165.5,172.4,148.7,163.5,184.5,153.1,
159,2.34E+02,3.78E+02,3.28E+02,2.43E+02,164.9,171.8,148,162.7,184.4,152.4,
160,2.32E+02,3.77E+02,3.26E+02,2.41E+02,164.2,171.4,147.3,161.9,184.3,151.7,
161,2.30E+02,3.75E+02,3.24E+02,2.39E+02,163.5,170.8,146.5,161.1,184.3,150.9,
162,2.29E+02,3.73E+02,3.21E+02,2.38E+02,162.8,170.3,145.7,160.3,184.1,150.2,
163,2.27E+02,3.70E+02,3.19E+02,2.36E+02,162.1,169.7,145,159.4,183.9,149.4,
164,2.26E+02,3.68E+02,3.16E+02,2.34E+02,161.4,169.1,144.3,158.6,183.8,148.7,
165,2.24E+02,3.66E+02,3.14E+02,2.33E+02,160.8,168.6,143.6,157.8,183.6,148,
166,2.23E+02,3.63E+02,3.12E+02,2.31E+02,160.1,168,143,157,183.4,147.2,
167,2.22E+02,3.60E+02,3.09E+02,2.29E+02,159.4,167.5,142.2,156.2,183.2,146.4,
168,2.20E+02,3.58E+02,3.07E+02,2.28E+02,158.9,167,141.7,155.4,182.9,145.7,
169,2.19E+02,3.55E+02,3.05E+02,2.26E+02,158.3,166.5,141,154.6,182.8,145,
170,2.18E+02,3.53E+02,3.02E+02,2.25E+02,157.6,165.9,140.3,153.8,182.6,144.2,
171,2.17E+02,3.50E+02,3.00E+02,2.23E+02,157,165.4,139.6,153,182.2,143.5,
172,2.16E+02,3.48E+02,2.98E+02,2.22E+02,156.4,164.9,138.9,152.2,181.9,142.7,
173,2.15E+02,3.45E+02,2.96E+02,2.21E+02,155.8,164.3,138.3,151.4,181.6,142,
174,2.14E+02,3.43E+02,2.94E+02,2.19E+02,155.2,163.8,137.6,150.7,181.3,141.3,
175,2.13E+02,3.41E+02,2.92E+02,2.18E+02,154.7,163.3,137,149.9,180.9,140.5,
176,2.12E+02,3.38E+02,2.90E+02,2.17E+02,154,162.8,136.4,149.2,180.6,139.8,
177,2.11E+02,3.36E+02,2.88E+02,2.15E+02,153.5,162.2,136,148.4,180.3,139.1,
178,2.10E+02,3.33E+02,2.86E+02,2.14E+02,152.9,161.7,135.5,147.7,180,138.4,
179,2.09E+02,3.31E+02,2.84E+02,2.13E+02,152.5,161.1,135,147,179.7,137.8,
180,2.08E+02,3.28E+02,2.82E+02,2.12E+02,151.9,160.6,134.7,146.3,179.3,137.1,
181,2.07E+02,3.26E+02,2.80E+02,2.11E+02,151.5,160.1,134.4,145.6,178.9,136.5,
182,2.06E+02,3.23E+02,2.78E+02,2.09E+02,150.9,159.6,134.1,145.2,178.5,135.8,
183,2.05E+02,3.21E+02,2.76E+02,2.08E+02,150.4,159.1,133.9,144.6,178.2,135.2,
184,2.04E+02,3.19E+02,2.74E+02,2.08E+02,149.8,158.6,133.6,144,177.8,134.5,
185,2.03E+02,3.16E+02,2.72E+02,2.07E+02,149.3,158,133.4,143.3,177.4,133.9,
186,2.02E+02,3.14E+02,2.70E+02,2.06E+02,148.7,157.5,133.3,142.6,177,133.3,
187,2.02E+02,3.11E+02,2.68E+02,2.05E+02,148.3,156.9,133.1,142,176.6,132.7,
188,2.01E+02,3.09E+02,2.66E+02,2.04E+02,147.6,156.4,133,141.3,176.2,132,
189,2.00E+02,3.07E+02,2.64E+02,2.03E+02,147.1,155.9,132.8,140.7,175.8,131.4,
190,1.99E+02,3.04E+02,2.62E+02,2.03E+02,146.6,155.4,132.7,140,175.4,130.8,
191,1.98E+02,3.02E+02,2.61E+02,2.02E+02,146.1,154.9,132.6,139.4,174.9,130.2,
192,1.97E+02,3.00E+02,2.59E+02,2.01E+02,145.5,154.3,132.5,138.8,174.5,129.7,
193,1.96E+02,2.98E+02,2.57E+02,2.01E+02,145.1,153.9,132.3,138.1,174,129,
194,1.95E+02,2.95E+02,2.55E+02,2.00E+02,144.6,153.3,132.2,137.5,173.6,128.4,
195,1.95E+02,2.93E+02,2.54E+02,2.00E+02,144.1,152.8,132.2,136.8,173.1,127.8,
196,1.94E+02,2.91E+02,2.52E+02,2.00E+02,143.6,152.3,132,136.2,172.7,127.2,
197,1.93E+02,2.89E+02,2.50E+02,1.99E+02,143.2,151.8,132,135.5,172.3,126.5,
198,1.92E+02,2.87E+02,2.49E+02,1.99E+02,142.8,151.3,131.9,134.8,171.8,125.9,
199,1.91E+02,2.85E+02,2.47E+02,1.98E+02,142.4,150.8,131.8,134.1,171.3,125.3,
200,1.90E+02,2.83E+02,2.45E+02,1.98E+02,142,150.3,131.7,133.4,170.8,124.8,
201,1.90E+02,2.81E+02,2.44E+02,1.97E+02,141.7,149.8,131.7,132.8,170.3,124.1,
202,1.89E+02,2.79E+02,2.42E+02,1.97E+02,141.3,149.3,131.6,132.2,169.8,123.5,
203,1.88E+02,2.77E+02,2.41E+02,1.97E+02,141,148.8,131.5,131.6,169.4,123,
204,1.87E+02,2.76E+02,2.39E+02,1.96E+02,140.7,148.3,131.4,130.9,168.8,122.4,
205,1.86E+02,2.74E+02,2.38E+02,1.96E+02,140.4,147.8,131.3,130.3,168.4,121.9,
206,1.86E+02,2.72E+02,2.36E+02,1.95E+02,140,147.3,131.2,129.7,167.9,121.3,
207,1.85E+02,2.70E+02,2.35E+02,1.95E+02,139.8,146.9,131.2,129.1,167.4,120.7,
208,1.84E+02,2.68E+02,2.33E+02,1.94E+02,139.6,146.3,131.1,128.4,166.9,120.2,
209,1.83E+02,2.66E+02,2.32E+02,1.93E+02,139.2,145.9,130.9,127.9,166.3,119.6,
210,1.82E+02,2.64E+02,2.30E+02,1.93E+02,139,145.4,130.9,127.3,165.8,119,
211,1.82E+02,2.62E+02,2.28E+02,1.92E+02,138.8,144.9,130.8,126.7,165.3,118.4,
212,1.81E+02,2.60E+02,2.27E+02,1.92E+02,138.5,144.4,130.7,126.1,164.8,117.8,
213,1.80E+02,2.58E+02,2.25E+02,1.91E+02,138.3,143.9,130.6,125.6,164.2,117.3,
214,1.79E+02,2.56E+02,2.24E+02,1.90E+02,138.1,143.4,130.5,125.2,163.7,116.7,
215,1.78E+02,2.55E+02,2.22E+02,1.90E+02,137.9,143,130.4,124.8,163.1,116.1,
216,1.78E+02,2.53E+02,2.21E+02,1.89E+02,137.7,142.5,130.3,124.5,162.6,115.9,
217,1.77E+02,2.51E+02,2.19E+02,1.89E+02,137.5,142,130.2,124.3,162,115.6,
218,1.76E+02,2.49E+02,2.18E+02,1.88E+02,137.4,141.6,130.1,124,161.4,114.9,
219,1.75E+02,2.47E+02,2.17E+02,1.87E+02,137.2,141.1,130,123.8,160.9,114.2,
220,1.75E+02,2.45E+02,2.15E+02,1.87E+02,137.1,140.7,129.9,123.7,160.4,113.7,
221,1.74E+02,2.43E+02,2.14E+02,1.86E+02,136.9,140.3,129.8,123.4,159.8,113.2,
222,1.73E+02,2.41E+02,2.12E+02,1.86E+02,136.8,139.9,129.6,123.2,159.3,112.5,
223,1.72E+02,2.40E+02,2.11E+02,1.85E+02,136.7,139.5,129.5,123,158.7,111.9,
224,1.72E+02,2.38E+02,2.10E+02,1.85E+02,136.5,139.1,129.5,123,158.1,111.4,
225,1.71E+02,2.37E+02,2.09E+02,1.84E+02,136.4,138.7,129.3,122.8,157.6,110.9,
226,1.70E+02,2.35E+02,2.07E+02,1.83E+02,136.3,138.3,129.1,122.7,157.1,110.4,
227,1.70E+02,2.34E+02,2.06E+02,1.83E+02,136.2,137.9,128.9,122.4,156.5,109.9,
228,1.69E+02,2.32E+02,2.05E+02,1.82E+02,136.1,137.5,128.7,122.3,155.9,109.5,
229,1.68E+02,2.30E+02,2.04E+02,1.82E+02,136,137.1,128.7,122.2,155.4,108.9,
230,1.67E+02,2.29E+02,2.02E+02,1.81E+02,135.9,136.8,128.4,122,154.9,108.5,
231,1.67E+02,2.27E+02,2.01E+02,1.80E+02,135.7,136.4,128.2,121.9,154.4,108.1,
232,1.66E+02,2.26E+02,2.00E+02,1.79E+02,135.7,136.2,128.1,121.8,153.8,107.6,
233,1.65E+02,2.24E+02,1.98E+02,1.79E+02,135.5,135.9,127.8,121.6,153.3,107.1,
234,1.65E+02,2.23E+02,1.97E+02,1.78E+02,135.4,135.5,127.6,121.5,152.8,106.8,
235,1.64E+02,2.21E+02,1.96E+02,1.77E+02,135.4,135.3,127.3,121.4,152.3,106.4,
236,1.63E+02,2.20E+02,1.95E+02,1.77E+02,135.3,135,127,121.3,151.7,105.9,
237,1.62E+02,2.18E+02,1.93E+02,1.76E+02,135.2,134.8,126.7,121.2,151.2,105.5,
238,1.62E+02,2.17E+02,1.92E+02,1.75E+02,135.1,134.6,126.3,121.1,150.7,105.1,
239,1.61E+02,2.15E+02,1.91E+02,1.74E+02,135,134.4,126,120.9,150.2,104.7,
240,1.60E+02,2.14E+02,1.90E+02,1.74E+02,135,134.2,125.6,120.9,149.6,104.3,
241,1.59E+02,2.12E+02,1.89E+02,1.73E+02,134.9,134.1,125.3,120.8,149.1,103.9,
242,1.59E+02,2.11E+02,1.88E+02,1.72E+02,134.8,134,124.9,120.7,148.6,103.5,
243,1.58E+02,2.10E+02,1.86E+02,1.72E+02,134.8,133.9,124.4,120.6,148.1,103,
244,1.57E+02,2.08E+02,1.85E+02,1.71E+02,134.7,133.8,124.1,120.5,147.6,102.7,
245,1.57E+02,2.07E+02,1.84E+02,1.70E+02,134.7,133.8,123.6,120.5,147.1,102.3,
246,1.56E+02,2.06E+02,1.83E+02,1.70E+02,134.7,133.7,123.2,120.3,146.5,101.9,
247,1.55E+02,2.05E+02,1.82E+02,1.69E+02,134.6,133.6,122.7,120.3,146,101.5,
248,1.55E+02,2.03E+02,1.81E+02,1.68E+02,134.6,133.6,122.2,120.2,145.5,101.1,
249,1.54E+02,2.02E+02,1.80E+02,1.68E+02,134.5,133.5,121.8,120.2,145,100.7,
250,1.53E+02,2.01E+02,1.79E+02,1.67E+02,134.4,133.4,121.3,120.1,144.5,100.2,
251,1.53E+02,2.00E+02,1.78E+02,1.66E+02,134.4,133.3,120.8,120.1,143.9,99.8,
252,1.52E+02,1.98E+02,1.77E+02,1.66E+02,134.3,133.3,120.3,120,143.3,99.4,
253,1.51E+02,1.97E+02,1.76E+02,1.65E+02,134.3,133.3,119.8,120,142.9,98.9,
254,1.51E+02,1.96E+02,1.75E+02,1.65E+02,134.3,133.1,119.2,119.9,142.3,98.5,
255,1.50E+02,1.95E+02,1.74E+02,1.64E+02,134.2,133.1,118.8,119.9,141.8,98.1,
256,1.50E+02,1.94E+02,1.73E+02,1.63E+02,134.1,133,118.3,119.9,141.3,97.8,
257,1.49E+02,1.92E+02,1.72E+02,1.62E+02,134.1,132.9,117.7,119.7,140.7,97.4,
258,1.48E+02,1.91E+02,1.71E+02,1.62E+02,134,132.9,117.2,119.7,140.2,97.1,
259,1.48E+02,1.90E+02,1.70E+02,1.61E+02,134,132.8,116.7,119.6,139.7,96.8,
260,1.47E+02,1.89E+02,1.69E+02,1.60E+02,133.9,132.7,116.1,119.5,139.2,96.6,
261,1.46E+02,1.87E+02,1.68E+02,1.59E+02,133.8,132.6,115.9,119.4,138.6,96.4,
262,1.46E+02,1.86E+02,1.67E+02,1.59E+02,133.8,132.5,115.5,119.4,138.1,96.2,
263,1.45E+02,1.85E+02,1.66E+02,1.58E+02,133.7,132.3,114.8,119.3,137.6,96.1,
264,1.44E+02,1.84E+02,1.65E+02,1.57E+02,133.6,132.2,114.2,119.2,137,95.9,
265,1.44E+02,1.83E+02,1.64E+02,1.56E+02,133.6,132.1,113.6,119.1,136.5,95.9,
266,1.43E+02,1.82E+02,1.63E+02,1.56E+02,133.5,132,113.3,119.1,136,95.8,
267,1.42E+02,1.81E+02,1.62E+02,1.55E+02,133.4,131.9,112.5,119,135.5,95.8,
268,1.42E+02,1.80E+02,1.61E+02,1.54E+02,133.4,131.7,112,118.9,134.9,95.8,
269,1.41E+02,1.78E+02,1.60E+02,1.54E+02,133.3,131.6,111.5,118.8,134.4,95.8,
270,1.40E+02,1.77E+02,1.59E+02,1.53E+02,133.3,131.4,110.9,118.8,133.9,95.8,
271,1.40E+02,1.76E+02,1.59E+02,1.52E+02,133.2,131.2,110.4,118.6,133.4,95.8,
272,1.39E+02,1.75E+02,1.58E+02,1.52E+02,133.1,130.9,109.9,118.5,132.9,95.8,
273,1.39E+02,1.74E+02,1.57E+02,1.51E+02,133,130.8,109.3,118.4,132.3,95.8,
274,1.38E+02,1.73E+02,1.56E+02,1.50E+02,133,130.5,108.8,118.3,131.9,95.7,
275,1.38E+02,1.72E+02,1.55E+02,1.50E+02,132.9,130.2,108.3,118.1,131.4,95.7,
276,1.37E+02,1.71E+02,1.54E+02,1.49E+02,132.8,130,107.8,118,130.9,95.6,
277,1.36E+02,1.70E+02,1.54E+02,1.49E+02,132.7,129.7,107.3,117.9,130.4,95.5,
278,1.36E+02,1.69E+02,1.53E+02,1.48E+02,132.7,129.3,106.7,117.8,129.9,95.3,
279,1.35E+02,1.68E+02,1.52E+02,1.47E+02,132.6,128.9,106.2,117.6,129.4,95.2,
280,1.35E+02,1.67E+02,1.51E+02,1.47E+02,132.5,128.6,105.7,117.5,128.9,95,
281,1.34E+02,1.67E+02,1.50E+02,1.46E+02,132.4,128.1,105.2,117.3,128.5,94.9,
282,1.34E+02,1.66E+02,1.49E+02,1.45E+02,132.3,127.7,104.7,117,127.9,94.7,
283,1.33E+02,1.65E+02,1.49E+02,1.45E+02,132.2,127.1,104.2,116.9,127.5,94.5,
284,1.33E+02,1.64E+02,1.48E+02,1.44E+02,132.2,126.7,103.7,116.6,127,94.3,
285,1.32E+02,1.63E+02,1.47E+02,1.43E+02,132,126.2,103.2,116.2,126.5,94.1,
286,1.31E+02,1.62E+02,1.46E+02,1.43E+02,131.9,125.6,102.7,115.9,126.1,93.9,
287,1.31E+02,1.61E+02,1.45E+02,1.42E+02,131.8,125.1,102.2,115.5,125.6,93.7,
288,1.30E+02,1.60E+02,1.44E+02,1.41E+02,131.7,124.6,101.8,115.1,125.2,93.5,
289,1.30E+02,1.59E+02,1.44E+02,1.41E+02,131.6,124,101.3,114.7,124.7,93.3,
290,1.29E+02,1.58E+02,1.43E+02,1.40E+02,131.6,123.5,100.8,114.3,124.3,93,
291,1.28E+02,1.57E+02,1.42E+02,1.39E+02,131.4,122.9,100.4,113.9,124,92.8,
292,1.28E+02,1.56E+02,1.41E+02,1.39E+02,131.2,122.4,99.9,113.4,123.7,92.6,
293,1.27E+02,1.55E+02,1.41E+02,1.38E+02,131.2,121.8,99.5,113,123.4,92.3,
294,1.27E+02,1.54E+02,1.40E+02,1.38E+02,131.1,121.3,99,112.5,123.1,92.1,
295,1.26E+02,1.54E+02,1.39E+02,1.37E+02,130.9,120.7,98.5,112,122.8,91.9,
296,1.26E+02,1.53E+02,1.38E+02,1.37E+02,130.8,120.2,98.1,111.5,122.6,91.6,
297,1.25E+02,1.52E+02,1.38E+02,1.37E+02,130.6,119.7,97.6,111.1,122.2,91.3,
298,1.25E+02,1.51E+02,1.37E+02,1.36E+02,130.5,119.1,97.3,110.5,122,91.2,
299,1.24E+02,1.50E+02,1.36E+02,1.36E+02,130.4,118.6,96.8,110.1,121.8,90.9,
300,1.23E+02,1.49E+02,1.36E+02,1.36E+02,130.3,118,96.4,109.6,121.4,90.7,
301,1.23E+02,1.49E+02,1.35E+02,1.35E+02,130.1,117.5,96,109.2,121.2,90.4,
302,1.22E+02,1.48E+02,1.34E+02,1.35E+02,130.1,117,95.6,108.7,121,90.2,
303,1.22E+02,1.47E+02,1.34E+02,1.35E+02,129.9,116.5,95.2,108.2,120.6,90,
304,1.21E+02,1.46E+02,1.33E+02,1.35E+02,129.8,115.9,94.7,107.8,120.3,89.8,
305,1.21E+02,1.45E+02,1.32E+02,1.34E+02,129.6,115.5,94.4,107.3,119.9,89.6,
306,1.20E+02,1.45E+02,1.31E+02,1.34E+02,129.5,114.8,93.9,106.8,119.6,89.5,
307,1.20E+02,1.44E+02,1.31E+02,1.34E+02,129.3,114.4,93.5,106.4,119.2,89.2,
308,1.19E+02,1.43E+02,1.30E+02,1.34E+02,129.1,113.9,93.2,106,118.8,89.1,
309,1.18E+02,1.42E+02,1.29E+02,1.33E+02,129,113.4,92.8,105.5,118.4,88.8,
310,1.18E+02,1.41E+02,1.28E+02,1.33E+02,128.9,112.8,92.4,105,118.1,88.7,
311,1.17E+02,1.40E+02,1.28E+02,1.33E+02,128.6,112.4,92,104.6,117.6,88.5,
312,1.17E+02,1.39E+02,1.27E+02,1.33E+02,128.4,111.8,91.6,104.1,117.2,88.3,
313,1.16E+02,1.39E+02,1.26E+02,1.32E+02,128.2,111.3,91.2,103.6,116.7,88.1,
314,1.16E+02,1.38E+02,1.26E+02,1.32E+02,128.1,110.8,90.8,103.2,116.3,87.9,
315,1.15E+02,1.37E+02,1.25E+02,1.32E+02,127.9,110.3,90.5,102.7,115.8,87.8,
316,1.15E+02,1.36E+02,1.24E+02,1.32E+02,127.7,109.8,90.1,102.2,115.3,87.5,
317,1.14E+02,1.36E+02,1.24E+02,1.31E+02,127.4,109.3,89.7,101.8,115,87.3,
318,1.14E+02,1.35E+02,1.23E+02,1.31E+02,127.2,108.8,89.4,101.3,114.4,87.2,
319,1.13E+02,1.34E+02,1.23E+02,1.31E+02,127,108.3,89,100.8,113.9,87,
320,1.13E+02,1.34E+02,1.22E+02,1.31E+02,126.7,107.9,88.6,100.4,113.5,86.7,
321,1.12E+02,1.33E+02,1.21E+02,1.30E+02,126.4,107.4,88.3,99.9,113,86.6,
322,1.12E+02,1.32E+02,1.21E+02,1.30E+02,126.1,106.9,87.9,99.5,112.5,86.4,
323,1.12E+02,1.32E+02,1.20E+02,1.30E+02,125.7,106.5,87.6,99,112.2,86.2,
324,1.12E+02,1.31E+02,1.20E+02,1.30E+02,125.5,106.1,87.3,98.6,111.7,86.1,
325,1.11E+02,1.31E+02,1.19E+02,1.29E+02,125.1,105.6,87,98.2,111.2,85.8,
326,1.11E+02,1.30E+02,1.19E+02,1.29E+02,124.8,105.2,86.6,97.8,110.8,85.6,
327,1.11E+02,1.29E+02,1.18E+02,1.29E+02,124.3,104.7,86.3,97.4,110.4,85.5,
328,1.11E+02,1.28E+02,1.18E+02,1.29E+02,123.8,104.2,86,97,109.9,85.3,
329,1.11E+02,1.28E+02,1.17E+02,1.28E+02,123.5,103.8,85.7,96.5,109.5,85.2,
330,1.11E+02,1.27E+02,1.16E+02,1.28E+02,123,103.5,85.4,96.2,109.1,85,
331,1.11E+02,1.26E+02,1.16E+02,1.28E+02,122.6,103,85,95.8,108.6,84.8,
332,1.10E+02,1.26E+02,1.15E+02,1.27E+02,122.1,102.6,84.7,95.5,108.2,84.6,
333,1.10E+02,1.25E+02,1.15E+02,1.27E+02,121.6,102.2,84.4,95,107.8,84.5,
334,1.10E+02,1.24E+02,1.14E+02,1.26E+02,121.2,101.8,84.1,94.7,107.4,84.4,
335,1.10E+02,1.24E+02,1.13E+02,1.26E+02,120.7,101.4,83.8,94.3,107,84.1,
336,1.10E+02,1.23E+02,1.13E+02,1.26E+02,120.2,101,83.5,93.9,106.5,84,
337,1.10E+02,1.22E+02,1.12E+02,1.25E+02,119.7,100.5,83.1,93.5,106.1,83.8,
338,1.10E+02,1.22E+02,1.12E+02,1.25E+02,119.2,100.1,82.8,93.1,105.6,83.7,
339,1.10E+02,1.21E+02,1.11E+02,1.24E+02,118.7,99.7,82.6,92.6,105.2,83.5,
340,1.10E+02,1.20E+02,1.11E+02,1.24E+02,118.2,99.3,82.3,92.2,104.7,83.3,
341,1.10E+02,1.20E+02,1.10E+02,1.24E+02,117.7,99,82,91.8,104.3,83.1,
342,1.10E+02,1.19E+02,1.09E+02,1.23E+02,117.2,98.6,81.7,91.5,103.9,83,
343,1.10E+02,1.18E+02,1.09E+02,1.23E+02,116.7,98.2,81.4,91,103.5,82.8,
344,1.10E+02,1.18E+02,1.08E+02,1.23E+02,116.2,97.8,81.2,90.7,103,82.6,
345,1.09E+02,1.17E+02,1.08E+02,1.22E+02,115.8,97.5,80.9,90.2,102.6,82.4,
346,1.09E+02,1.17E+02,1.07E+02,1.22E+02,115.3,97.1,80.6,89.9,102.2,82.3,
347,1.09E+02,1.16E+02,1.07E+02,1.21E+02,114.8,96.7,80.4,89.5,101.8,82.1,
348,1.09E+02,1.16E+02,1.06E+02,1.21E+02,114.3,96.4,80.1,89.2,101.3,82,
349,1.09E+02,1.15E+02,1.06E+02,1.20E+02,113.8,95.9,79.8,88.8,100.9,81.8,
350,1.09E+02,1.14E+02,1.05E+02,1.20E+02,113.3,95.6,79.5,88.4,100.5,81.6,
351,1.09E+02,1.14E+02,1.05E+02,1.19E+02,112.7,95.3,79.3,88.1,100.1,81.5,
352,1.09E+02,1.13E+02,1.04E+02,1.19E+02,112.2,94.9,79,87.8,99.7,81.4,
353,1.09E+02,1.13E+02,1.04E+02,1.18E+02,111.8,94.6,78.7,87.5,99.3,81.2,
354,1.09E+02,1.12E+02,1.03E+02,1.18E+02,111.3,94.2,78.4,87.1,98.9,81.1,
355,1.08E+02,1.11E+02,1.03E+02,1.17E+02,110.8,93.9,78.2,86.7,98.5,80.9,
356,1.08E+02,1.11E+02,1.02E+02,1.16E+02,110.3,93.5,78,86.4,98.1,80.8,
357,1.08E+02,1.10E+02,1.02E+02,1.16E+02,109.8,93.2,77.7,86.1,97.7,80.6,
358,1.08E+02,1.10E+02,1.01E+02,1.15E+02,109.3,92.8,77.4,85.8,97.4,80.5,
359,1.08E+02,1.09E+02,1.01E+02,1.15E+02,108.8,92.5,77.1,85.6,97.1,80.3,
360,1.08E+02,1.08E+02,1.00E+02,1.14E+02,108.2,92.1,76.8,85.2,96.7,80.2,
361,1.08E+02,1.08E+02,9.95E+01,1.13E+02,107.8,91.8,76.6,84.9,96.3,80,
362,1.07E+02,1.07E+02,9.90E+01,1.13E+02,107.3,91.5,76.3,84.6,95.9,79.9,
363,1.07E+02,1.07E+02,9.85E+01,1.12E+02,106.8,91.2,76.1,84.3,95.5,79.7,
364,1.07E+02,1.06E+02,9.81E+01,1.12E+02,106.4,90.8,75.8,84.1,95.1,79.6,
365,1.07E+02,1.06E+02,9.76E+01,1.11E+02,105.9,90.5,75.6,83.8,94.8,79.4,
366,1.07E+02,1.05E+02,9.72E+01,1.11E+02,105.5,90.2,75.3,83.5,94.4,79.3,
367,1.07E+02,1.05E+02,9.67E+01,1.10E+02,105,89.9,75.1,83.2,94,79.1,
368,1.07E+02,1.04E+02,9.62E+01,1.10E+02,104.5,89.6,74.8,83.1,93.6,79,
369,1.06E+02,1.04E+02,9.58E+01,1.09E+02,104.1,89.3,74.5,82.8,93.3,78.9,
370,1.06E+02,1.03E+02,9.54E+01,1.09E+02,103.6,89,74.3,82.6,93,78.6,
371,1.06E+02,1.03E+02,9.50E+01,1.08E+02,103.1,88.6,74.1,82.3,92.5,78.5,
372,1.06E+02,1.02E+02,9.46E+01,1.07E+02,102.7,88.3,73.8,82,92.2,78.4,
373,1.06E+02,1.02E+02,9.43E+01,1.07E+02,102.2,88,73.5,81.8,91.8,78.2,
374,1.06E+02,1.01E+02,9.39E+01,1.07E+02,101.7,87.7,73.3,81.5,91.5,78.2,
375,1.06E+02,1.01E+02,9.34E+01,1.06E+02,101.4,87.4,73.1,81.4,91.1,77.9,
376,1.05E+02,1.02E+02,9.30E+01,1.05E+02,100.8,87.2,72.9,81.2,90.8,77.8,
377,1.05E+02,1.02E+02,9.26E+01,1.05E+02,100.4,86.8,72.6,80.9,90.4,77.7,
378,1.05E+02,1.03E+02,9.22E+01,1.04E+02,100,86.6,72.4,80.7,90.1,77.4,
379,1.05E+02,1.03E+02,9.17E+01,1.04E+02,99.6,86.3,72.1,80.5,89.8,77.4,
380,1.05E+02,1.04E+02,9.13E+01,1.03E+02,99.1,85.9,71.9,80.3,89.4,77.3,
381,1.04E+02,1.05E+02,9.09E+01,1.03E+02,98.7,85.6,71.6,80.1,89.1,77.1,
382,1.04E+02,1.05E+02,9.04E+01,1.02E+02,98.2,85.3,71.4,79.9,88.7,77,
383,1.04E+02,1.06E+02,9.00E+01,1.01E+02,97.8,85,71.2,79.6,88.4,76.8,
384,1.03E+02,1.06E+02,8.95E+01,1.01E+02,97.4,84.8,70.9,79.4,88,76.7,
385,1.03E+02,1.06E+02,8.91E+01,1.00E+02,97,84.5,70.8,79.1,87.7,76.5,
386,1.03E+02,1.07E+02,8.86E+01,9.96E+01,96.5,84.3,70.5,78.9,87.3,76.4,
387,1.02E+02,1.07E+02,8.82E+01,9.90E+01,96.2,84,70.3,78.7,87,76.3,
388,1.02E+02,1.08E+02,8.78E+01,9.85E+01,95.8,83.7,70.1,78.5,86.7,76.1,
389,1.02E+02,1.08E+02,8.74E+01,9.80E+01,95.3,83.4,69.9,78.2,86.4,76,
390,1.01E+02,1.08E+02,8.70E+01,9.75E+01,95,83.1,69.7,78,86,75.9,
391,1.01E+02,1.09E+02,8.65E+01,9.69E+01,94.5,82.9,69.4,77.7,85.6,75.8,
392,1.00E+02,1.09E+02,8.62E+01,9.64E+01,94.1,82.6,69.2,77.4,85.3,75.6,
393,9.99E+01,1.09E+02,8.58E+01,9.59E+01,93.8,82.4,69,77.2,85,75.5,
394,9.95E+01,1.09E+02,8.54E+01,9.55E+01,93.3,82,68.8,77,84.7,75.3,
395,9.91E+01,1.09E+02,8.51E+01,9.51E+01,92.9,81.8,68.6,76.8,84.4,75.2,
396,9.86E+01,1.09E+02,8.48E+01,9.46E+01,92.5,81.5,68.3,76.5,84,75,
397,9.82E+01,1.10E+02,8.44E+01,9.41E+01,92.2,81.3,68.2,76.2,83.7,74.9,
398,9.77E+01,1.10E+02,8.41E+01,9.37E+01,91.8,81,67.9,76.1,83.4,74.8,
399,9.72E+01,1.10E+02,8.38E+01,9.32E+01,91.4,80.7,67.7,75.8,83.1,74.7,
400,9.67E+01,1.10E+02,8.34E+01,9.27E+01,91,80.5,67.4,75.5,82.9,74.5,
401,9.62E+01,1.10E+02,8.31E+01,9.22E+01,90.6,80.2,67.2,75.3,82.5,74.4,
402,9.57E+01,1.10E+02,8.28E+01,9.17E+01,90.2,80,67.1,75,82.2,74.3,
403,9.52E+01,1.10E+02,8.25E+01,9.12E+01,89.9,79.7,66.8,74.8,81.9,74.2,
404,9.47E+01,1.10E+02,8.23E+01,9.07E+01,89.6,79.4,66.6,74.7,81.6,74.1,
405,9.42E+01,1.10E+02,8.21E+01,9.02E+01,89.2,79.3,66.3,74.4,81.3,74,
406,9.37E+01,1.10E+02,8.19E+01,8.97E+01,88.8,78.9,66.2,74.1,81.1,73.9,
407,9.31E+01,1.10E+02,8.16E+01,8.92E+01,88.4,78.6,65.9,73.9,80.8,73.8,
408,9.26E+01,1.10E+02,8.15E+01,8.87E+01,88.2,78.5,65.8,73.7,80.5,73.6,
409,9.21E+01,1.10E+02,8.13E+01,8.82E+01,87.8,78.2,65.6,73.5,80.2,73.6,
410,9.16E+01,1.10E+02,8.12E+01,8.78E+01,87.5,78,65.4,73.3,79.9,73.5,
411,9.11E+01,1.10E+02,8.10E+01,8.73E+01,87.2,77.7,65.2,73,79.7,73.4,
412,9.06E+01,1.10E+02,8.09E+01,8.69E+01,86.7,77.5,65,72.8,79.4,73.3,
413,9.01E+01,1.10E+02,8.08E+01,8.65E+01,86.4,77.3,64.8,72.6,79.1,73.3,
414,8.96E+01,1.10E+02,8.07E+01,8.61E+01,86.1,77,64.6,72.3,78.8,73.2,
415,8.91E+01,1.10E+02,8.06E+01,8.57E+01,85.8,76.8,64.4,72.1,78.5,73.2,
416,8.86E+01,1.10E+02,8.05E+01,8.52E+01,85.4,76.5,64.2,71.9,78.2,73.2,
417,8.81E+01,1.10E+02,8.04E+01,8.48E+01,85.1,76.4,64,71.6,77.9,73.2,
418,8.77E+01,1.10E+02,8.03E+01,8.45E+01,84.7,76.1,63.9,71.3,77.6,73.3,
419,8.72E+01,1.10E+02,8.02E+01,8.41E+01,84.4,75.9,63.6,71.2,77.4,73.3,
420,8.68E+01,1.10E+02,8.01E+01,8.37E+01,84.1,75.6,63.4,70.9,77.1,73.4,
421,8.64E+01,1.10E+02,8.00E+01,8.33E+01,83.8,75.4,63.3,70.7,76.8,73.5,
422,8.59E+01,1.10E+02,8.00E+01,8.30E+01,83.4,75.1,63.1,70.4,76.5,73.6,
423,8.55E+01,1.10E+02,7.99E+01,8.26E+01,83.1,74.9,62.9,70.3,76.3,73.7,
424,8.50E+01,1.10E+02,7.98E+01,8.22E+01,82.8,74.7,62.7,70,76.1,73.8,
425,8.46E+01,1.10E+02,7.97E+01,8.18E+01,82.4,74.5,62.5,69.8,75.8,74,
426,8.42E+01,1.10E+02,7.96E+01,8.14E+01,82.1,74.2,62.4,69.5,75.6,74.1,
427,8.37E+01,1.09E+02,7.94E+01,8.10E+01,81.8,74.1,62.2,69.3,75.3,74.2,
428,8.32E+01,1.09E+02,7.93E+01,8.05E+01,81.5,73.8,62.1,69.1,75,74.4,
429,8.28E+01,1.09E+02,7.92E+01,8.01E+01,81.2,73.6,61.8,68.9,74.7,74.5,
430,8.24E+01,1.09E+02,7.91E+01,7.97E+01,80.9,73.4,61.7,68.6,74.5,74.7,
431,8.19E+01,1.09E+02,7.90E+01,7.93E+01,80.6,73.2,61.5,68.5,74.2,74.7,
432,8.15E+01,1.09E+02,7.89E+01,7.89E+01,80.3,72.9,61.4,68.2,74,74.8,
433,8.10E+01,1.09E+02,7.87E+01,7.85E+01,80,72.8,61.2,68,73.7,75,
434,8.06E+01,1.09E+02,7.86E+01,7.81E+01,79.7,72.5,61,67.8,73.4,75.1,
435,8.01E+01,1.09E+02,7.84E+01,7.77E+01,79.4,72.3,60.8,67.5,73.2,75.2,
436,7.97E+01,1.09E+02,7.83E+01,7.74E+01,79.1,72.1,60.7,67.2,73,75.3,
437,7.93E+01,1.09E+02,7.82E+01,7.70E+01,78.8,71.9,60.5,67.1,72.6,75.4,
438,7.89E+01,1.09E+02,7.81E+01,7.66E+01,78.6,71.7,60.4,66.8,72.4,75.5,
439,7.85E+01,1.09E+02,7.80E+01,7.63E+01,78.3,71.5,60.2,66.6,72.1,75.6,
440,7.81E+01,1.09E+02,7.79E+01,7.59E+01,77.9,71.3,60.1,66.4,71.9,75.7,
441,7.77E+01,1.08E+02,7.77E+01,7.56E+01,77.7,71.1,59.9,66.2,71.6,75.8,
442,7.74E+01,1.08E+02,7.76E+01,7.53E+01,77.4,70.9,59.8,65.9,71.3,75.8,
443,7.70E+01,1.08E+02,7.75E+01,7.50E+01,77.1,70.7,59.6,65.7,71.2,75.9,
444,7.66E+01,1.08E+02,7.74E+01,7.47E+01,76.9,70.5,59.5,65.5,70.9,76,
445,7.62E+01,1.08E+02,7.73E+01,7.44E+01,76.6,70.3,59.3,65.3,70.6,76,
446,7.58E+01,1.08E+02,7.71E+01,7.41E+01,76.3,70.1,59.2,65.1,70.4,76,
447,7.54E+01,1.08E+02,7.70E+01,7.38E+01,76.1,69.9,59,64.9,70.1,76.1,
448,7.51E+01,1.08E+02,7.69E+01,7.35E+01,75.8,69.7,58.9,64.7,69.9,76.1,
449,7.47E+01,1.08E+02,7.67E+01,7.31E+01,75.5,69.5,58.7,64.4,69.7,76.1,
450,7.44E+01,1.08E+02,7.66E+01,7.28E+01,75.2,69.4,58.5,64.3,69.5,76.1,
451,7.41E+01,1.08E+02,7.64E+01,7.25E+01,75,69.1,58.4,64.1,69.2,76.1,
452,7.37E+01,1.07E+02,7.63E+01,7.21E+01,74.7,68.9,58.3,63.9,69,76.1,
453,7.34E+01,1.07E+02,7.61E+01,7.18E+01,74.5,68.8,58.1,63.7,68.8,76,
454,7.29E+01,1.07E+02,7.60E+01,7.15E+01,74.2,68.5,58,63.4,68.5,75.9,
455,7.26E+01,1.07E+02,7.58E+01,7.11E+01,73.9,68.3,57.8,63.3,68.3,75.9,
456,7.22E+01,1.07E+02,7.57E+01,7.07E+01,73.8,68.2,57.7,63,68.2,75.8,
457,7.18E+01,1.06E+02,7.55E+01,7.04E+01,73.5,68,57.5,62.8,67.8,75.7,
458,7.15E+01,1.06E+02,7.53E+01,7.01E+01,73.3,67.8,57.4,62.7,67.7,75.6,
459,7.11E+01,1.06E+02,7.52E+01,6.98E+01,73,67.7,57.2,62.5,67.4,75.5,
460,7.08E+01,1.06E+02,7.51E+01,6.95E+01,72.8,67.4,57,62.4,67.2,75.4,
461,7.04E+01,1.06E+02,7.49E+01,6.92E+01,72.5,67.3,56.9,62.1,67,75.1,
462,7.01E+01,1.06E+02,7.48E+01,6.89E+01,72.3,67,56.8,61.9,66.8,75,
463,6.98E+01,1.05E+02,7.47E+01,6.86E+01,72,66.9,56.7,61.7,66.5,74.9,
464,6.95E+01,1.05E+02,7.45E+01,6.84E+01,71.8,66.6,56.6,61.5,66.3,74.7,
465,6.92E+01,1.05E+02,7.44E+01,6.81E+01,71.6,66.5,56.3,61.3,66.1,74.5,
466,6.89E+01,1.05E+02,7.44E+01,6.78E+01,71.4,66.3,56.3,61.2,65.9,74.4,
467,6.85E+01,1.05E+02,7.43E+01,6.75E+01,71.1,66.2,56.1,61,65.7,74.1,
468,6.82E+01,1.04E+02,7.42E+01,6.73E+01,70.9,66,56,60.7,65.4,73.9,
469,6.79E+01,1.04E+02,7.41E+01,6.71E+01,70.7,65.8,55.8,60.6,65.3,73.6,
470,6.76E+01,1.04E+02,7.40E+01,6.68E+01,70.4,65.6,55.7,60.4,65.1,73.3,
471,6.73E+01,1.04E+02,7.40E+01,6.65E+01,70.3,65.5,55.7,60.2,64.8,73.1,
472,6.71E+01,1.04E+02,7.39E+01,6.63E+01,70.1,65.3,55.5,60,64.7,72.9,
473,6.67E+01,1.03E+02,7.38E+01,6.60E+01,69.8,65.1,55.3,59.8,64.4,72.6,
474,6.64E+01,1.03E+02,7.38E+01,6.58E+01,69.6,65,55.2,59.6,64.2,72.3,
475,6.62E+01,1.03E+02,7.37E+01,6.55E+01,69.4,64.8,55,59.5,64,72.1,
476,6.59E+01,1.02E+02,7.37E+01,6.52E+01,69.2,64.6,55,59.3,63.8,71.9,
477,6.56E+01,1.02E+02,7.37E+01,6.49E+01,69,64.5,54.8,59.2,63.7,71.6,
478,6.53E+01,1.01E+02,7.36E+01,6.46E+01,68.8,64.2,54.7,59,63.4,71.4,
479,6.50E+01,1.01E+02,7.36E+01,6.42E+01,68.6,64.1,54.6,58.9,63.3,71.2,
480,6.47E+01,1.00E+02,7.36E+01,6.40E+01,68.3,63.9,54.5,58.7,63,70.9,
481,6.43E+01,9.96E+01,7.36E+01,6.37E+01,68.2,63.7,54.3,58.6,63,70.7,
482,6.40E+01,9.91E+01,7.35E+01,6.34E+01,68,63.6,54.2,58.4,62.7,70.5,
483,6.38E+01,9.86E+01,7.35E+01,6.31E+01,67.7,63.4,54.1,58.3,62.5,70.3,
484,6.35E+01,9.81E+01,7.35E+01,6.29E+01,67.5,63.2,54,58.1,62.4,70,
485,6.32E+01,9.76E+01,7.35E+01,6.26E+01,67.3,63.1,53.9,57.9,62.1,69.8,
486,6.29E+01,9.70E+01,7.34E+01,6.24E+01,67.1,62.9,53.6,57.8,62,69.5,
487,6.26E+01,9.64E+01,7.34E+01,6.22E+01,66.9,62.8,53.5,57.6,61.8,69.2,
488,6.24E+01,9.59E+01,7.34E+01,6.19E+01,66.6,62.5,53.4,57.4,61.6,69,
489,6.21E+01,9.54E+01,7.34E+01,6.17E+01,66.4,62.4,53.2,57.2,61.5,68.8,
490,6.18E+01,9.49E+01,7.34E+01,6.15E+01,66.2,62.2,53.2,57.1,61.3,68.6,
491,6.16E+01,9.44E+01,7.33E+01,6.12E+01,66,62.1,53.1,56.9,61,68.3,
492,6.13E+01,9.38E+01,7.33E+01,6.09E+01,65.9,61.9,52.9,56.7,60.9,68.1,
493,6.10E+01,9.33E+01,7.32E+01,6.07E+01,65.6,61.7,52.8,56.6,60.7,67.8,
494,6.08E+01,9.28E+01,7.32E+01,6.04E+01,65.4,61.6,52.6,56.4,60.5,67.5,
495,6.05E+01,9.23E+01,7.32E+01,6.02E+01,65.3,61.5,52.6,56.3,60.3,67.4,
496,6.03E+01,9.17E+01,7.32E+01,6.00E+01,65,61.2,52.5,56.2,60.1,67.1,
497,6.00E+01,9.12E+01,7.32E+01,5.97E+01,64.8,61.2,52.3,56,59.9,66.9,
498,5.97E+01,9.07E+01,7.31E+01,5.95E+01,64.6,60.9,52.2,55.8,59.8,66.7,
499,5.95E+01,9.03E+01,7.31E+01,5.92E+01,64.4,60.7,52.1,55.7,59.6,66.5,
500,5.92E+01,8.98E+01,7.31E+01,5.91E+01,64.2,60.6,52,55.5,59.4,66.2,
501,5.90E+01,8.93E+01,7.31E+01,5.88E+01,64,60.4,51.9,55.4,59.3,66,
502,5.88E+01,8.88E+01,7.30E+01,5.86E+01,63.9,60.2,51.7,55.2,59.1,65.8,
503,5.85E+01,8.83E+01,7.30E+01,5.84E+01,63.6,60.1,51.6,55.1,58.9,65.7,
504,5.83E+01,8.79E+01,7.30E+01,5.82E+01,63.4,59.9,51.6,54.9,58.7,65.4,
505,5.81E+01,8.74E+01,7.30E+01,5.80E+01,63.2,59.8,51.4,54.8,58.6,65.2,
506,5.79E+01,8.70E+01,7.30E+01,5.77E+01,63,59.6,51.3,54.6,58.4,65,
507,5.76E+01,8.64E+01,7.29E+01,5.75E+01,62.8,59.5,51.2,54.5,58.3,64.8,
508,5.73E+01,8.60E+01,7.29E+01,5.73E+01,62.6,59.4,51.1,54.3,58.1,64.6,
509,5.71E+01,8.55E+01,7.29E+01,5.71E+01,62.5,59.2,51,54.2,57.9,64.4,
510,5.69E+01,8.50E+01,7.29E+01,5.69E+01,62.2,59,50.9,54,57.7,64.1,
511,5.66E+01,8.46E+01,7.28E+01,5.67E+01,62.1,58.9,50.8,53.8,57.5,64,
512,5.64E+01,8.42E+01,7.28E+01,5.65E+01,61.9,58.7,50.7,53.7,57.4,63.7,
513,5.62E+01,8.37E+01,7.28E+01,5.63E+01,61.8,58.6,50.5,53.4,57.2,63.5,
514,5.60E+01,8.33E+01,7.27E+01,5.60E+01,61.5,58.4,50.5,53.3,57,63.3,
515,5.58E+01,8.29E+01,7.27E+01,5.59E+01,61.3,58.3,50.3,53.1,56.9,63.1,
516,5.56E+01,8.25E+01,7.27E+01,5.57E+01,61.2,58.1,50.2,53,56.7,63,
517,5.54E+01,8.21E+01,7.27E+01,5.56E+01,61,58,50.2,52.8,56.5,62.7,
518,5.52E+01,8.17E+01,7.26E+01,5.54E+01,60.8,57.8,50,52.7,56.3,62.5,
519,5.50E+01,8.13E+01,7.26E+01,5.52E+01,60.7,57.7,49.9,52.5,56.2,62.4,
520,5.48E+01,8.09E+01,7.26E+01,5.51E+01,60.5,57.5,49.8,52.4,56,62.1,
521,5.46E+01,8.06E+01,7.25E+01,5.49E+01,60.3,57.4,49.7,52.2,55.8,62,
522,5.44E+01,8.02E+01,7.25E+01,5.47E+01,60.1,57.2,49.6,52.1,55.7,61.8,
523,5.43E+01,7.98E+01,7.24E+01,5.46E+01,59.9,57.2,49.5,52,55.5,61.6,
524,5.41E+01,7.95E+01,7.24E+01,5.44E+01,59.8,57,49.4,51.7,55.4,61.4,
525,5.39E+01,7.91E+01,7.23E+01,5.43E+01,59.6,56.9,49.3,51.7,55.2,61.3,
526,5.37E+01,7.87E+01,7.23E+01,5.40E+01,59.4,56.7,49.1,51.6,55.1,61.1,
527,5.35E+01,7.84E+01,7.22E+01,5.39E+01,59.2,56.6,49.1,51.4,54.9,61,
528,5.33E+01,7.80E+01,7.21E+01,5.37E+01,59.1,56.4,49,51.3,54.8,60.8,
529,5.31E+01,7.76E+01,7.20E+01,5.35E+01,58.9,56.3,48.8,51.1,54.6,60.7,
530,5.29E+01,7.72E+01,7.19E+01,5.33E+01,58.7,56.2,48.8,51,54.5,60.5,
531,5.28E+01,7.68E+01,7.18E+01,5.31E+01,58.5,56,48.7,50.8,54.3,60.3,
532,5.26E+01,7.64E+01,7.16E+01,5.29E+01,58.4,55.9,48.6,50.7,54.2,60.2,
533,5.24E+01,7.60E+01,7.15E+01,5.28E+01,58.2,55.7,48.5,50.6,54.1,60,
534,5.22E+01,7.56E+01,7.13E+01,5.26E+01,58,55.7,48.4,50.4,53.9,59.9,
535,5.20E+01,7.53E+01,7.12E+01,5.24E+01,57.8,55.5,48.3,50.4,53.7,59.7,
536,5.18E+01,7.50E+01,7.10E+01,5.23E+01,57.7,55.3,48.2,50.2,53.6,59.6,
537,5.16E+01,7.46E+01,7.09E+01,5.21E+01,57.5,55.2,48.1,50.1,53.4,59.3,
538,5.15E+01,7.43E+01,7.07E+01,5.19E+01,57.4,55.1,48,49.9,53.3,59.3,
539,5.13E+01,7.39E+01,7.05E+01,5.18E+01,57.2,55,47.9,49.8,53.1,59.1,
540,5.12E+01,7.36E+01,7.04E+01,5.16E+01,57,54.8,47.8,49.7,53,58.9,
541,5.10E+01,7.33E+01,7.02E+01,5.15E+01,56.9,54.6,47.7,49.6,52.8,58.8,
542,5.08E+01,7.29E+01,7.00E+01,5.13E+01,56.7,54.5,47.6,49.4,52.8,58.6,
543,5.06E+01,7.25E+01,6.97E+01,5.12E+01,56.6,54.4,47.5,49.3,52.6,58.5,
544,5.05E+01,7.22E+01,6.95E+01,5.10E+01,56.4,54.3,47.5,49.1,52.3,58.3,
545,5.03E+01,7.19E+01,6.93E+01,5.08E+01,56.3,54.2,47.3,49,52.3,58.2,
546,5.01E+01,7.15E+01,6.90E+01,5.07E+01,56.1,54,47.2,48.8,52.1,58,
547,4.99E+01,7.11E+01,6.87E+01,5.05E+01,55.9,53.9,47.1,48.7,52,57.9,
548,4.97E+01,7.07E+01,6.84E+01,5.03E+01,55.7,53.7,47,48.7,51.9,57.8,
549,4.95E+01,7.04E+01,6.82E+01,5.01E+01,55.6,53.6,46.9,48.5,51.7,57.6,
550,4.93E+01,7.01E+01,6.79E+01,4.98E+01,55.4,53.5,46.7,48.4,51.7,57.5,
551,4.91E+01,6.97E+01,6.75E+01,4.96E+01,55.3,53.4,46.7,48.3,51.5,57.4,
552,4.89E+01,6.93E+01,6.72E+01,4.94E+01,55.1,53.2,46.7,48.2,51.4,57.2,
553,4.87E+01,6.90E+01,6.70E+01,4.92E+01,55,53.1,46.6,48,51.3,57,
554,4.86E+01,6.86E+01,6.67E+01,4.90E+01,54.8,52.9,46.4,47.9,51.1,56.9,
555,4.84E+01,6.83E+01,6.64E+01,4.89E+01,54.7,52.9,46.4,47.8,51,56.7,
556,4.82E+01,6.79E+01,6.61E+01,4.87E+01,54.5,52.7,46.2,47.6,50.9,56.6,
557,4.80E+01,6.75E+01,6.58E+01,4.85E+01,54.3,52.6,46.1,47.6,50.7,56.5,
558,4.79E+01,6.72E+01,6.55E+01,4.83E+01,54.2,52.5,46.1,47.4,50.6,56.3,
559,4.77E+01,6.69E+01,6.52E+01,4.82E+01,54,52.3,45.9,47.3,50.4,56.2,
560,4.76E+01,6.66E+01,6.49E+01,4.80E+01,53.9,52.2,45.8,47.2,50.4,56,
561,4.74E+01,6.63E+01,6.47E+01,4.79E+01,53.7,52,45.7,47,50.2,55.9,
562,4.72E+01,6.60E+01,6.43E+01,4.77E+01,53.6,51.9,45.7,46.9,50.1,55.8,
563,4.71E+01,6.56E+01,6.41E+01,4.76E+01,53.4,51.8,45.6,46.8,49.9,55.6,
564,4.69E+01,6.54E+01,6.39E+01,4.75E+01,53.2,51.7,45.5,46.7,49.8,55.5,
565,4.68E+01,6.51E+01,6.36E+01,4.73E+01,53.1,51.6,45.4,46.6,49.7,55.3,
566,4.66E+01,6.48E+01,6.33E+01,4.72E+01,52.9,51.4,45.3,46.4,49.6,55.2,
567,4.65E+01,6.45E+01,6.31E+01,4.71E+01,52.8,51.3,45.2,46.2,49.4,55.1,
568,4.64E+01,6.42E+01,6.28E+01,4.70E+01,52.6,51.2,45.1,46.2,49.3,54.9,
569,4.62E+01,6.39E+01,6.25E+01,4.68E+01,52.6,51.1,45,46.1,49.1,54.8,
570,4.61E+01,6.36E+01,6.23E+01,4.67E+01,52.4,50.9,45,45.9,49,54.6,
571,4.59E+01,6.33E+01,6.20E+01,4.65E+01,52.2,50.9,44.9,45.9,48.9,54.5,
572,4.58E+01,6.30E+01,6.17E+01,4.64E+01,52.1,50.7,44.7,45.8,48.8,54.3,
573,4.56E+01,6.26E+01,6.15E+01,4.62E+01,52,50.6,44.7,45.6,48.7,54.2,
574,4.54E+01,6.24E+01,6.12E+01,4.61E+01,51.9,50.5,44.6,45.5,48.5,54.1,
575,4.53E+01,6.21E+01,6.09E+01,4.59E+01,51.7,50.4,44.5,45.4,48.4,53.9,
576,4.51E+01,6.18E+01,6.07E+01,4.57E+01,51.6,50.2,44.5,45.2,48.3,53.8,
577,4.50E+01,6.15E+01,6.04E+01,4.56E+01,51.5,50.2,44.4,45.2,48.2,53.7,
578,4.48E+01,6.12E+01,6.01E+01,4.54E+01,51.3,50.1,44.3,45,48.1,53.5,
579,4.46E+01,6.09E+01,5.98E+01,4.53E+01,51.2,49.9,44.2,44.9,47.9,53.4,
580,4.45E+01,6.06E+01,5.96E+01,4.51E+01,51.1,49.8,44.1,44.9,47.8,53.2,
581,4.43E+01,6.03E+01,5.93E+01,4.50E+01,51,49.7,44,44.7,47.7,53.1,
582,4.42E+01,6.00E+01,5.91E+01,4.48E+01,50.8,49.6,44,44.6,47.6,53,
583,4.40E+01,5.97E+01,5.88E+01,4.47E+01,50.7,49.5,43.8,44.5,47.5,52.8,
584,4.39E+01,5.95E+01,5.86E+01,4.45E+01,50.5,49.3,43.8,44.4,47.3,52.7,
585,4.37E+01,5.92E+01,5.84E+01,4.44E+01,50.4,49.3,43.7,44.3,47.2,52.5,
586,4.36E+01,5.90E+01,5.81E+01,4.43E+01,50.3,49.1,43.7,44.2,47,52.4,
587,4.34E+01,5.87E+01,5.79E+01,4.42E+01,50.2,49.1,43.7,44,46.9,52.3,
588,4.33E+01,5.84E+01,5.76E+01,4.40E+01,50.1,49,43.6,43.9,46.9,52.1,
589,4.32E+01,5.82E+01,5.74E+01,4.39E+01,49.9,48.9,43.4,43.9,46.8,52.1,
590,4.31E+01,5.80E+01,5.71E+01,4.38E+01,49.8,48.8,43.4,43.8,46.7,51.9,
591,4.29E+01,5.77E+01,5.69E+01,4.37E+01,49.7,48.7,43.3,43.7,46.6,51.7,
592,4.28E+01,5.74E+01,5.67E+01,4.35E+01,49.6,48.5,43.2,43.6,46.5,51.7,
593,4.27E+01,5.72E+01,5.64E+01,4.34E+01,49.5,48.4,43.1,43.5,46.4,51.5,
594,4.25E+01,5.69E+01,5.62E+01,4.33E+01,49.4,48.4,43,43.4,46.2,51.4,
595,4.24E+01,5.67E+01,5.60E+01,4.32E+01,49.3,48.2,43,43.3,46.2,51.3,
596,4.23E+01,5.65E+01,5.58E+01,4.31E+01,49.1,48.1,42.9,43.2,46,51.1,
597,4.22E+01,5.62E+01,5.56E+01,4.30E+01,49,48.1,42.7,43.1,45.9,51.1,
598,4.20E+01,5.60E+01,5.54E+01,4.29E+01,48.8,47.9,42.7,43,45.8,50.9,
599,4.19E+01,5.58E+01,5.52E+01,4.28E+01,48.8,47.9,42.6,42.9,45.7,50.8,
600,4.18E+01,5.56E+01,5.50E+01,4.26E+01,48.6,47.8,42.6,42.8,45.6,50.7,
601,4.17E+01,5.54E+01,5.48E+01,4.25E+01,48.5,47.6,42.5,42.7,45.5,50.5,
602,4.16E+01,5.52E+01,5.45E+01,4.23E+01,48.4,47.5,42.4,42.6,45.4,50.4,
603,4.14E+01,5.49E+01,5.44E+01,4.22E+01,48.3,47.5,42.3,42.6,45.3,50.4,
604,4.13E+01,5.47E+01,5.41E+01,4.21E+01,48.2,47.3,42.3,42.5,45.2,50.2,
605,4.12E+01,5.45E+01,5.39E+01,4.20E+01,48.1,47.2,42.2,42.4,45.2,50.1,
606,4.11E+01,5.43E+01,5.37E+01,4.18E+01,48,47.1,42.1,42.3,45,50,
607,4.09E+01,5.41E+01,5.35E+01,4.17E+01,,,,42.2,44.9,49.9,
608,4.08E+01,5.38E+01,5.33E+01,4.16E+01,,,,42.1,44.9,49.7,
609,4.07E+01,5.36E+01,5.31E+01,4.16E+01,,,,42,44.7,49.6,
610,4.06E+01,5.34E+01,5.29E+01,4.15E+01,,,,41.9,44.6,49.4,
611,4.05E+01,5.32E+01,5.27E+01,4.14E+01,,,,41.8,44.6,49.4,
612,4.04E+01,5.30E+01,5.25E+01,4.13E+01,,,,41.8,44.4,49.3,
613,4.03E+01,5.28E+01,5.23E+01,4.12E+01,,,,41.7,44.3,49.1,
614,4.01E+01,5.26E+01,5.21E+01,4.11E+01,,,,41.5,44.2,49,
615,4.00E+01,5.24E+01,5.20E+01,4.10E+01,,,,41.4,44.1,48.9,
616,4.00E+01,5.22E+01,5.18E+01,4.09E+01,,,,41.4,44,48.8,
617,3.99E+01,5.20E+01,5.16E+01,4.08E+01,,,,41.3,43.9,48.7,
618,3.98E+01,5.18E+01,5.14E+01,4.07E+01,,,,41.1,43.8,48.5,
619,3.97E+01,5.16E+01,5.12E+01,4.06E+01,,,,41.1,43.7,48.4,
620,3.95E+01,5.14E+01,5.11E+01,4.05E+01,,,,41,43.6,48.3,
621,3.94E+01,5.12E+01,5.09E+01,4.04E+01,,,,40.9,43.5,48.2,
622,3.93E+01,5.10E+01,5.07E+01,4.02E+01,,,,40.8,43.4,48.1,
623,3.92E+01,5.08E+01,5.05E+01,4.01E+01,,,,,,,
624,3.91E+01,5.05E+01,5.03E+01,4.00E+01,,,,,,,
625,3.90E+01,5.03E+01,5.01E+01,3.99E+01,,,,,,,
626,3.89E+01,5.01E+01,4.98E+01,3.98E+01,,,,,,,
627,3.88E+01,4.98E+01,4.96E+01,3.97E+01,,,,,,,
628,3.87E+01,4.96E+01,4.94E+01,3.95E+01,,,,,,,
629,3.85E+01,4.94E+01,4.92E+01,3.94E+01,,,,,,,
630,3.84E+01,4.92E+01,4.90E+01,3.93E+01,,,,,,,
631,3.84E+01,4.90E+01,4.89E+01,3.92E+01,,,,,,,
632,3.83E+01,4.88E+01,4.87E+01,3.91E+01,,,,,,,
633,3.82E+01,4.87E+01,4.85E+01,3.90E+01,,,,,,,
634,3.81E+01,4.85E+01,4.83E+01,3.89E+01,,,,,,,
635,3.80E+01,4.83E+01,4.81E+01,3.88E+01,,,,,,,
636,3.79E+01,4.81E+01,4.80E+01,3.88E+01,,,,,,,
637,3.78E+01,4.80E+01,4.79E+01,3.87E+01,,,,,,,
638,3.77E+01,4.78E+01,4.77E+01,3.86E+01,,,,,,,
639,3.76E+01,4.77E+01,4.76E+01,3.85E+01,,,,,,,
640,3.75E+01,4.75E+01,4.74E+01,3.84E+01,,,,,,,
641,3.74E+01,4.73E+01,4.72E+01,3.84E+01,,,,,,,
642,3.74E+01,4.72E+01,4.71E+01,3.83E+01,,,,,,,
643,3.73E+01,4.70E+01,4.70E+01,3.82E+01,,,,,,,
644,3.72E+01,4.68E+01,4.68E+01,3.81E+01,,,,,,,
645,3.71E+01,4.67E+01,4.67E+01,3.80E+01,,,,,,,
646,3.70E+01,4.65E+01,4.65E+01,3.79E+01,,,,,,,
647,3.69E+01,4.63E+01,4.63E+01,3.78E+01,,,,,,,
648,3.68E+01,4.62E+01,4.62E+01,3.77E+01,,,,,,,
649,3.67E+01,4.60E+01,4.60E+01,3.76E+01,,,,,,,
650,3.66E+01,4.58E+01,4.58E+01,3.75E+01,,,,,,,
651,3.65E+01,4.56E+01,4.57E+01,3.74E+01,,,,,,,
652,3.64E+01,4.54E+01,4.55E+01,3.73E+01,,,,,,,
653,3.63E+01,4.53E+01,4.53E+01,3.72E+01,,,,,,,
654,3.62E+01,4.51E+01,4.52E+01,3.71E+01,,,,,,,
655,3.61E+01,4.49E+01,4.50E+01,3.70E+01,,,,,,,
656,3.60E+01,4.48E+01,4.49E+01,3.69E+01,,,,,,,
657,3.59E+01,4.46E+01,4.47E+01,3.68E+01,,,,,,,
658,3.58E+01,4.44E+01,4.46E+01,3.67E+01,,,,,,,
659,3.57E+01,4.43E+01,4.44E+01,3.66E+01,,,,,,,
660,3.57E+01,4.41E+01,4.43E+01,3.66E+01,,,,,,,
661,3.56E+01,4.40E+01,4.41E+01,3.65E+01,,,,,,,
662,3.55E+01,4.38E+01,4.40E+01,3.64E+01,,,,,,,
663,3.54E+01,4.37E+01,4.39E+01,3.63E+01,,,,,,,
664,3.54E+01,4.36E+01,4.37E+01,3.63E+01,,,,,,,
665,3.53E+01,4.34E+01,4.36E+01,3.62E+01,,,,,,,
666,3.52E+01,4.33E+01,4.35E+01,3.61E+01,,,,,,,
667,3.52E+01,4.32E+01,4.33E+01,3.60E+01,,,,,,,
668,3.51E+01,4.30E+01,4.32E+01,3.59E+01,,,,,,,
669,3.50E+01,4.29E+01,4.31E+01,3.59E+01,,,,,,,
670,3.49E+01,4.27E+01,4.29E+01,3.58E+01,,,,,,,
671,3.48E+01,4.26E+01,4.28E+01,3.57E+01,,,,,,,
672,3.47E+01,4.24E+01,4.26E+01,3.56E+01,,,,,,,
673,3.47E+01,4.22E+01,4.25E+01,3.55E+01,,,,,,,
674,3.46E+01,4.21E+01,4.23E+01,3.54E+01,,,,,,,
675,3.45E+01,4.19E+01,4.22E+01,3.53E+01,,,,,,,
676,3.44E+01,4.18E+01,4.20E+01,3.52E+01,,,,,,,
677,3.43E+01,4.17E+01,4.19E+01,3.52E+01,,,,,,,
678,3.43E+01,4.15E+01,4.18E+01,3.51E+01,,,,,,,
679,3.42E+01,4.14E+01,4.16E+01,3.50E+01,,,,,,,
680,3.41E+01,4.13E+01,4.16E+01,3.49E+01,,,,,,,
681,3.40E+01,4.11E+01,4.14E+01,3.49E+01,,,,,,,
682,3.39E+01,4.10E+01,4.13E+01,3.48E+01,,,,,,,
683,3.39E+01,4.09E+01,4.12E+01,3.47E+01,,,,,,,
684,3.38E+01,4.08E+01,4.10E+01,3.47E+01,,,,,,,
685,3.37E+01,4.07E+01,4.10E+01,3.46E+01,,,,,,,
686,3.36E+01,4.05E+01,4.09E+01,3.45E+01,,,,,,,
687,3.36E+01,4.04E+01,4.07E+01,3.45E+01,,,,,,,
688,3.35E+01,4.03E+01,4.06E+01,3.44E+01,,,,,,,
689,3.35E+01,4.02E+01,4.05E+01,3.43E+01,,,,,,,
690,3.34E+01,4.01E+01,4.04E+01,3.43E+01,,,,,,,
691,3.33E+01,4.00E+01,4.03E+01,3.42E+01,,,,,,,
692,3.33E+01,3.99E+01,4.02E+01,3.42E+01,,,,,,,
693,3.32E+01,3.98E+01,4.01E+01,3.41E+01,,,,,,,
694,3.31E+01,3.97E+01,4.00E+01,3.40E+01,,,,,,,
695,3.31E+01,3.96E+01,4.00E+01,3.40E+01,,,,,,,
696,3.30E+01,3.95E+01,3.98E+01,3.39E+01,,,,,,,
697,3.29E+01,3.93E+01,3.97E+01,3.38E+01,,,,,,,
698,3.29E+01,3.92E+01,3.96E+01,3.37E+01,,,,,,,
699,3.28E+01,3.91E+01,3.95E+01,3.36E+01,,,,,,,
700,3.27E+01,3.89E+01,3.94E+01,3.36E+01,,,,,,,
701,3.27E+01,3.88E+01,3.93E+01,3.35E+01,,,,,,,
702,3.26E+01,3.87E+01,3.92E+01,3.35E+01,,,,,,,
703,3.25E+01,3.86E+01,3.91E+01,3.34E+01,,,,,,,
704,3.25E+01,3.85E+01,3.90E+01,3.33E+01,,,,,,,
705,3.24E+01,3.84E+01,3.89E+01,3.33E+01,,,,,,,
706,3.24E+01,3.83E+01,3.88E+01,3.32E+01,,,,,,,
707,3.23E+01,3.82E+01,3.87E+01,3.31E+01,,,,,,,
708,3.22E+01,3.81E+01,3.86E+01,3.31E+01,,,,,,,
709,3.22E+01,3.80E+01,3.85E+01,3.30E+01,,,,,,,
710,,,,,,,,,,,
711,,,,,,,,,,,
712,,,,,,,,,,,
713,,,,,,,,,,,
714,,,,,,,,,,,
715,,,,,,,,,,,
716,,,,,,,,,,,
717,,,,,,,,,,,
718,,,,,,,,,,,
719,,,,,,,,,,,
720,,,,,,,,,,,
721,,,,,,,,,,,
722,,,,,,,,,,,
723,,,,,,,,,,,
724,,,,,,,,,,,
725,,,,,,,,,,,
726,,,,,,,,,,,
727,,,,,,,,,,,
728,,,,,,,,,,,
729,,,,,,,,,,,
730,,,,,,,,,,,
731,,,,,,,,,,,
732,,,,,,,,,,,
733,,,,,,,,,,,
734,,,,,,,,,,,
735,,,,,,,,,,,
736,,,,,,,,,,,
737,,,,,,,,,,,
738,,,,,,,,,,,
739,,,,,,,,,,,
740,,,,,,,,,,,
741,,,,,,,,,,,
742,,,,,,,,,,,
743,,,,,,,,,,,
744,,,,,,,,,,,
745,,,,,,,,,,,
746,,,,,,,,,,,
747,,,,,,,,,,,
748,,,,,,,,,,,
749,,,,,,,,,,,
750,,,,,,,,,,,
751,,,,,,,,,,,
752,,,,,,,,,,,
753,,,,,,,,,,,
754,,,,,,,,,,,
755,,,,,,,,,,,
756,,,,,,,,,,,
757,,,,,,,,,,,
758,,,,,,,,,,,
759,,,,,,,,,,,
760,,,,,,,,,,,
761,,,,,,,,,,,
762,,,,,,,,,,,
763,,,,,,,,,,,
764,,,,,,,,,,,
765,,,,,,,,,,,
766,,,,,,,,,,,
767,,,,,,,,,,,
768,,,,,,,,,,,
769,,,,,,,,,,,
770,,,,,,,,,,,
771,,,,,,,,,,,
772,,,,,,,,,,,
773,,,,,,,,,,,
774,,,,,,,,,,,
775,,,,,,,,,,,
776,,,,,,,,,,,
777,,,,,,,,,,,
778,,,,,,,,,,,
779,,,,,,,,,,,
780,,,,,,,,,,,
781,,,,,,,,,,,
782,,,,,,,,,,,
783,,,,,,,,,,,
784,,,,,,,,,,,
785,,,,,,,,,,,
786,,,,,,,,,,,
787,,,,,,,,,,,
788,,,,,,,,,,,
789,,,,,,,,,,,
790,,,,,,,,,,,
791,,,,,,,,,,,
792,,,,,,,,,,,
793,,,,,,,,,,,
794,,,,,,,,,,,
795,,,,,,,,,,,
796,,,,,,,,,,,
797,,,,,,,,,,,
798,,,,,,,,,,,
799,,,,,,,,,,,
800,,,,,,,,,,,
801,,,,,,,,,,,
802,,,,,,,,,,,
803,,,,,,,,,,,
804,,,,,,,,,,,
805,,,,,,,,,,,
806,,,,,,,,,,,
807,,,,,,,,,,,
808,,,,,,,,,,,
809,,,,,,,,,,,
810,,,,,,,,,,,
811,,,,,,,,,,,
812,,,,,,,,,,,
813,,,,,,,,,,,
814,,,,,,,,,,,
815,,,,,,,,,,,
816,,,,,,,,,,,
817,,,,,,,,,,,
818,,,,,,,,,,,
819,,,,,,,,,,,
820,,,,,,,,,,,
821,,,,,,,,,,,
822,,,,,,,,,,,
823,,,,,,,,,,,
824,,,,,,,,,,,
825,,,,,,,,,,,
826,,,,,,,,,,,
827,,,,,,,,,,,
828,,,,,,,,,,,
829,,,,,,,,,,,
830,,,,,,,,,,,
831,,,,,,,,,,,
832,,,,,,,,,,,
833,,,,,,,,,,,
834,,,,,,,,,,,
835,,,,,,,,,,,
836,,,,,,,,,,,
837,,,,,,,,,,,
838,,,,,,,,,,,
839,,,,,,,,,,,
840,,,,,,,,,,,
841,,,,,,,,,,,
842,,,,,,,,,,,
843,,,,,,,,,,,
844,,,,,,,,,,,
845,,,,,,,,,,,
846,,,,,,,,,,,
847,,,,,,,,,,,
848,,,,,,,,,,,
849,,,,,,,,,,,
850,,,,,,,,,,,
851,,,,,,,,,,,
852,,,,,,,,,,,
853,,,,,,,,,,,
854,,,,,,,,,,,
855,,,,,,,,,,,
856,,,,,,,,,,,
857,,,,,,,,,,,
858,,,,,,,,,,,
859,,,,,,,,,,,
860,,,,,,,,,,,
861,,,,,,,,,,,
862,,,,,,,,,,,
863,,,,,,,,,,,
864,,,,,,,,,,,
865,,,,,,,,,,,
866,,,,,,,,,,,
867,,,,,,,,,,,
868,,,,,,,,,,,
869,,,,,,,,,,,
870,,,,,,,,,,,
871,,,,,,,,,,,
872,,,,,,,,,,,
873,,,,,,,,,,,
874,,,,,,,,,,,
875,,,,,,,,,,,
876,,,,,,,,,,,
877,,,,,,,,,,,
878,,,,,,,,,,,
879,,,,,,,,,,,
880,,,,,,,,,,,
881,,,,,,,,,,,
882,,,,,,,,,,,
883,,,,,,,,,,,
884,,,,,,,,,,,
885,,,,,,,,,,,
886,,,,,,,,,,,
887,,,,,,,,,,,
888,,,,,,,,,,,
889,,,,,,,,,,,
890,,,,,,,,,,,
891,,,,,,,,,,,
892,,,,,,,,,,,
893,,,,,,,,,,,
894,,,,,,,,,,,
895,,,,,,,,,,,
896,,,,,,,,,,,
897,,,,,,,,,,,
898,,,,,,,,,,,
899,,,,,,,,,,,
900,,,,,,,,,,,
901,,,,,,,,,,,
902,,,,,,,,,,,
903,,,,,,,,,,,
904,,,,,,,,,,,
905,,,,,,,,,,,
906,,,,,,,,,,,
907,,,,,,,,,,,
908,,,,,,,,,,,
909,,,,,,,,,,,
910,,,,,,,,,,,
911,,,,,,,,,,,
912,,,,,,,,,,,
913,,,,,,,,,,,
914,,,,,,,,,,,
915,,,,,,,,,,,
916,,,,,,,,,,,
917,,,,,,,,,,,
918,,,,,,,,,,,
919,,,,,,,,,,,
920,,,,,,,,,,,
921,,,,,,,,,,,
922,,,,,,,,,,,
923,,,,,,,,,,,
924,,,,,,,,,,,
925,,,,,,,,,,,
926,,,,,,,,,,,
927,,,,,,,,,,,
928,,,,,,,,,,,
929,,,,,,,,,,,
930,,,,,,,,,,,
931,,,,,,,,,,,
932,,,,,,,,,,,
933,,,,,,,,,,,
934,,,,,,,,,,,
935,,,,,,,,,,,
936,,,,,,,,,,,
937,,,,,,,,,,,
938,,,,,,,,,,,
939,,,,,,,,,,,
940,,,,,,,,,,,
941,,,,,,,,,,,
942,,,,,,,,,,,
943,,,,,,,,,,,
944,,,,,,,,,,,
945,,,,,,,,,,,
946,,,,,,,,,,,
947,,,,,,,,,,,
948,,,,,,,,,,,
949,,,,,,,,,,,
950,,,,,,,,,,,
951,,,,,,,,,,,
952,,,,,,,,,,,
953,,,,,,,,,,,
954,,,,,,,,,,,
955,,,,,,,,,,,
956,,,,,,,,,,,
957,,,,,,,,,,,
958,,,,,,,,,,,
959,,,,,,,,,,,
960,,,,,,,,,,,
961,,,,,,,,,,,
962,,,,,,,,,,,
963,,,,,,,,,,,
964,,,,,,,,,,,
965,,,,,,,,,,,
966,,,,,,,,,,,
967,,,,,,,,,,,
968,,,,,,,,,,,
969,,,,,,,,,,,
970,,,,,,,,,,,
971,,,,,,,,,,,
972,,,,,,,,,,,
973,,,,,,,,,,,
974,,,,,,,,,,,
975,,,,,,,,,,,
976,,,,,,,,,,,
977,,,,,,,,,,,
978,,,,,,,,,,,
979,,,,,,,,,,,
980,,,,,,,,,,,
981,,,,,,,,,,,
982,,,,,,,,,,,
983,,,,,,,,,,,
984,,,,,,,,,,,
985,,,,,,,,,,,
986,,,,,,,,,,,
987,,,,,,,,,,,
988,,,,,,,,,,,
989,,,,,,,,,,,
990,,,,,,,,,,,
991,,,,,,,,,,,
992,,,,,,,,,,,
993,,,,,,,,,,,
994,,,,,,,,,,,
995,,,,,,,,,,,
996,,,,,,,,,,,
997,,,,,,,,,,,
998,,,,,,,,,,,
999,,,,,,,,,,,
1000,,,,,,,,,,,
1001,,,,,,,,,,,
1002,,,,,,,,,,,
1003,,,,,,,,,,,
1004,,,,,,,,,,,
1005,,,,,,,,,,,
1006,,,,,,,,,,,
1007,,,,,,,,,,,
1008,,,,,,,,,,,
1009,,,,,,,,,,,
1010,,,,,,,,,,,
1011,,,,,,,,,,,
1012,,,,,,,,,,,
1013,,,,,,,,,,,
1014,,,,,,,,,,,
1015,,,,,,,,,,,
1016,,,,,,,,,,,
1017,,,,,,,,,,,
1018,,,,,,,,,,,
1019,,,,,,,,,,,
1020,,,,,,,,,,,
1021,,,,,,,,,,,
1022,,,,,,,,,,,
1023,,,,,,,,,,,
1024,,,,,,,,,,,
1025,,,,,,,,,,,
1026,,,,,,,,,,,
1027,,,,,,,,,,,
1028,,,,,,,,,,,
1029,,,,,,,,,,,
1030,,,,,,,,,,,
1031,,,,,,,,,,,
1032,,,,,,,,,,,
1033,,,,,,,,,,,
1034,,,,,,,,,,,
1035,,,,,,,,,,,
1036,,,,,,,,,,,
1037,,,,,,,,,,,
1038,,,,,,,,,,,
1039,,,,,,,,,,,
1040,,,,,,,,,,,
1041,,,,,,,,,,,
1042,,,,,,,,,,,
1043,,,,,,,,,,,
1044,,,,,,,,,,,
1045,,,,,,,,,,,
1046,,,,,,,,,,,
1047,,,,,,,,,,,
1048,,,,,,,,,,,
1049,,,,,,,,,,,
1050,,,,,,,,,,,
1051,,,,,,,,,,,
1052,,,,,,,,,,,
1053,,,,,,,,,,,
1054,,,,,,,,,,,
1055,,,,,,,,,,,
1056,,,,,,,,,,,
1057,,,,,,,,,,,
1058,,,,,,,,,,,
1059,,,,,,,,,,,
1060,,,,,,,,,,,
1061,,,,,,,,,,,
1062,,,,,,,,,,,
1063,,,,,,,,,,,
1064,,,,,,,,,,,
1065,,,,,,,,,,,
1066,,,,,,,,,,,
1067,,,,,,,,,,,
1068,,,,,,,,,,,
1069,,,,,,,,,,,
1070,,,,,,,,,,,
1071,,,,,,,,,,,
1072,,,,,,,,,,,
1073,,,,,,,,,,,
1074,,,,,,,,,,,
1075,,,,,,,,,,,
1076,,,,,,,,,,,
1077,,,,,,,,,,,
1078,,,,,,,,,,,
1079,,,,,,,,,,,
1080,,,,,,,,,,,
1081,,,,,,,,,,,
1082,,,,,,,,,,,
1083,,,,,,,,,,,
1084,,,,,,,,,,,
1085,,,,,,,,,,,
1086,,,,,,,,,,,
1087,,,,,,,,,,,
1088,,,,,,,,,,,
1089,,,,,,,,,,,
1090,,,,,,,,,,,
1091,,,,,,,,,,,
1092,,,,,,,,,,,
1093,,,,,,,,,,,
1094,,,,,,,,,,,
1095,,,,,,,,,,,
1096,,,,,,,,,,,
1097,,,,,,,,,,,
1098,,,,,,,,,,,
1099,,,,,,,,,,,
1100,,,,,,,,,,,
1101,,,,,,,,,,,
1102,,,,,,,,,,,
1103,,,,,,,,,,,
1104,,,,,,,,,,,
1105,,,,,,,,,,,
1106,,,,,,,,,,,
1107,,,,,,,,,,,
1108,,,,,,,,,,,
1109,,,,,,,,,,,
1110,,,,,,,,,,,
1111,,,,,,,,,,,
1112,,,,,,,,,,,
1113,,,,,,,,,,,
1114,,,,,,,,,,,
1115,,,,,,,,,,,
1116,,,,,,,,,,,
1117,,,,,,,,,,,
1118,,,,,,,,,,,
1119,,,,,,,,,,,
1120,,,,,,,,,,,
1121,,,,,,,,,,,
1122,,,,,,,,,,,
1123,,,,,,,,,,,
1124,,,,,,,,,,,
1125,,,,,,,,,,,
1126,,,,,,,,,,,
1127,,,,,,,,,,,
1128,,,,,,,,,,,
1129,,,,,,,,,,,
1130,,,,,,,,,,,
1131,,,,,,,,,,,
1132,,,,,,,,,,,
1133,,,,,,,,,,,
1134,,,,,,,,,,,
1135,,,,,,,,,,,
1136,,,,,,,,,,,
1137,,,,,,,,,,,
1138,,,,,,,,,,,
1139,,,,,,,,,,,
1140,,,,,,,,,,,
1141,,,,,,,,,,,
1142,,,,,,,,,,,
1143,,,,,,,,,,,
1144,,,,,,,,,,,
1145,,,,,,,,,,,
1146,,,,,,,,,,,
1147,,,,,,,,,,,
1148,,,,,,,,,,,
1149,,,,,,,,,,,
1150,,,,,,,,,,,
1151,,,,,,,,,,,
1152,,,,,,,,,,,
1153,,,,,,,,,,,
1154,,,,,,,,,,,
1155,,,,,,,,,,,
1156,,,,,,,,,,,
1157,,,,,,,,,,,
1158,,,,,,,,,,,
1159,,,,,,,,,,,
1160,,,,,,,,,,,
1161,,,,,,,,,,,
1162,,,,,,,,,,,
1163,,,,,,,,,,,
1164,,,,,,,,,,,
1165,,,,,,,,,,,
1166,,,,,,,,,,,
1167,,,,,,,,,,,
1168,,,,,,,,,,,
1169,,,,,,,,,,,
1170,,,,,,,,,,,
1171,,,,,,,,,,,
1172,,,,,,,,,,,
1173,,,,,,,,,,,
1174,,,,,,,,,,,
1175,,,,,,,,,,,
1176,,,,,,,,,,,
1177,,,,,,,,,,,
1178,,,,,,,,,,,
1179,,,,,,,,,,,
1180,,,,,,,,,,,
1181,,,,,,,,,,,
1182,,,,,,,,,,,
1183,,,,,,,,,,,
1184,,,,,,,,,,,
1185,,,,,,,,,,,
1186,,,,,,,,,,,
1187,,,,,,,,,,,
1188,,,,,,,,,,,
1189,,,,,,,,,,,
1190,,,,,,,,,,,
1191,,,,,,,,,,,
1192,,,,,,,,,,,
1193,,,,,,,,,,,
1194,,,,,,,,,,,
1195,,,,,,,,,,,
1196,,,,,,,,,,,
1197,,,,,,,,,,,
1198,,,,,,,,,,,
1199,,,,,,,,,,,
1200,,,,,,,,,,,
1201,,,,,,,,,,,
1202,,,,,,,,,,,
1203,,,,,,,,,,,
1204,,,,,,,,,,,
1205,,,,,,,,,,,
1206,,,,,,,,,,,
1207,,,,,,,,,,,
1208,,,,,,,,,,,
1209,,,,,,,,,,,
1210,,,,,,,,,,,
1211,,,,,,,,,,,
1212,,,,,,,,,,,
1213,,,,,,,,,,,
1214,,,,,,,,,,,
1215,,,,,,,,,,,
1216,,,,,,,,,,,
1217,,,,,,,,,,,
1218,,,,,,,,,,,
1219,,,,,,,,,,,
1220,,,,,,,,,,,
1221,,,,,,,,,,,
1222,,,,,,,,,,,
1223,,,,,,,,,,,
1224,,,,,,,,,,,
1225,,,,,,,,,,,
1226,,,,,,,,,,,
1227,,,,,,,,,,,
1228,,,,,,,,,,,
1229,,,,,,,,,,,
1230,,,,,,,,,,,
1231,,,,,,,,,,,
1232,,,,,,,,,,,
1233,,,,,,,,,,,
1234,,,,,,,,,,,
1235,,,,,,,,,,,
1236,,,,,,,,,,,
1237,,,,,,,,,,,
1238,,,,,,,,,,,
1239,,,,,,,,,,,
1240,,,,,,,,,,,
1241,,,,,,,,,,,
1242,,,,,,,,,,,
1243,,,,,,,,,,,
1244,,,,,,,,,,,
1245,,,,,,,,,,,
1246,,,,,,,,,,,
1247,,,,,,,,,,,
1248,,,,,,,,,,,
1249,,,,,,,,,,,
1250,,,,,,,,,,,
1251,,,,,,,,,,,
1252,,,,,,,,,,,
1253,,,,,,,,,,,
1254,,,,,,,,,,,
1255,,,,,,,,,,,
1256,,,,,,,,,,,
1257,,,,,,,,,,,
1258,,,,,,,,,,,
1259,,,,,,,,,,,
1260,,,,,,,,,,,
1261,,,,,,,,,,,
1262,,,,,,,,,,,
1263,,,,,,,,,,,
1264,,,,,,,,,,,
1265,,,,,,,,,,,
1266,,,,,,,,,,,
1267,,,,,,,,,,,
1268,,,,,,,,,,,
1269,,,,,,,,,,,
1270,,,,,,,,,,,
1271,,,,,,,,,,,
1272,,,,,,,,,,,
1273,,,,,,,,,,,
1274,,,,,,,,,,,
1275,,,,,,,,,,,
1276,,,,,,,,,,,
1277,,,,,,,,,,,
1278,,,,,,,,,,,
1279,,,,,,,,,,,
1280,,,,,,,,,,,
1281,,,,,,,,,,,
1282,,,,,,,,,,,
1283,,,,,,,,,,,
1284,,,,,,,,,,,
1285,,,,,,,,,,,
1286,,,,,,,,,,,
1287,,,,,,,,,,,
1288,,,,,,,,,,,
1289,,,,,,,,,,,
1290,,,,,,,,,,,
1291,,,,,,,,,,,
1292,,,,,,,,,,,
1293,,,,,,,,,,,
1294,,,,,,,,,,,
1295,,,,,,,,,,,
1296,,,,,,,,,,,
1297,,,,,,,,,,,
1298,,,,,,,,,,,
1299,,,,,,,,,,,
1300,,,,,,,,,,,
1301,,,,,,,,,,,
1302,,,,,,,,,,,
1303,,,,,,,,,,,
1304,,,,,,,,,,,
1305,,,,,,,,,,,
1306,,,,,,,,,,,
1307,,,,,,,,,,,
1308,,,,,,,,,,,
1309,,,,,,,,,,,
1310,,,,,,,,,,,
1311,,,,,,,,,,,
1312,,,,,,,,,,,
1313,,,,,,,,,,,
1314,,,,,,,,,,,
1315,,,,,,,,,,,
1316,,,,,,,,,,,
1317,,,,,,,,,,,
1318,,,,,,,,,,,
1319,,,,,,,,,,,
1320,,,,,,,,,,,
1321,,,,,,,,,,,
1322,,,,,,,,,,,
1323,,,,,,,,,,,
1324,,,,,,,,,,,
1325,,,,,,,,,,,
1326,,,,,,,,,,,
1327,,,,,,,,,,,
1328,,,,,,,,,,,
1329,,,,,,,,,,,
1330,,,,,,,,,,,
1331,,,,,,,,,,,
1332,,,,,,,,,,,
1333,,,,,,,,,,,
1334,,,,,,,,,,,
1335,,,,,,,,,,,
1336,,,,,,,,,,,
1337,,,,,,,,,,,
1338,,,,,,,,,,,
1339,,,,,,,,,,,
1340,,,,,,,,,,,
1341,,,,,,,,,,,
1342,,,,,,,,,,,
1343,,,,,,,,,,,
1344,,,,,,,,,,,
1345,,,,,,,,,,,
1346,,,,,,,,,,,
1347,,,,,,,,,,,
1348,,,,,,,,,,,
1349,,,,,,,,,,,
1350,,,,,,,,,,,
1351,,,,,,,,,,,
1352,,,,,,,,,,,
1353,,,,,,,,,,,
1354,,,,,,,,,,,
1355,,,,,,,,,,,
1356,,,,,,,,,,,
1357,,,,,,,,,,,
1358,,,,,,,,,,,
1359,,,,,,,,,,,
1360,,,,,,,,,,,
1361,,,,,,,,,,,
1362,,,,,,,,,,,
1363,,,,,,,,,,,
1364,,,,,,,,,,,
1365,,,,,,,,,,,
1366,,,,,,,,,,,
1367,,,,,,,,,,,
1368,,,,,,,,,,,
1369,,,,,,,,,,,
1370,,,,,,,,,,,
1371,,,,,,,,,,,
1372,,,,,,,,,,,
1373,,,,,,,,,,,
1374,,,,,,,,,,,
1375,,,,,,,,,,,
1376,,,,,,,,,,,
1377,,,,,,,,,,,
1378,,,,,,,,,,,
1379,,,,,,,,,,,
1380,,,,,,,,,,,
1381,,,,,,,,,,,
1382,,,,,,,,,,,
1383,,,,,,,,,,,
1384,,,,,,,,,,,
1385,,,,,,,,,,,
1386,,,,,,,,,,,
1387,,,,,,,,,,,
1388,,,,,,,,,,,
1389,,,,,,,,,,,
1390,,,,,,,,,,,
1391,,,,,,,,,,,
1392,,,,,,,,,,,
1393,,,,,,,,,,,
1394,,,,,,,,,,,
1395,,,,,,,,,,,
1396,,,,,,,,,,,
1397,,,,,,,,,,,
1398,,,,,,,,,,,
1399,,,,,,,,,,,
1400,,,,,,,,,,,
1401,,,,,,,,,,,
1402,,,,,,,,,,,
1403,,,,,,,,,,,
1404,,,,,,,,,,,
1405,,,,,,,,,,,
1406,,,,,,,,,,,
1407,,,,,,,,,,,
1408,,,,,,,,,,,
1409,,,,,,,,,,,
1410,,,,,,,,,,,
1411,,,,,,,,,,,
1412,,,,,,,,,,,
1413,,,,,,,,,,,
1414,,,,,,,,,,,
1415,,,,,,,,,,,
1416,,,,,,,,,,,
1417,,,,,,,,,,,
1418,,,,,,,,,,,
1419,,,,,,,,,,,
1420,,,,,,,,,,,
1421,,,,,,,,,,,
1422,,,,,,,,,,,
1423,,,,,,,,,,,
1424,,,,,,,,,,,
1425,,,,,,,,,,,
1426,,,,,,,,,,,
1427,,,,,,,,,,,
1428,,,,,,,,,,,
1429,,,,,,,,,,,
1430,,,,,,,,,,,
1431,,,,,,,,,,,
1432,,,,,,,,,,,
1433,,,,,,,,,,,
1434,,,,,,,,,,,
1435,,,,,,,,,,,
1436,,,,,,,,,,,
1437,,,,,,,,,,,
1438,,,,,,,,,,,
1439,,,,,,,,,,,
1440,,,,,,,,,,,
1441,,,,,,,,,,,
1442,,,,,,,,,,,
1443,,,,,,,,,,,
1444,,,,,,,,,,,
1445,,,,,,,,,,,
1446,,,,,,,,,,,
1447,,,,,,,,,,,
1448,,,,,,,,,,,
1449,,,,,,,,,,,
1450,,,,,,,,,,,
1451,,,,,,,,,,,
1452,,,,,,,,,,,
1453,,,,,,,,,,,
1454,,,,,,,,,,,
1455,,,,,,,,,,,
1456,,,,,,,,,,,
1457,,,,,,,,,,,
1458,,,,,,,,,,,
1459,,,,,,,,,,,
1460,,,,,,,,,,,
1461,,,,,,,,,,,
1462,,,,,,,,,,,
1463,,,,,,,,,,,
1464,,,,,,,,,,,
1465,,,,,,,,,,,
1466,,,,,,,,,,,
1467,,,,,,,,,,,
1468,,,,,,,,,,,
1469,,,,,,,,,,,
1470,,,,,,,,,,,
1471,,,,,,,,,,,
1472,,,,,,,,,,,
1473,,,,,,,,,,,
1474,,,,,,,,,,,
1475,,,,,,,,,,,
1476,,,,,,,,,,,
1477,,,,,,,,,,,
1478,,,,,,,,,,,
1479,,,,,,,,,,,
1480,,,,,,,,,,,
1481,,,,,,,,,,,
1482,,,,,,,,,,,
1483,,,,,,,,,,,
1484,,,,,,,,,,,
1485,,,,,,,,,,,
1486,,,,,,,,,,,
1487,,,,,,,,,,,
1488,,,,,,,,,,,
1489,,,,,,,,,,,
1490,,,,,,,,,,,
1491,,,,,,,,,,,
1492,,,,,,,,,,,
1493,,,,,,,,,,,
1494,,,,,,,,,,,
1495,,,,,,,,,,,
1496,,,,,,,,,,,
1497,,,,,,,,,,,
1498,,,,,,,,,,,
1499,,,,,,,,,,,
1500,,,,,,,,,,,
1501,,,,,,,,,,,
1502,,,,,,,,,,,
1503,,,,,,,,,,,
1504,,,,,,,,,,,
1505,,,,,,,,,,,
1506,,,,,,,,,,,
1507,,,,,,,,,,,
1508,,,,,,,,,,,
1509,,,,,,,,,,,
1510,,,,,,,,,,,
1511,,,,,,,,,,,
1512,,,,,,,,,,,
1513,,,,,,,,,,,
1514,,,,,,,,,,,
1515,,,,,,,,,,,
1516,,,,,,,,,,,
1517,,,,,,,,,,,
1518,,,,,,,,,,,
1519,,,,,,,,,,,
1520,,,,,,,,,,,
1521,,,,,,,,,,,
1522,,,,,,,,,,,
1523,,,,,,,,,,,
1524,,,,,,,,,,,
1525,,,,,,,,,,,
1526,,,,,,,,,,,
1527,,,,,,,,,,,
1528,,,,,,,,,,,
1529,,,,,,,,,,,
1530,,,,,,,,,,,
1531,,,,,,,,,,,
1532,,,,,,,,,,,
1533,,,,,,,,,,,
1534,,,,,,,,,,,
1535,,,,,,,,,,,
1536,,,,,,,,,,,
1537,,,,,,,,,,,
1538,,,,,,,,,,,
1539,,,,,,,,,,,
1540,,,,,,,,,,,
1541,,,,,,,,,,,
1542,,,,,,,,,,,
1543,,,,,,,,,,,
1544,,,,,,,,,,,
1545,,,,,,,,,,,
1546,,,,,,,,,,,
1547,,,,,,,,,,,
1548,,,,,,,,,,,
1549,,,,,,,,,,,
1550,,,,,,,,,,,
1551,,,,,,,,,,,
1552,,,,,,,,,,,
1553,,,,,,,,,,,
1554,,,,,,,,,,,
1555,,,,,,,,,,,
1556,,,,,,,,,,,
1557,,,,,,,,,,,
1558,,,,,,,,,,,
1559,,,,,,,,,,,
1560,,,,,,,,,,,
1561,,,,,,,,,,,
1562,,,,,,,,,,,
1563,,,,,,,,,,,
1564,,,,,,,,,,,
1565,,,,,,,,,,,
1566,,,,,,,,,,,
1567,,,,,,,,,,,
1568,,,,,,,,,,,
1569,,,,,,,,,,,
1570,,,,,,,,,,,
1571,,,,,,,,,,,
1572,,,,,,,,,,,
1573,,,,,,,,,,,
1574,,,,,,,,,,,
1575,,,,,,,,,,,
1576,,,,,,,,,,,
1577,,,,,,,,,,,
1578,,,,,,,,,,,
1579,,,,,,,,,,,
1580,,,,,,,,,,,
1581,,,,,,,,,,,
1582,,,,,,,,,,,
1583,,,,,,,,,,,
1584,,,,,,,,,,,
1585,,,,,,,,,,,
1586,,,,,,,,,,,
1587,,,,,,,,,,,
1588,,,,,,,,,,,
1589,,,,,,,,,,,
1590,,,,,,,,,,,
1591,,,,,,,,,,,
1592,,,,,,,,,,,
1593,,,,,,,,,,,
1594,,,,,,,,,,,
1595,,,,,,,,,,,
1596,,,,,,,,,,,
1597,,,,,,,,,,,
1598,,,,,,,,,,,
1599,,,,,,,,,,,
1600,,,,,,,,,,,
1601,,,,,,,,,,,
1602,,,,,,,,,,,
1603,,,,,,,,,,,
1604,,,,,,,,,,,
1605,,,,,,,,,,,
1606,,,,,,,,,,,
1607,,,,,,,,,,,
1608,,,,,,,,,,,
1609,,,,,,,,,,,
1610,,,,,,,,,,,
1611,,,,,,,,,,,
1612,,,,,,,,,,,
1613,,,,,,,,,,,
1614,,,,,,,,,,,
1615,,,,,,,,,,,
1616,,,,,,,,,,,
1617,,,,,,,,,,,
1618,,,,,,,,,,,
1619,,,,,,,,,,,
1620,,,,,,,,,,,
1621,,,,,,,,,,,
1622,,,,,,,,,,,
1623,,,,,,,,,,,
1624,,,,,,,,,,,
1625,,,,,,,,,,,
1626,,,,,,,,,,,
1627,,,,,,,,,,,
1628,,,,,,,,,,,
1629,,,,,,,,,,,
1630,,,,,,,,,,,
1631,,,,,,,,,,,
1632,,,,,,,,,,,
1633,,,,,,,,,,,
1634,,,,,,,,,,,
1635,,,,,,,,,,,
1636,,,,,,,,,,,
1637,,,,,,,,,,,
1638,,,,,,,,,,,
1639,,,,,,,,,,,
1640,,,,,,,,,,,
1641,,,,,,,,,,,
1642,,,,,,,,,,,
1643,,,,,,,,,,,
1644,,,,,,,,,,,
1645,,,,,,,,,,,
1646,,,,,,,,,,,
1647,,,,,,,,,,,
1648,,,,,,,,,,,
1649,,,,,,,,,,,
1650,,,,,,,,,,,
1651,,,,,,,,,,,
1652,,,,,,,,,,,
1653,,,,,,,,,,,
1654,,,,,,,,,,,
1655,,,,,,,,,,,
1656,,,,,,,,,,,
1657,,,,,,,,,,,
1658,,,,,,,,,,,
1659,,,,,,,,,,,
1660,,,,,,,,,,,
1661,,,,,,,,,,,
1662,,,,,,,,,,,
1663,,,,,,,,,,,
1664,,,,,,,,,,,
1665,,,,,,,,,,,
1666,,,,,,,,,,,
1667,,,,,,,,,,,
1668,,,,,,,,,,,
1669,,,,,,,,,,,
1670,,,,,,,,,,,
1671,,,,,,,,,,,
1672,,,,,,,,,,,
1673,,,,,,,,,,,
1674,,,,,,,,,,,
1675,,,,,,,,,,,
1676,,,,,,,,,,,
1677,,,,,,,,,,,
1678,,,,,,,,,,,
1679,,,,,,,,,,,
1680,,,,,,,,,,,
1681,,,,,,,,,,,
1682,,,,,,,,,,,
1683,,,,,,,,,,,
1684,,,,,,,,,,,
1685,,,,,,,,,,,
1686,,,,,,,,,,,
1687,,,,,,,,,,,
1688,,,,,,,,,,,
1689,,,,,,,,,,,
1690,,,,,,,,,,,
1691,,,,,,,,,,,
1692,,,,,,,,,,,
1693,,,,,,,,,,,
1694,,,,,,,,,,,
1695,,,,,,,,,,,
1696,,,,,,,,,,,
1697,,,,,,,,,,,
1698,,,,,,,,,,,
1699,,,,,,,,,,,
1700,,,,,,,,,,,
1701,,,,,,,,,,,
1702,,,,,,,,,,,
1703,,,,,,,,,,,
1704,,,,,,,,,,,
1705,,,,,,,,,,,
1706,,,,,,,,,,,
1707,,,,,,,,,,,
1708,,,,,,,,,,,
1709,,,,,,,,,,,
1710,,,,,,,,,,,
1711,,,,,,,,,,,
1712,,,,,,,,,,,
1713,,,,,,,,,,,
1714,,,,,,,,,,,
1715,,,,,,,,,,,
1716,,,,,,,,,,,
1717,,,,,,,,,,,
1718,,,,,,,,,,,
1719,,,,,,,,,,,
1720,,,,,,,,,,,
1721,,,,,,,,,,,
1722,,,,,,,,,,,
1723,,,,,,,,,,,
1724,,,,,,,,,,,
1725,,,,,,,,,,,
1726,,,,,,,,,,,
1727,,,,,,,,,,,
1728,,,,,,,,,,,
1729,,,,,,,,,,,
1730,,,,,,,,,,,
1731,,,,,,,,,,,
1732,,,,,,,,,,,
1733,,,,,,,,,,,
1734,,,,,,,,,,,
1735,,,,,,,,,,,
1736,,,,,,,,,,,
1737,,,,,,,,,,,
1738,,,,,,,,,,,
1739,,,,,,,,,,,
1740,,,,,,,,,,,
1741,,,,,,,,,,,
1742,,,,,,,,,,,
1743,,,,,,,,,,,
1744,,,,,,,,,,,
1745,,,,,,,,,,,
1746,,,,,,,,,,,
1747,,,,,,,,,,,
1748,,,,,,,,,,,
1749,,,,,,,,,,,
1750,,,,,,,,,,,
1751,,,,,,,,,,,
1752,,,,,,,,,,,
1753,,,,,,,,,,,
1754,,,,,,,,,,,
1755,,,,,,,,,,,
1756,,,,,,,,,,,
1757,,,,,,,,,,,
1758,,,,,,,,,,,
1759,,,,,,,,,,,
1760,,,,,,,,,,,
1761,,,,,,,,,,,
1762,,,,,,,,,,,
1763,,,,,,,,,,,
1764,,,,,,,,,,,
1765,,,,,,,,,,,
1766,,,,,,,,,,,
1767,,,,,,,,,,,
1768,,,,,,,,,,,
1769,,,,,,,,,,,
1770,,,,,,,,,,,
1771,,,,,,,,,,,
1772,,,,,,,,,,,
1773,,,,,,,,,,,
1774,,,,,,,,,,,
1775,,,,,,,,,,,
1776,,,,,,,,,,,
1777,,,,,,,,,,,
1778,,,,,,,,,,,
1779,,,,,,,,,,,
1780,,,,,,,,,,,
1781,,,,,,,,,,,
1782,,,,,,,,,,,
1783,,,,,,,,,,,
1784,,,,,,,,,,,
1785,,,,,,,,,,,
1786,,,,,,,,,,,
1787,,,,,,,,,,,
1788,,,,,,,,,,,
1789,,,,,,,,,,,
1790,,,,,,,,,,,
1791,,,,,,,,,,,
1792,,,,,,,,,,,
1793,,,,,,,,,,,
1794,,,,,,,,,,,
1795,,,,,,,,,,,
1796,,,,,,,,,,,
1797,,,,,,,,,,,
1798,,,,,,,,,,,
1799,,,,,,,,,,,
1800,,,,,,,,,,,
1801,,,,,,,,,,,
1802,,,,,,,,,,,
1803,,,,,,,,,,,
1804,,,,,,,,,,,
1805,,,,,,,,,,,
1806,,,,,,,,,,,
1807,,,,,,,,,,,
1808,,,,,,,,,,,
1809,,,,,,,,,,,
1810,,,,,,,,,,,
1811,,,,,,,,,,,
1812,,,,,,,,,,,
1813,,,,,,,,,,,
1814,,,,,,,,,,,
1815,,,,,,,,,,,
1816,,,,,,,,,,,
1817,,,,,,,,,,,
1818,,,,,,,,,,,
1819,,,,,,,,,,,
1820,,,,,,,,,,,
1821,,,,,,,,,,,
1822,,,,,,,,,,,
1823,,,,,,,,,,,
1824,,,,,,,,,,,
1825,,,,,,,,,,,
1826,,,,,,,,,,,
1827,,,,,,,,,,,
1828,,,,,,,,,,,
1829,,,,,,,,,,,
1830,,,,,,,,,,,
1831,,,,,,,,,,,
1832,,,,,,,,,,,
1833,,,,,,,,,,,
1834,,,,,,,,,,,
1835,,,,,,,,,,,
1836,,,,,,,,,,,
1837,,,,,,,,,,,
1838,,,,,,,,,,,
1839,,,,,,,,,,,
1840,,,,,,,,,,,
1841,,,,,,,,,,,
1842,,,,,,,,,,,
1843,,,,,,,,,,,
1844,,,,,,,,,,,
1845,,,,,,,,,,,
1846,,,,,,,,,,,
1847,,,,,,,,,,,
1848,,,,,,,,,,,
1849,,,,,,,,,,,
1850,,,,,,,,,,,
1851,,,,,,,,,,,
1852,,,,,,,,,,,
1853,,,,,,,,,,,
1854,,,,,,,,,,,
1855,,,,,,,,,,,
1856,,,,,,,,,,,
1857,,,,,,,,,,,
1858,,,,,,,,,,,
1859,,,,,,,,,,,
1860,,,,,,,,,,,
1861,,,,,,,,,,,
1862,,,,,,,,,,,
1863,,,,,,,,,,,
1864,,,,,,,,,,,
1865,,,,,,,,,,,
1866,,,,,,,,,,,
1867,,,,,,,,,,,
1868,,,,,,,,,,,
1869,,,,,,,,,,,
1870,,,,,,,,,,,
1871,,,,,,,,,,,
1872,,,,,,,,,,,
1873,,,,,,,,,,,
1874,,,,,,,,,,,
1875,,,,,,,,,,,
1876,,,,,,,,,,,
1877,,,,,,,,,,,
1878,,,,,,,,,,,
1879,,,,,,,,,,,
1880,,,,,,,,,,,
1881,,,,,,,,,,,
1882,,,,,,,,,,,
1883,,,,,,,,,,,
1884,,,,,,,,,,,
1885,,,,,,,,,,,
1886,,,,,,,,,,,
1887,,,,,,,,,,,
1888,,,,,,,,,,,
1889,,,,,,,,,,,
1890,,,,,,,,,,,
1891,,,,,,,,,,,
1892,,,,,,,,,,,
1893,,,,,,,,,,,
1894,,,,,,,,,,,
1895,,,,,,,,,,,
1896,,,,,,,,,,,
1897,,,,,,,,,,,
1898,,,,,,,,,,,
1899,,,,,,,,,,,
1900,,,,,,,,,,,
1901,,,,,,,,,,,
1902,,,,,,,,,,,
1903,,,,,,,,,,,
1904,,,,,,,,,,,
1905,,,,,,,,,,,
1906,,,,,,,,,,,
1907,,,,,,,,,,,
1908,,,,,,,,,,,
1909,,,,,,,,,,,
1910,,,,,,,,,,,
1911,,,,,,,,,,,
1912,,,,,,,,,,,
1913,,,,,,,,,,,
1914,,,,,,,,,,,
1915,,,,,,,,,,,
1916,,,,,,,,,,,
1917,,,,,,,,,,,
1918,,,,,,,,,,,
1919,,,,,,,,,,,
1920,,,,,,,,,,,
1921,,,,,,,,,,,
1922,,,,,,,,,,,
1923,,,,,,,,,,,
1924,,,,,,,,,,,
1925,,,,,,,,,,,
1926,,,,,,,,,,,
1927,,,,,,,,,,,
1928,,,,,,,,,,,
1929,,,,,,,,,,,
1930,,,,,,,,,,,
1931,,,,,,,,,,,
1932,,,,,,,,,,,
1933,,,,,,,,,,,
1934,,,,,,,,,,,
1935,,,,,,,,,,,
1936,,,,,,,,,,,
1937,,,,,,,,,,,