Time,sample_1,sample_2,sample_3,sample_4,sample_5,sample_6,sample_7,sample_8,sample_9,sample_10,sample_11
0,25.0,25.0,24.9,25.0,2.98E+02,2.80E+02,2.79E+02,2.70E+02,264.3,215.7,216.2
1,25.0,24.9,24.9,25.0,2.99E+02,2.81E+02,2.80E+02,2.72E+02,266.8,222.9,222.2
2,25.0,25.0,24.9,25.0,3.00E+02,2.82E+02,2.81E+02,2.74E+02,269,229.2,227.7
3,25.0,25.0,24.9,25.0,3.01E+02,2.83E+02,2.82E+02,2.75E+02,271.1,234.8,232.7
4,25.0,25.0,24.9,25.0,3.02E+02,2.84E+02,2.83E+02,2.77E+02,273.1,239.9,237.4
5,25.0,25.0,24.9,25.0,3.03E+02,2.85E+02,2.84E+02,2.78E+02,274.9,244.4,241.8
6,25.0,25.0,25.0,25.0,3.04E+02,2.86E+02,2.85E+02,2.80E+02,276.6,248.5,245.9
7,25.0,25.0,24.9,25.0,3.05E+02,2.87E+02,2.86E+02,2.81E+02,278.3,252.1,249.7
8,25.0,25.0,24.9,25.0,3.06E+02,2.88E+02,2.87E+02,2.83E+02,279.9,255.5,253.3
9,25.0,25.0,24.9,25.0,3.07E+02,2.89E+02,2.88E+02,2.84E+02,281.4,258.4,256.6
10,25.0,25.0,24.9,25.0,3.08E+02,2.90E+02,2.90E+02,2.85E+02,282.8,261.1,259.6
11,25.0,25.0,24.9,25.0,3.09E+02,2.91E+02,2.91E+02,2.87E+02,284.2,263.5,262.5
12,25.0,25.0,24.9,25.0,3.09E+02,2.91E+02,2.92E+02,2.88E+02,285.6,265.9,265.2
13,25.0,25.0,24.9,25.0,3.10E+02,2.92E+02,2.93E+02,2.89E+02,286.7,267.9,267.7
14,25.0,25.0,24.9,25.0,3.11E+02,2.93E+02,2.94E+02,2.90E+02,288,269.8,270.1
15,25.0,25.0,25.0,25.0,3.12E+02,2.94E+02,2.95E+02,2.92E+02,289.1,271.7,272.3
16,25.0,25.0,24.9,25.0,3.13E+02,2.95E+02,2.96E+02,2.93E+02,290.2,273.3,274.5
17,25.0,25.0,24.9,25.0,3.14E+02,2.96E+02,2.97E+02,2.94E+02,291.2,274.9,276.4
18,25.0,25.0,24.9,25.0,3.15E+02,2.97E+02,2.98E+02,2.95E+02,292.3,276.4,278.3
19,25.0,25.0,24.9,25.0,3.15E+02,2.98E+02,2.99E+02,2.96E+02,293.2,277.7,280.2
20,25.0,25.0,24.9,25.0,3.16E+02,2.98E+02,3.00E+02,2.97E+02,294.2,279.1,281.9
21,25.0,25.0,24.9,25.0,3.17E+02,2.99E+02,3.01E+02,2.98E+02,295.1,280.4,283.5
22,25.0,25.0,24.9,25.0,3.18E+02,3.00E+02,3.01E+02,2.99E+02,296,281.4,285.1
23,25.0,25.0,24.9,25.0,3.19E+02,3.01E+02,3.02E+02,3.00E+02,296.9,282.5,286.6
24,25.0,25.0,24.9,25.0,3.19E+02,3.02E+02,3.03E+02,3.01E+02,297.6,283.6,288
25,25.0,25.0,24.9,25.0,3.20E+02,3.03E+02,3.04E+02,3.02E+02,298.4,284.6,289.4
26,25.0,25.0,24.9,25.0,3.21E+02,3.03E+02,3.05E+02,3.03E+02,299.2,285.6,290.6
27,25.0,25.0,24.9,25.0,3.22E+02,3.04E+02,3.06E+02,3.04E+02,299.9,286.5,291.8
28,25.0,25.0,24.9,25.0,3.22E+02,3.05E+02,3.07E+02,3.05E+02,300.6,287.3,293
29,25.0,25.0,24.9,25.0,3.23E+02,3.06E+02,3.07E+02,3.06E+02,301.4,288.3,294.1
30,25.0,25.0,25.0,25.0,3.24E+02,3.06E+02,3.08E+02,3.07E+02,302,289,295.2
31,25.0,25.0,24.9,25.0,3.24E+02,3.07E+02,3.09E+02,3.08E+02,302.8,289.8,296.3
32,25.0,25.0,24.9,25.0,3.25E+02,3.08E+02,3.10E+02,3.09E+02,303.4,290.6,297.3
33,25.0,25.0,24.9,25.0,3.26E+02,3.08E+02,3.10E+02,3.10E+02,304.1,291.4,298.2
34,25.0,25.0,24.9,25.0,3.26E+02,3.09E+02,3.11E+02,3.10E+02,304.8,292.2,299.1
35,25.0,25.0,24.9,25.0,3.27E+02,3.10E+02,3.12E+02,3.11E+02,305.5,292.9,300
36,25.0,25.0,24.9,25.0,3.27E+02,3.10E+02,3.12E+02,3.12E+02,305.9,293.6,300.9
37,25.0,25.0,24.9,25.0,3.28E+02,3.11E+02,3.13E+02,3.13E+02,306.4,294.3,301.7
38,25.0,25.0,24.9,25.0,3.29E+02,3.11E+02,3.14E+02,3.14E+02,306.8,294.9,302.6
39,25.0,25.0,24.9,25.0,3.29E+02,3.12E+02,3.14E+02,3.14E+02,307.3,295.5,303.4
40,25.0,25.0,24.9,25.0,3.30E+02,3.12E+02,3.15E+02,3.15E+02,307.8,296.3,304.1
41,25.0,25.0,24.9,25.0,3.30E+02,3.13E+02,3.16E+02,3.16E+02,308.2,296.8,304.9
42,25.0,25.0,24.9,25.0,3.31E+02,3.14E+02,3.16E+02,3.16E+02,308.7,297.3,305.6
43,25.0,25.0,24.9,25.0,3.31E+02,3.14E+02,3.17E+02,3.17E+02,309.2,297.9,306.3
44,25.0,25.0,24.9,25.0,3.32E+02,3.15E+02,3.18E+02,3.18E+02,309.6,298.5,307
45,25.0,25.0,24.9,25.0,3.32E+02,3.15E+02,3.18E+02,3.18E+02,310,299,307.7
46,25.0,25.0,25.0,25.0,3.33E+02,3.16E+02,3.19E+02,3.19E+02,310.5,299.6,308.4
47,25.0,25.0,25.0,25.0,3.33E+02,3.16E+02,3.19E+02,3.19E+02,310.9,300.2,309.1
48,25.0,25.0,24.9,25.0,3.34E+02,3.17E+02,3.20E+02,3.20E+02,311.4,300.6,309.7
49,25.0,25.0,25.0,25.0,3.34E+02,3.17E+02,3.20E+02,3.21E+02,311.9,301.2,310.4
50,25.0,25.0,24.9,25.0,3.34E+02,3.18E+02,3.21E+02,3.21E+02,312.3,301.7,311
51,25.0,25.0,24.9,25.1,3.35E+02,3.18E+02,3.21E+02,3.22E+02,312.7,302.1,311.6
52,25.0,25.0,24.9,25.0,3.35E+02,3.19E+02,3.22E+02,3.22E+02,313.2,302.7,312.3
53,25.0,25.0,25.0,25.1,3.36E+02,3.19E+02,3.22E+02,3.23E+02,313.6,303.1,312.9
54,25.0,25.0,25.0,25.0,3.36E+02,3.19E+02,3.23E+02,3.23E+02,314.1,303.6,313.5
55,25.0,25.0,25.0,25.0,3.36E+02,3.20E+02,3.23E+02,3.24E+02,314.5,304.1,314
56,25.0,25.0,24.9,25.0,3.37E+02,3.20E+02,3.24E+02,3.24E+02,315,304.6,314.5
57,25.0,25.0,24.9,25.1,3.37E+02,3.21E+02,3.24E+02,3.25E+02,315.3,305,315.1
58,25.0,25.0,24.9,25.0,3.37E+02,3.21E+02,3.25E+02,3.25E+02,315.7,305.5,315.7
59,25.1,25.1,25.1,25.2,3.38E+02,3.22E+02,3.25E+02,3.25E+02,316.1,305.9,316.2
60,25.1,25.1,25.1,25.2,3.38E+02,3.22E+02,3.25E+02,3.26E+02,316.6,306.4,316.7
61,25.1,25.1,25.1,25.1,3.38E+02,3.22E+02,3.26E+02,3.26E+02,317,306.8,317.3
62,25.1,25.1,25.0,25.2,3.38E+02,3.23E+02,3.26E+02,3.27E+02,317.4,307.2,317.9
63,25.1,25.1,25.1,25.1,3.39E+02,3.23E+02,3.27E+02,3.27E+02,317.8,307.7,318.5
64,25.1,25.1,25.0,25.1,3.39E+02,3.23E+02,3.27E+02,3.28E+02,318.2,308.1,318.9
65,25.1,25.1,25.0,25.2,3.39E+02,3.24E+02,3.27E+02,3.28E+02,318.6,308.5,319.5
66,25.1,25.1,25.0,25.1,3.40E+02,3.24E+02,3.28E+02,3.28E+02,319.1,308.9,320
67,25.1,25.1,25.1,25.2,3.40E+02,3.24E+02,3.28E+02,3.29E+02,319.5,309.4,320.5
68,25.1,25.1,25.1,25.2,3.40E+02,3.25E+02,3.28E+02,3.29E+02,319.8,309.9,321
69,25.1,25.1,25.1,25.1,3.40E+02,3.25E+02,3.29E+02,3.29E+02,320.3,310.4,321.6
70,25.1,25.1,25.0,25.1,3.41E+02,3.25E+02,3.29E+02,3.30E+02,320.7,310.9,322.1
71,25.1,25.1,25.0,25.2,3.41E+02,3.26E+02,3.29E+02,3.30E+02,321.2,311.3,322.7
72,25.1,25.1,25.1,25.2,3.41E+02,3.26E+02,3.30E+02,3.30E+02,321.6,311.9,323.2
73,25.1,25.1,25.1,25.1,3.41E+02,3.26E+02,3.30E+02,3.31E+02,322,312.3,323.8
74,25.1,25.1,25.1,25.2,3.41E+02,3.26E+02,3.30E+02,3.31E+02,322.4,312.9,324.4
75,25.1,25.1,25.0,25.2,3.42E+02,3.27E+02,3.31E+02,3.31E+02,322.9,313.3,325
76,25.1,25.1,25.1,25.2,3.42E+02,3.27E+02,3.31E+02,3.32E+02,323.4,313.9,325.6
77,25.1,25.1,25.1,25.2,3.42E+02,3.27E+02,3.31E+02,3.32E+02,323.9,314.4,326.1
78,25.1,25.1,25.1,25.2,3.42E+02,3.28E+02,3.32E+02,3.32E+02,324.2,315,326.7
79,25.1,25.1,25.0,25.1,3.42E+02,3.28E+02,3.32E+02,3.33E+02,324.7,315.4,327.2
80,25.1,25.1,25.1,25.2,3.43E+02,3.28E+02,3.32E+02,3.33E+02,325.1,316,327.9
81,25.1,25.1,25.0,25.2,3.43E+02,3.28E+02,3.33E+02,3.33E+02,325.6,316.5,328.6
82,25.1,25.1,25.0,25.2,3.43E+02,3.29E+02,3.33E+02,3.33E+02,326,317.1,329.2
83,25.1,25.1,25.1,25.2,3.43E+02,3.29E+02,3.33E+02,3.34E+02,326.5,317.7,329.8
84,25.1,25.1,25.1,25.2,3.43E+02,3.29E+02,3.33E+02,3.34E+02,327,318.4,330.6
85,25.1,25.1,25.0,25.2,3.43E+02,3.29E+02,3.33E+02,3.34E+02,327.5,319,331.2
86,25.1,25.1,25.0,25.2,3.43E+02,3.30E+02,3.34E+02,3.34E+02,328.3,319.5,332
87,25.1,25.1,25.1,25.2,3.44E+02,3.30E+02,3.34E+02,3.34E+02,328.9,320.1,332.7
88,25.1,25.1,25.0,25.1,3.44E+02,3.30E+02,3.34E+02,3.35E+02,329.5,320.9,333.3
89,25.1,25.1,25.1,25.2,3.44E+02,3.30E+02,3.34E+02,3.35E+02,330.2,321.5,334.1
90,25.1,25.1,25.1,25.1,3.44E+02,3.30E+02,3.34E+02,3.35E+02,330.9,322.1,264.5
91,25.1,25.1,25.0,25.2,3.44E+02,3.30E+02,3.35E+02,3.35E+02,331.6,322.3,335.1
92,25.1,25.1,25.1,25.2,3.44E+02,3.31E+02,3.35E+02,3.35E+02,332.4,322.3,336.5
93,25.1,25.1,25.0,25.2,3.44E+02,3.31E+02,3.35E+02,3.36E+02,333.1,322.1,331.9
94,25.1,25.1,25.1,25.1,3.44E+02,3.31E+02,3.35E+02,3.36E+02,334,321.6,338.1
95,25.1,25.1,25.0,25.2,3.44E+02,3.31E+02,3.35E+02,3.36E+02,334.8,321,338.9
96,25.1,25.1,25.0,25.2,3.45E+02,3.31E+02,3.36E+02,3.36E+02,335.5,320.1,339.6
97,25.1,25.1,25.1,25.2,3.45E+02,3.31E+02,3.36E+02,3.36E+02,336.2,319.3,340.5
98,25.1,25.1,25.0,25.1,3.45E+02,3.32E+02,3.36E+02,3.36E+02,336.9,318.3,341.2
99,25.1,25.1,25.1,25.2,3.45E+02,3.32E+02,3.36E+02,3.37E+02,337.1,317.2,342
100,25.1,25.1,25.0,25.2,3.45E+02,3.32E+02,3.36E+02,3.37E+02,336.9,316,343
101,25.1,25.1,25.1,25.2,3.45E+02,3.32E+02,3.36E+02,3.37E+02,336.5,314.8,343.9
102,25.1,25.1,25.1,25.1,3.45E+02,3.32E+02,3.36E+02,3.37E+02,335.8,313.4,344.2
103,25.1,25.1,25.1,25.1,3.45E+02,3.32E+02,3.37E+02,3.37E+02,334.8,312.1,344.7
104,25.1,25.1,25.1,25.2,3.45E+02,3.33E+02,3.37E+02,3.37E+02,333.7,310.8,345
105,25.1,25.1,25.1,25.2,3.45E+02,3.33E+02,3.37E+02,3.37E+02,332.5,309.3,345
106,25.1,25.1,25.0,25.2,3.45E+02,3.33E+02,3.37E+02,3.38E+02,331.3,307.9,344.7
107,25.1,25.1,25.0,25.1,3.45E+02,3.33E+02,3.37E+02,3.38E+02,330.1,306.3,344.4
108,25.1,25.1,25.1,25.2,3.46E+02,3.33E+02,3.37E+02,3.38E+02,328.6,304.5,343.9
109,25.1,25.1,25.0,25.2,3.46E+02,3.33E+02,3.37E+02,3.38E+02,327.1,302.5,343.2
110,25.1,25.1,25.0,25.2,3.46E+02,3.33E+02,3.37E+02,3.38E+02,325.6,300.5,342.4
111,25.1,25.1,25.0,25.1,3.46E+02,3.33E+02,3.38E+02,3.38E+02,323.9,298.5,341.5
112,25.1,25.1,25.0,25.1,3.46E+02,3.34E+02,3.38E+02,3.38E+02,322.3,296.4,340.5
113,25.1,25.1,25.0,25.2,3.46E+02,3.34E+02,3.38E+02,3.38E+02,320.6,294.5,339.4
114,25.1,25.1,25.0,25.2,3.46E+02,3.34E+02,3.38E+02,3.39E+02,318.9,292.5,338.3
115,25.1,25.1,25.0,25.1,3.46E+02,3.34E+02,3.38E+02,3.39E+02,317.1,290.5,337.1
116,25.1,25.1,25.1,25.2,3.46E+02,3.34E+02,3.38E+02,3.39E+02,315.4,288.6,335.9
117,25.1,25.1,25.1,25.2,3.46E+02,3.34E+02,3.38E+02,3.39E+02,313.7,286.6,334.5
118,25.1,25.1,25.1,25.2,3.46E+02,3.34E+02,3.38E+02,3.39E+02,312,284.8,333.2
119,25.1,25.1,25.1,25.1,3.46E+02,3.34E+02,3.38E+02,3.39E+02,310.2,282.9,331.8
120,25.1,25.1,25.0,25.2,3.46E+02,3.34E+02,3.38E+02,3.39E+02,308.5,281.1,330.3
121,25.1,25.1,25.0,25.2,3.46E+02,3.35E+02,3.39E+02,3.39E+02,306.7,279.3,328.8
122,25.1,25.1,25.0,25.1,3.46E+02,3.35E+02,3.39E+02,3.39E+02,304.9,277.6,327.3
123,25.1,25.1,25.0,25.1,3.46E+02,3.35E+02,3.39E+02,3.40E+02,303.2,275.9,325.7
124,25.1,25.1,25.1,25.1,3.46E+02,3.35E+02,3.39E+02,3.40E+02,301.4,274.2,324.1
125,25.1,25.1,25.1,25.1,3.46E+02,3.35E+02,3.39E+02,3.40E+02,299.7,272.5,322.6
126,25.1,25.1,25.0,25.2,3.46E+02,3.35E+02,3.39E+02,3.40E+02,297.9,270.8,320.9
127,25.1,25.1,25.1,25.2,3.46E+02,3.35E+02,3.39E+02,3.40E+02,296.3,269.1,319.4
128,25.1,25.1,25.1,25.1,3.47E+02,3.35E+02,3.39E+02,3.40E+02,294.5,267.5,317.7
129,25.1,25.1,25.0,25.1,3.47E+02,3.35E+02,3.39E+02,3.40E+02,292.8,265.9,316.1
130,25.1,25.1,25.0,25.2,3.47E+02,3.35E+02,3.39E+02,3.40E+02,291.1,264.3,314.4
131,25.1,25.1,25.1,25.1,3.47E+02,3.35E+02,3.39E+02,3.40E+02,289.4,262.8,312.8
132,25.1,25.1,25.1,25.2,3.47E+02,3.36E+02,3.39E+02,3.40E+02,287.7,261.1,311.1
133,25.1,25.1,25.0,25.2,3.47E+02,3.36E+02,3.39E+02,3.41E+02,286,259.6,309.5
134,25.1,25.1,25.0,25.1,3.47E+02,3.36E+02,3.40E+02,3.41E+02,284.4,258.1,307.9
135,25.1,25.1,25.0,25.2,3.47E+02,3.36E+02,3.40E+02,3.41E+02,282.7,256.6,306.1
136,25.1,25.1,25.0,25.2,3.47E+02,3.36E+02,3.40E+02,3.41E+02,281.1,255.2,304.5
137,25.1,25.1,25.0,25.1,3.47E+02,3.36E+02,3.40E+02,3.41E+02,279.4,253.7,302.9
138,25.1,25.1,25.1,25.2,3.47E+02,3.36E+02,3.40E+02,3.41E+02,277.8,252.2,301.2
139,25.1,25.1,25.0,25.2,3.47E+02,3.36E+02,3.40E+02,3.41E+02,276.2,250.8,299.6
140,25.1,25.1,25.0,25.2,3.47E+02,3.36E+02,3.40E+02,3.41E+02,274.6,249.4,298
141,25.1,25.1,25.1,25.2,3.47E+02,3.37E+02,3.40E+02,3.41E+02,273.1,247.9,296.4
142,25.1,25.1,25.1,25.1,3.47E+02,3.37E+02,3.40E+02,3.42E+02,271.4,246.5,294.7
143,25.1,25.1,25.0,25.2,3.47E+02,3.37E+02,3.40E+02,3.42E+02,270,245.1,293.1
144,25.1,25.1,25.0,25.1,3.47E+02,3.37E+02,3.41E+02,3.42E+02,268.3,243.7,291.5
145,25.1,25.1,25.0,25.2,3.48E+02,3.37E+02,3.41E+02,3.42E+02,266.9,242.3,289.9
146,25.1,25.1,25.0,25.1,3.48E+02,3.37E+02,3.41E+02,3.42E+02,265.3,241,288.3
147,25.2,25.2,25.2,25.3,3.48E+02,3.37E+02,3.41E+02,3.42E+02,263.8,239.7,286.7
148,25.2,25.2,25.1,25.3,3.48E+02,3.37E+02,3.41E+02,3.42E+02,262.4,238.4,285.2
149,25.2,25.2,25.1,25.2,3.48E+02,3.37E+02,3.41E+02,3.42E+02,260.8,236.9,283.6
150,25.2,25.2,25.1,25.2,3.48E+02,3.38E+02,3.41E+02,3.43E+02,259.4,235.6,282
151,25.2,25.2,25.1,25.3,3.48E+02,3.38E+02,3.41E+02,3.43E+02,257.9,234.4,280.4
152,25.2,25.2,25.1,25.2,3.48E+02,3.38E+02,3.41E+02,3.43E+02,256.5,233.1,278.9
153,25.2,25.2,25.1,25.3,3.48E+02,3.38E+02,3.42E+02,3.43E+02,255.1,231.9,277.3
154,25.2,25.2,25.1,25.2,3.48E+02,3.38E+02,3.42E+02,3.43E+02,253.7,230.6,275.9
155,25.2,25.2,25.1,25.2,3.48E+02,3.38E+02,3.42E+02,3.44E+02,252.3,229.3,274.4
156,25.2,25.2,25.1,25.2,3.49E+02,3.38E+02,3.42E+02,3.44E+02,250.8,228.2,272.9
157,25.2,25.2,25.1,25.2,3.49E+02,3.39E+02,3.42E+02,3.44E+02,249.5,226.9,271.4
158,25.2,25.2,25.1,25.2,3.49E+02,3.39E+02,3.42E+02,3.44E+02,248.1,225.7,270
159,25.2,25.2,25.1,25.2,3.49E+02,3.39E+02,3.42E+02,3.44E+02,246.7,224.6,268.5
160,25.2,25.2,25.2,25.3,3.49E+02,3.39E+02,3.43E+02,3.44E+02,245.3,223.4,267
161,25.2,25.2,25.1,25.3,3.49E+02,3.39E+02,3.43E+02,3.45E+02,244,222.2,265.6
162,25.2,25.2,25.1,25.2,3.49E+02,3.39E+02,3.43E+02,3.45E+02,242.6,221.1,264.1
163,25.2,25.2,25.1,25.3,3.49E+02,3.39E+02,3.43E+02,3.45E+02,241.3,219.9,262.8
164,25.2,25.2,25.1,25.2,3.49E+02,3.40E+02,3.43E+02,3.45E+02,240,218.8,261.4
165,25.2,25.2,25.2,25.2,3.50E+02,3.40E+02,3.44E+02,3.45E+02,238.7,217.6,260
166,25.2,25.2,25.1,25.2,3.50E+02,3.40E+02,3.44E+02,3.46E+02,237.4,216.6,258.6
167,25.2,25.2,25.1,25.3,3.50E+02,3.40E+02,3.44E+02,3.46E+02,236.1,215.5,257.2
168,25.2,25.2,25.1,25.2,3.50E+02,3.40E+02,3.44E+02,3.46E+02,234.8,214.3,255.9
169,25.2,25.2,25.1,25.2,3.50E+02,3.40E+02,3.45E+02,3.46E+02,233.6,213.2,254.5
170,25.2,25.2,25.1,25.3,3.50E+02,3.41E+02,3.45E+02,3.46E+02,232.4,212.1,253.1
171,25.2,25.2,25.1,25.2,3.50E+02,3.41E+02,3.45E+02,3.46E+02,231.1,211,251.8
172,25.2,25.2,25.1,25.2,3.50E+02,3.41E+02,3.46E+02,3.47E+02,230,210,250.3
173,25.2,25.2,25.1,25.2,3.50E+02,3.41E+02,3.46E+02,3.47E+02,228.7,208.9,249.1
174,25.2,25.2,25.1,25.3,3.50E+02,3.41E+02,3.46E+02,3.47E+02,227.5,207.9,247.8
175,25.2,25.2,25.1,25.2,3.50E+02,3.41E+02,3.46E+02,3.47E+02,226.4,206.8,246.5
176,25.2,25.2,25.1,25.2,3.50E+02,3.41E+02,3.47E+02,3.47E+02,225.1,205.7,245.2
177,25.2,25.2,25.1,25.2,3.50E+02,3.42E+02,3.47E+02,3.48E+02,224,204.7,243.9
178,25.2,25.2,25.1,25.2,3.50E+02,3.42E+02,3.47E+02,3.48E+02,222.9,203.7,242.6
179,25.2,25.2,25.1,25.2,3.50E+02,3.42E+02,3.47E+02,3.48E+02,221.8,202.7,241.3
180,25.2,25.2,25.1,25.3,3.50E+02,3.42E+02,3.48E+02,3.48E+02,220.5,201.6,240
181,25.2,25.2,25.1,25.2,3.50E+02,3.42E+02,3.48E+02,3.48E+02,219.4,200.6,238.7
182,25.2,25.2,25.1,25.2,3.50E+02,3.42E+02,3.48E+02,3.49E+02,218.3,199.5,237.5
183,25.2,25.2,25.1,25.2,3.50E+02,3.43E+02,3.48E+02,3.49E+02,217.1,198.5,236.3
184,25.2,25.2,25.1,25.2,3.50E+02,3.43E+02,3.49E+02,3.49E+02,216,197.5,235.1
185,25.2,25.2,25.1,25.2,3.50E+02,3.43E+02,3.49E+02,3.49E+02,214.9,196.6,233.9
186,25.2,25.2,25.1,25.2,3.50E+02,3.43E+02,3.49E+02,3.49E+02,213.7,195.6,232.7
187,25.2,25.2,25.1,25.2,3.51E+02,3.43E+02,3.49E+02,3.50E+02,212.7,194.6,231.4
188,25.2,25.2,25.1,25.2,3.51E+02,3.43E+02,3.48E+02,3.50E+02,211.6,193.6,230.3
189,25.2,25.2,25.1,25.2,3.51E+02,3.44E+02,3.47E+02,3.50E+02,210.5,192.6,229
190,25.2,25.2,25.1,25.2,3.51E+02,3.44E+02,3.46E+02,3.50E+02,209.4,191.6,227.9
191,25.2,25.1,25.1,25.2,3.51E+02,3.44E+02,3.45E+02,3.50E+02,208.4,190.6,226.6
192,25.2,25.2,25.1,25.2,3.51E+02,3.44E+02,3.44E+02,3.51E+02,207.3,189.8,225.5
193,25.2,25.2,25.1,25.2,3.51E+02,3.44E+02,3.43E+02,3.51E+02,206.2,188.8,224.3
194,25.2,25.2,25.1,25.3,3.51E+02,3.45E+02,3.41E+02,3.51E+02,205.2,187.8,223.2
195,25.2,25.2,25.1,25.3,3.50E+02,3.45E+02,3.40E+02,3.51E+02,204.2,186.9,222.1
196,25.2,25.2,25.1,25.2,3.50E+02,3.45E+02,3.38E+02,3.51E+02,203.1,186,221
197,25.2,25.2,25.1,25.2,3.49E+02,3.45E+02,3.36E+02,3.51E+02,202,185.1,219.8
198,25.2,25.2,25.1,25.2,3.47E+02,3.45E+02,3.35E+02,3.52E+02,201,184.2,218.8
199,25.2,25.2,25.1,25.2,3.46E+02,3.46E+02,3.33E+02,3.52E+02,200,183.2,217.6
200,25.2,25.2,25.1,25.2,3.44E+02,3.46E+02,3.31E+02,3.52E+02,199,182.4,216.5
201,25.2,25.2,25.1,25.2,3.43E+02,3.46E+02,3.29E+02,3.52E+02,198,181.5,215.5
202,25.2,25.2,25.1,25.2,3.41E+02,3.46E+02,3.27E+02,3.52E+02,197,180.6,214.3
203,25.2,25.2,25.1,25.2,3.39E+02,3.46E+02,3.25E+02,3.53E+02,196.1,179.8,213.3
204,25.2,25.1,25.1,25.2,3.37E+02,3.46E+02,3.23E+02,3.53E+02,195.1,178.9,212.2
205,25.2,25.2,25.1,25.2,3.35E+02,3.47E+02,3.21E+02,3.53E+02,194.2,178.1,211.2
206,25.2,25.2,25.1,25.2,3.33E+02,3.47E+02,3.19E+02,3.52E+02,193.2,177.3,210.2
207,25.2,25.2,25.1,25.2,3.31E+02,3.47E+02,3.17E+02,3.52E+02,192.3,176.4,209.1
208,25.2,25.2,25.1,25.2,3.29E+02,3.47E+02,3.15E+02,3.51E+02,191.3,175.6,208.1
209,25.2,25.2,25.1,25.2,3.27E+02,3.47E+02,3.14E+02,3.50E+02,190.4,174.8,207.1
210,25.2,25.2,25.1,25.2,3.25E+02,3.47E+02,3.12E+02,3.50E+02,189.5,173.9,206.1
211,25.2,25.2,25.1,25.2,3.23E+02,3.47E+02,3.10E+02,3.49E+02,188.6,173.3,205
212,25.2,25.2,25.1,25.2,3.21E+02,3.48E+02,3.08E+02,3.48E+02,187.8,172.4,204
213,25.2,25.2,25.1,25.2,3.19E+02,3.48E+02,3.06E+02,3.47E+02,186.8,171.7,203.1
214,25.2,25.1,25.1,25.2,3.17E+02,3.48E+02,3.04E+02,3.46E+02,186,170.9,202
215,25.2,25.1,25.1,25.2,3.15E+02,3.47E+02,3.02E+02,3.45E+02,185.1,170.1,201.1
216,25.2,25.2,25.1,25.2,3.13E+02,3.46E+02,3.01E+02,3.44E+02,184.3,169.4,200.1
217,25.2,25.1,25.1,25.2,3.11E+02,3.45E+02,2.99E+02,3.43E+02,183.4,168.6,199.1
218,25.2,25.1,25.1,25.2,3.09E+02,3.44E+02,2.97E+02,3.42E+02,182.5,167.8,198.2
219,25.2,25.2,25.1,25.2,3.07E+02,3.43E+02,2.95E+02,3.41E+02,181.8,167,197.3
220,25.2,25.2,25.1,25.2,3.06E+02,3.41E+02,2.94E+02,3.38E+02,181.4,166.3,196.3
221,25.2,25.2,25.1,25.2,3.04E+02,3.39E+02,2.92E+02,3.34E+02,181.5,165.5,195.4
222,25.2,25.2,25.1,25.2,3.02E+02,3.38E+02,2.90E+02,3.31E+02,181.8,164.8,194.4
223,25.2,25.1,25.1,25.2,3.00E+02,3.36E+02,2.89E+02,3.29E+02,181.9,164.1,193.5
224,25.2,25.2,25.1,25.2,2.98E+02,3.34E+02,2.87E+02,3.26E+02,182.1,163.3,192.6
225,25.2,25.2,25.1,25.2,2.96E+02,3.32E+02,2.86E+02,3.24E+02,182.3,162.6,191.8
226,25.3,25.3,25.2,25.3,2.95E+02,3.30E+02,2.84E+02,3.21E+02,182.4,161.8,190.8
227,25.3,25.2,25.2,25.3,2.93E+02,3.28E+02,2.82E+02,3.19E+02,182.5,161.1,190
228,25.3,25.3,25.2,25.3,2.91E+02,3.26E+02,2.81E+02,3.17E+02,182.6,160.4,189.1
229,25.3,25.2,25.2,25.3,2.89E+02,3.25E+02,2.79E+02,3.15E+02,182.5,159.6,188.1
230,25.3,25.2,25.2,25.3,2.88E+02,3.23E+02,2.78E+02,3.13E+02,182.5,158.9,187.3
231,25.3,25.3,25.2,25.3,2.86E+02,3.21E+02,2.76E+02,3.11E+02,182.4,158.2,186.4
232,25.3,25.2,25.2,25.3,2.84E+02,3.19E+02,2.74E+02,3.09E+02,182.4,157.4,185.6
233,25.3,25.2,25.2,25.3,2.82E+02,3.17E+02,2.73E+02,3.07E+02,182.3,156.8,184.7
234,25.3,25.3,25.2,25.3,2.81E+02,3.15E+02,2.71E+02,3.05E+02,182.1,156,183.9
235,25.3,25.3,25.2,25.3,2.79E+02,3.13E+02,2.70E+02,3.03E+02,181.9,155.4,183
236,25.3,25.3,25.2,25.3,2.77E+02,3.11E+02,2.68E+02,3.01E+02,181.8,154.6,182.2
237,25.3,25.2,25.2,25.3,2.76E+02,3.10E+02,2.67E+02,2.99E+02,181.6,154,181.4
238,25.3,25.3,25.2,25.3,2.74E+02,3.08E+02,2.65E+02,2.97E+02,181.4,153.3,180.5
239,25.3,25.2,25.2,25.3,2.73E+02,3.06E+02,2.64E+02,2.95E+02,181.1,152.6,179.7
240,25.3,25.3,25.2,25.3,2.71E+02,3.04E+02,2.63E+02,2.93E+02,180.9,152,178.9
241,25.3,25.3,25.2,25.3,2.70E+02,3.02E+02,2.61E+02,2.92E+02,180.6,151.3,178.1
242,25.3,25.3,25.2,25.3,2.69E+02,3.01E+02,2.60E+02,2.90E+02,180.3,150.6,177.3
243,25.3,25.3,25.2,25.3,2.67E+02,2.99E+02,2.58E+02,2.88E+02,180.1,149.9,176.5
244,25.3,25.2,25.2,25.3,2.66E+02,2.97E+02,2.57E+02,2.86E+02,179.8,149.3,175.8
245,25.3,25.3,25.2,25.3,2.64E+02,2.95E+02,2.56E+02,2.85E+02,179.5,148.7,175
246,25.3,25.2,25.2,25.3,2.63E+02,2.94E+02,2.54E+02,2.83E+02,179.2,148.1,174.2
247,25.3,25.2,25.2,25.3,2.61E+02,2.92E+02,2.53E+02,2.81E+02,178.9,147.5,173.4
248,25.3,25.2,25.2,25.3,2.60E+02,2.90E+02,2.52E+02,2.80E+02,178.6,146.8,172.6
249,25.3,25.2,25.2,25.3,2.58E+02,2.88E+02,2.50E+02,2.78E+02,178.3,146.2,171.9
250,25.3,25.2,25.2,25.3,2.57E+02,2.87E+02,2.49E+02,2.76E+02,177.9,145.5,171.2
251,25.3,25.2,25.2,25.3,2.56E+02,2.85E+02,2.47E+02,2.75E+02,177.6,144.9,170.4
252,25.3,25.3,25.2,25.3,2.54E+02,2.83E+02,2.46E+02,2.73E+02,177.2,144.3,169.7
253,25.3,25.2,25.2,25.3,2.53E+02,2.82E+02,2.45E+02,2.72E+02,176.9,143.7,168.9
254,25.3,25.2,25.2,25.3,2.52E+02,2.80E+02,2.44E+02,2.70E+02,176.5,143.1,168.2
255,25.3,25.2,25.2,25.3,2.50E+02,2.79E+02,2.42E+02,2.68E+02,176.1,142.5,167.5
256,25.3,25.2,25.2,25.3,2.49E+02,2.77E+02,2.41E+02,2.67E+02,175.8,141.8,166.8
257,25.3,25.2,25.2,25.3,2.48E+02,2.75E+02,2.40E+02,2.65E+02,175.3,141.2,166
258,25.3,25.2,25.2,25.3,2.46E+02,2.74E+02,2.39E+02,2.64E+02,175,140.6,165.3
259,25.3,25.2,25.2,25.3,2.45E+02,2.72E+02,2.37E+02,2.62E+02,174.6,140,164.6
260,25.3,25.2,25.2,25.3,2.44E+02,2.71E+02,2.36E+02,2.61E+02,174.1,139.4,163.9
261,25.3,25.2,25.2,25.3,2.42E+02,2.69E+02,2.35E+02,2.59E+02,173.8,138.8,163.2
262,25.3,25.2,25.2,25.3,2.41E+02,2.68E+02,2.34E+02,2.58E+02,173.4,138.3,162.6
263,25.3,25.2,25.2,25.3,2.40E+02,2.66E+02,2.33E+02,2.57E+02,172.9,137.6,161.9
264,25.3,25.2,25.2,25.3,2.38E+02,2.65E+02,2.31E+02,2.55E+02,172.6,137.1,161.3
265,25.3,25.2,25.2,25.3,2.37E+02,2.63E+02,2.30E+02,2.54E+02,172.1,136.5,160.7
266,25.3,25.2,25.2,25.3,2.36E+02,2.62E+02,2.29E+02,2.52E+02,171.8,136,160.2
267,25.2,25.2,25.2,25.3,2.35E+02,2.60E+02,2.28E+02,2.51E+02,171.3,135.4,159.6
268,25.2,25.2,25.2,25.3,2.33E+02,2.59E+02,2.27E+02,2.50E+02,170.9,134.9,159.1
269,25.2,25.2,25.2,25.3,2.32E+02,2.58E+02,2.26E+02,2.48E+02,170.4,134.3,158.6
270,25.3,25.2,25.2,25.3,2.31E+02,2.56E+02,2.25E+02,2.47E+02,170.1,133.8,158.2
271,25.3,25.2,25.2,25.3,2.30E+02,2.55E+02,2.24E+02,2.46E+02,169.6,133.3,157.8
272,25.3,25.2,25.2,25.3,2.29E+02,2.53E+02,2.22E+02,2.44E+02,169.2,132.7,157.3
273,25.3,25.2,25.2,25.3,2.27E+02,2.52E+02,2.21E+02,2.43E+02,168.7,132.2,156.9
274,25.2,25.2,25.2,25.3,2.26E+02,2.51E+02,2.20E+02,2.42E+02,168.3,131.6,156.6
275,25.3,25.2,25.2,25.3,2.25E+02,2.49E+02,2.19E+02,2.40E+02,167.9,131.1,156.3
276,25.2,25.2,25.2,25.3,2.24E+02,2.48E+02,2.18E+02,2.39E+02,167.4,130.6,155.9
277,25.3,25.2,25.2,25.3,2.23E+02,2.47E+02,2.17E+02,2.38E+02,166.9,130,155.5
278,25.3,25.2,25.2,25.3,2.22E+02,2.45E+02,2.16E+02,2.36E+02,166.6,129.5,155.1
279,25.3,25.2,25.2,25.2,2.21E+02,2.44E+02,2.15E+02,2.35E+02,166.1,129,154.8
280,25.3,25.2,25.1,25.3,2.19E+02,2.43E+02,2.14E+02,2.34E+02,165.6,128.6,154.4
281,25.2,25.2,25.2,25.2,2.18E+02,2.41E+02,2.13E+02,2.33E+02,165.1,128,154.1
282,25.2,25.2,25.2,25.3,2.17E+02,2.40E+02,2.11E+02,2.31E+02,164.7,127.5,153.8
283,25.3,25.2,25.2,25.2,2.16E+02,2.39E+02,2.10E+02,2.30E+02,164.2,127,153.4
284,25.2,25.2,25.1,25.2,2.15E+02,2.37E+02,2.09E+02,2.29E+02,163.8,126.5,153
285,25.2,25.2,25.1,25.2,2.14E+02,2.36E+02,2.08E+02,2.28E+02,163.3,126,152.7
286,25.2,25.2,25.1,25.3,2.13E+02,2.35E+02,2.07E+02,2.27E+02,162.8,125.6,152.3
287,25.2,25.2,25.1,25.3,2.12E+02,2.34E+02,2.06E+02,2.25E+02,162.3,125.1,152
288,25.2,25.2,25.1,25.2,2.11E+02,2.32E+02,2.05E+02,2.24E+02,161.9,124.6,151.6
289,25.2,25.2,25.1,25.2,2.10E+02,2.31E+02,2.04E+02,2.23E+02,161.5,124.1,151.3
290,25.2,25.2,25.1,25.2,2.09E+02,2.30E+02,2.03E+02,2.22E+02,161,123.7,151
291,25.2,25.2,25.1,25.2,2.08E+02,2.29E+02,2.03E+02,2.21E+02,160.5,123.2,150.5
292,25.2,25.2,25.1,25.2,2.07E+02,2.28E+02,2.02E+02,2.20E+02,160.1,122.7,150.2
293,25.2,25.2,25.1,25.2,2.06E+02,2.27E+02,2.01E+02,2.19E+02,159.6,122.3,149.8
294,25.2,25.2,25.2,25.3,2.05E+02,2.25E+02,2.00E+02,2.18E+02,159.1,121.8,149.4
295,25.2,25.2,25.1,25.2,2.04E+02,2.24E+02,1.99E+02,2.17E+02,158.6,121.3,149.1
296,25.3,25.3,25.2,25.3,2.03E+02,2.23E+02,1.98E+02,2.15E+02,158.1,120.9,148.7
297,25.3,25.3,25.2,25.4,2.02E+02,2.22E+02,1.97E+02,2.14E+02,157.7,120.4,148.3
298,25.3,25.3,25.2,25.3,2.01E+02,2.21E+02,1.96E+02,2.13E+02,157.3,119.9,148
299,25.3,25.3,25.2,25.3,2.00E+02,2.20E+02,1.95E+02,2.12E+02,156.7,119.6,147.6
300,25.3,25.3,25.2,25.3,1.99E+02,2.19E+02,1.94E+02,2.11E+02,156.3,119.2,147.2
301,25.3,25.3,25.2,25.3,1.98E+02,2.18E+02,1.93E+02,2.10E+02,155.8,118.7,146.8
302,25.3,25.3,25.2,25.3,1.97E+02,2.16E+02,1.92E+02,2.09E+02,155.3,118.2,146.5
303,25.3,25.3,25.2,25.3,1.96E+02,2.15E+02,1.91E+02,2.08E+02,154.8,117.8,146.1
304,25.3,25.3,25.2,25.3,1.95E+02,2.14E+02,1.91E+02,2.07E+02,154.3,117.3,145.7
305,25.3,25.2,25.2,25.3,1.94E+02,2.13E+02,1.90E+02,2.06E+02,153.8,116.9,145.4
306,25.3,25.3,25.2,25.3,1.93E+02,2.12E+02,1.89E+02,2.05E+02,153.4,116.4,145
307,25.3,25.3,25.2,25.3,1.92E+02,2.11E+02,1.88E+02,2.04E+02,152.8,116,144.6
308,25.3,25.3,25.2,25.3,1.91E+02,2.10E+02,1.87E+02,2.03E+02,152.3,115.9,144.2
309,25.3,25.3,25.2,25.3,1.90E+02,2.09E+02,1.86E+02,2.02E+02,151.9,115.6,143.8
310,25.3,25.3,25.2,25.3,1.89E+02,2.08E+02,1.85E+02,2.01E+02,151.4,115.1,143.4
311,25.3,25.2,25.2,25.3,1.88E+02,2.07E+02,1.85E+02,2.00E+02,151,114.6,143.1
312,25.3,25.3,25.2,25.3,1.88E+02,2.06E+02,1.84E+02,1.99E+02,150.4,114.3,142.8
313,25.3,25.2,25.2,25.3,1.87E+02,2.05E+02,1.83E+02,1.98E+02,149.9,113.8,142.4
314,25.3,25.2,25.2,25.3,1.86E+02,2.04E+02,1.82E+02,1.98E+02,149.5,113.2,142
315,25.3,25.3,25.2,25.3,1.85E+02,2.03E+02,1.81E+02,1.97E+02,149,112.7,141.7
316,25.3,25.3,25.2,25.3,1.84E+02,2.02E+02,1.81E+02,1.96E+02,148.5,112.3,141.3
317,25.3,25.2,25.2,25.3,1.83E+02,2.01E+02,1.80E+02,1.95E+02,148,111.9,141
318,25.3,25.2,25.2,25.3,1.82E+02,2.00E+02,1.79E+02,1.94E+02,147.5,111.5,140.6
319,25.3,25.3,25.2,25.3,1.82E+02,1.99E+02,1.78E+02,1.93E+02,147,111,140.2
320,25.3,25.3,25.2,25.3,1.81E+02,1.98E+02,1.77E+02,1.92E+02,146.5,110.6,139.9
321,25.3,25.3,25.2,25.3,1.80E+02,1.97E+02,1.77E+02,1.91E+02,146,110.2,139.5
322,25.3,25.3,25.2,25.3,1.79E+02,1.96E+02,1.76E+02,1.90E+02,145.5,109.8,139.1
323,25.3,25.2,25.2,25.3,1.78E+02,1.95E+02,1.75E+02,1.89E+02,145,109.3,138.8
324,25.3,25.3,25.2,25.3,1.78E+02,1.95E+02,1.74E+02,1.89E+02,144.6,108.9,138.4
325,25.3,25.2,25.2,25.3,1.77E+02,1.94E+02,1.74E+02,1.88E+02,144.1,108.5,138
326,25.3,25.2,25.2,25.3,1.76E+02,1.93E+02,1.73E+02,1.87E+02,143.6,108.1,137.6
327,25.3,25.2,25.2,25.3,1.75E+02,1.92E+02,1.72E+02,1.86E+02,143.1,107.7,137.3
328,25.3,25.2,25.2,25.3,1.74E+02,1.91E+02,1.71E+02,1.85E+02,142.6,107.3,137
329,25.3,25.3,25.2,25.3,1.74E+02,1.90E+02,1.71E+02,1.84E+02,142.1,106.9,136.6
330,25.3,25.3,25.2,25.3,1.73E+02,1.89E+02,1.70E+02,1.84E+02,141.7,106.4,136.2
331,25.3,25.2,25.2,25.3,1.72E+02,1.88E+02,1.69E+02,1.83E+02,141.2,106.1,135.9
332,25.3,25.2,25.2,25.3,1.71E+02,1.87E+02,1.68E+02,1.82E+02,140.7,105.6,135.4
333,25.3,25.2,25.2,25.3,1.71E+02,1.87E+02,1.68E+02,1.81E+02,140.2,105.2,135
334,25.3,25.2,25.2,25.3,1.70E+02,1.86E+02,1.67E+02,1.80E+02,139.7,104.8,134.7
335,25.3,25.3,25.2,25.3,1.69E+02,1.85E+02,1.66E+02,1.80E+02,139.2,104.4,134.4
336,25.3,25.3,25.2,25.3,1.68E+02,1.84E+02,1.66E+02,1.79E+02,138.8,104,133.9
337,25.3,25.2,25.2,25.3,1.68E+02,1.83E+02,1.65E+02,1.78E+02,138.3,103.6,133.6
338,25.3,25.2,25.2,25.3,1.67E+02,1.82E+02,1.64E+02,1.77E+02,137.8,103.3,133.3
339,25.3,25.2,25.2,25.3,1.66E+02,1.82E+02,1.64E+02,1.77E+02,137.3,102.8,132.9
340,25.3,25.2,25.2,25.3,1.66E+02,1.81E+02,1.63E+02,1.76E+02,136.8,102.4,132.5
341,25.3,25.2,25.2,25.3,1.65E+02,1.80E+02,1.62E+02,1.75E+02,136.4,102.1,132.2
342,25.3,25.3,25.2,25.3,1.64E+02,1.79E+02,1.62E+02,1.74E+02,135.9,101.7,131.9
343,25.3,25.2,25.2,25.3,1.63E+02,1.78E+02,1.61E+02,1.74E+02,135.5,101.3,131.5
344,25.3,25.2,25.2,25.3,1.63E+02,1.78E+02,1.60E+02,1.73E+02,135,101,131.1
345,25.3,25.2,25.2,25.3,1.62E+02,1.77E+02,1.60E+02,1.72E+02,134.5,100.5,130.8
346,25.3,25.2,25.2,25.3,1.61E+02,1.76E+02,1.59E+02,1.71E+02,134,100.2,130.4
347,25.3,25.3,25.2,25.3,1.61E+02,1.75E+02,1.58E+02,1.71E+02,133.4,99.9,130.1
348,25.3,25.2,25.2,25.3,1.60E+02,1.75E+02,1.58E+02,1.70E+02,133.1,99.5,129.8
349,25.3,25.2,25.2,25.3,1.59E+02,1.74E+02,1.57E+02,1.69E+02,132.5,99.2,129.3
350,25.3,25.2,25.2,25.3,1.59E+02,1.73E+02,1.56E+02,1.68E+02,132,98.8,129
351,25.3,25.2,25.2,25.3,1.58E+02,1.72E+02,1.56E+02,1.68E+02,131.7,98.5,128.7
352,25.3,25.2,25.2,25.3,1.57E+02,1.72E+02,1.55E+02,1.67E+02,131.1,98.1,128.3
353,25.3,25.2,25.2,25.3,1.57E+02,1.71E+02,1.54E+02,1.66E+02,130.7,97.8,128
354,25.3,25.2,25.2,25.3,1.56E+02,1.70E+02,1.54E+02,1.66E+02,130.3,97.5,127.6
355,25.3,25.2,25.2,25.3,1.55E+02,1.70E+02,1.53E+02,1.65E+02,129.8,97.2,127.3
356,25.3,25.2,25.2,25.3,1.55E+02,1.70E+02,1.52E+02,1.64E+02,129.3,96.8,126.9
357,25.3,25.2,25.2,25.3,1.54E+02,1.70E+02,1.52E+02,1.64E+02,128.9,96.5,126.6
358,25.3,25.2,25.2,25.3,1.53E+02,1.70E+02,1.51E+02,1.63E+02,128.5,96.3,126.3
359,25.2,25.2,25.2,25.3,1.53E+02,1.70E+02,1.51E+02,1.62E+02,128,96.1,125.9
360,25.3,25.2,25.2,25.3,1.52E+02,1.71E+02,1.50E+02,1.62E+02,127.5,95.9,125.6
361,25.3,25.2,25.2,25.3,1.52E+02,1.71E+02,1.50E+02,1.61E+02,127.1,95.8,125.2
362,25.2,25.2,25.2,25.3,1.51E+02,1.71E+02,1.49E+02,1.60E+02,126.6,95.7,124.9
363,25.2,25.2,25.2,25.3,1.50E+02,1.71E+02,1.48E+02,1.59E+02,126.2,95.5,124.6
364,25.3,25.2,25.2,25.3,1.50E+02,1.71E+02,1.48E+02,1.59E+02,125.7,95.5,124.3
365,25.4,25.3,25.3,25.4,1.49E+02,1.70E+02,1.47E+02,1.58E+02,125.2,95.4,124
366,25.4,25.3,25.3,25.4,1.49E+02,1.70E+02,1.47E+02,1.57E+02,124.8,95.3,123.7
367,25.4,25.3,25.3,25.4,1.48E+02,1.70E+02,1.46E+02,1.57E+02,124.4,95.2,123.3
368,25.3,25.3,25.3,25.4,1.47E+02,1.70E+02,1.45E+02,1.56E+02,124,95.2,122.9
369,25.4,25.3,25.3,25.4,1.47E+02,1.70E+02,1.45E+02,1.55E+02,123.5,95.2,122.6
370,25.3,25.3,25.3,25.4,1.46E+02,1.70E+02,1.44E+02,1.55E+02,123.2,95.1,122.3
371,25.3,25.3,25.3,25.4,1.46E+02,1.69E+02,1.44E+02,1.54E+02,122.8,95,121.9
372,25.4,25.3,25.3,25.4,1.45E+02,1.69E+02,1.43E+02,1.53E+02,122.5,95,121.6
373,25.3,25.3,25.3,25.4,1.44E+02,1.69E+02,1.42E+02,1.53E+02,122.2,95,121.3
374,25.3,25.3,25.3,25.4,1.44E+02,1.69E+02,1.42E+02,1.52E+02,121.9,94.9,120.9
375,25.3,25.3,25.3,25.3,1.43E+02,1.68E+02,1.41E+02,1.51E+02,121.6,94.8,120.5
376,25.3,25.3,25.2,25.3,1.43E+02,1.68E+02,1.41E+02,1.51E+02,121.4,94.7,120.2
377,25.3,25.3,25.3,25.4,1.42E+02,1.68E+02,1.40E+02,1.50E+02,121.2,94.7,119.9
378,25.3,25.3,25.2,25.3,1.42E+02,1.68E+02,1.40E+02,1.50E+02,121,94.6,119.6
379,25.3,25.3,25.3,25.4,1.41E+02,1.67E+02,1.39E+02,1.49E+02,120.8,94.5,119.2
380,25.3,25.3,25.2,25.4,1.41E+02,1.67E+02,1.38E+02,1.48E+02,120.6,94.4,118.9
381,25.3,25.3,25.2,25.3,1.41E+02,1.67E+02,1.38E+02,1.48E+02,120.4,94.4,118.5
382,25.3,25.3,25.2,25.3,1.41E+02,1.66E+02,1.37E+02,1.47E+02,120.2,94.2,118.2
383,25.3,25.3,25.2,25.3,1.40E+02,1.66E+02,1.37E+02,1.47E+02,120,94.1,117.8
384,25.3,25.3,25.2,25.3,1.40E+02,1.66E+02,1.37E+02,1.46E+02,119.8,94,117.6
385,25.3,25.3,25.3,25.3,1.40E+02,1.65E+02,1.36E+02,1.45E+02,119.6,93.9,117.2
386,25.3,25.3,25.2,25.4,1.39E+02,1.65E+02,1.36E+02,1.45E+02,119.3,93.7,116.9
387,25.3,25.3,25.3,25.3,1.39E+02,1.65E+02,1.36E+02,1.44E+02,119,93.7,116.6
388,25.3,25.3,25.2,25.3,1.39E+02,1.64E+02,1.35E+02,1.44E+02,118.7,93.5,116.2
389,25.3,25.3,25.2,25.4,1.39E+02,1.64E+02,1.35E+02,1.43E+02,118.3,93.3,115.9
390,25.4,25.3,25.3,25.3,1.39E+02,1.64E+02,1.35E+02,1.42E+02,118,93.2,115.6
391,25.3,25.3,25.3,25.4,1.39E+02,1.63E+02,1.35E+02,1.42E+02,117.7,93,115.3
392,25.3,25.3,25.2,25.4,1.38E+02,1.63E+02,1.34E+02,1.41E+02,117.3,92.8,115
393,25.4,25.3,25.3,25.4,1.38E+02,1.62E+02,1.34E+02,1.41E+02,116.9,92.7,114.6
394,25.4,25.3,25.2,25.4,1.38E+02,1.62E+02,1.34E+02,1.40E+02,116.4,92.4,114.3
395,25.4,25.3,25.3,25.4,1.38E+02,1.62E+02,1.34E+02,1.40E+02,116.1,92.3,114
396,25.4,25.3,25.3,25.4,1.38E+02,1.61E+02,1.34E+02,1.39E+02,115.6,92.1,113.6
397,25.4,25.3,25.3,25.4,1.38E+02,1.61E+02,1.33E+02,1.38E+02,115.2,91.9,113.3
398,25.4,25.3,25.3,25.4,1.38E+02,1.60E+02,1.33E+02,1.38E+02,114.8,91.7,113
399,25.4,25.3,25.3,25.4,1.38E+02,1.60E+02,1.33E+02,1.37E+02,114.3,91.6,112.6
400,25.4,25.3,25.3,25.3,1.38E+02,1.60E+02,1.33E+02,1.37E+02,113.9,91.3,112.4
401,25.4,25.3,25.3,25.3,1.38E+02,1.59E+02,1.33E+02,1.36E+02,113.5,91.2,112.1
402,25.4,25.3,25.3,25.4,1.38E+02,1.59E+02,1.33E+02,1.36E+02,113,91,111.7
403,25.4,25.3,25.3,25.4,1.38E+02,1.59E+02,1.33E+02,1.35E+02,112.6,90.8,111.4
404,25.4,25.3,25.3,25.3,1.38E+02,1.58E+02,1.33E+02,1.35E+02,112.2,90.5,111.1
405,25.4,25.3,25.3,25.3,1.38E+02,1.58E+02,1.32E+02,1.34E+02,111.8,90.4,110.8
406,25.4,25.3,25.3,25.4,1.37E+02,1.57E+02,1.32E+02,1.34E+02,111.3,90.2,110.5
407,25.4,25.3,25.3,25.4,1.37E+02,1.57E+02,1.32E+02,1.33E+02,110.9,90,110.2
408,25.4,25.3,25.2,25.3,1.37E+02,1.57E+02,1.32E+02,1.33E+02,110.5,89.9,109.9
409,25.3,25.3,25.3,25.4,1.37E+02,1.56E+02,1.32E+02,1.32E+02,110.1,89.6,109.6
410,25.4,25.3,25.3,25.3,1.37E+02,1.56E+02,1.32E+02,1.32E+02,109.6,89.5,109.3
411,25.4,25.3,25.2,25.3,1.37E+02,1.55E+02,1.32E+02,1.31E+02,109.2,89.3,109
412,25.4,25.3,25.2,25.4,1.37E+02,1.55E+02,1.32E+02,1.31E+02,108.8,89.2,108.7
413,25.4,25.3,25.3,25.4,1.37E+02,1.54E+02,1.32E+02,1.30E+02,108.4,89,108.4
414,25.4,25.3,25.2,25.3,1.37E+02,1.54E+02,1.32E+02,1.30E+02,107.9,88.8,108.1
415,25.3,25.3,25.3,25.3,1.37E+02,1.54E+02,1.32E+02,1.29E+02,107.5,88.7,107.8
416,25.4,25.3,25.2,25.4,1.37E+02,1.53E+02,1.31E+02,1.29E+02,107.1,88.5,107.5
417,25.4,25.3,25.2,25.3,1.37E+02,1.53E+02,1.31E+02,1.28E+02,106.7,88.2,107.2
418,25.4,25.3,25.2,25.3,1.37E+02,1.52E+02,1.31E+02,1.28E+02,106.2,88.1,106.8
419,25.4,25.3,25.3,25.3,1.37E+02,1.52E+02,1.31E+02,1.27E+02,105.8,87.9,106.6
420,25.4,25.3,25.2,25.3,1.37E+02,1.52E+02,1.31E+02,1.27E+02,105.4,87.8,106.3
421,25.4,25.3,25.3,25.3,1.37E+02,1.51E+02,1.31E+02,1.26E+02,105,87.6,106.1
422,25.4,25.3,25.2,25.3,1.37E+02,1.51E+02,1.31E+02,1.26E+02,104.7,87.5,105.7
423,25.4,25.3,25.3,25.4,1.37E+02,1.50E+02,1.31E+02,1.25E+02,104.2,87.4,105.5
424,25.4,25.3,25.3,25.3,1.37E+02,1.50E+02,1.31E+02,1.25E+02,103.8,87.2,105.2
425,25.4,25.3,25.3,25.3,1.36E+02,1.49E+02,1.31E+02,1.24E+02,103.5,87,104.9
426,25.4,25.3,25.3,25.3,1.36E+02,1.49E+02,1.31E+02,1.24E+02,103,86.9,104.6
427,25.4,25.3,25.3,25.4,1.36E+02,1.49E+02,1.31E+02,1.24E+02,102.6,86.7,104.4
428,25.4,25.3,25.2,25.4,1.36E+02,1.48E+02,1.30E+02,1.23E+02,102.2,86.6,104
429,25.3,25.3,25.2,25.3,1.36E+02,1.48E+02,1.30E+02,1.23E+02,101.9,86.4,103.8
430,25.4,25.3,25.3,25.4,1.36E+02,1.47E+02,1.30E+02,1.23E+02,101.5,86.2,103.5
431,25.4,25.3,25.3,25.3,1.36E+02,1.47E+02,1.30E+02,1.23E+02,101.1,86.1,103.2
432,25.4,25.3,25.3,25.3,1.36E+02,1.46E+02,1.30E+02,1.22E+02,100.7,85.9,103
433,25.4,25.3,25.3,25.3,1.36E+02,1.46E+02,1.30E+02,1.22E+02,100.3,85.8,102.7
434,25.3,25.3,25.2,25.3,1.36E+02,1.46E+02,1.30E+02,1.22E+02,99.9,85.6,102.4
435,25.4,25.3,25.3,25.3,1.36E+02,1.45E+02,1.30E+02,1.22E+02,99.5,85.4,102.1
436,25.4,25.3,25.2,25.3,1.36E+02,1.45E+02,1.30E+02,1.22E+02,99.2,85.3,101.8
437,25.4,25.3,25.2,25.3,1.36E+02,1.44E+02,1.30E+02,1.21E+02,98.8,85.1,101.6
438,25.4,25.4,25.3,25.4,1.36E+02,1.44E+02,1.29E+02,1.21E+02,98.5,85,101.3
439,25.4,25.4,25.3,25.4,1.36E+02,1.43E+02,1.29E+02,1.21E+02,98.1,84.8,101
440,25.4,25.4,25.3,25.4,1.36E+02,1.43E+02,1.29E+02,1.21E+02,97.8,84.7,100.8
441,25.4,25.4,25.3,25.4,1.36E+02,1.43E+02,1.29E+02,1.21E+02,97.4,84.6,100.5
442,25.4,25.4,25.3,25.4,1.36E+02,1.42E+02,1.29E+02,1.21E+02,97,84.4,100.2
443,25.5,25.4,25.3,25.4,1.36E+02,1.42E+02,1.29E+02,1.21E+02,96.7,84.3,99.9
444,25.4,25.4,25.3,25.4,1.35E+02,1.41E+02,1.29E+02,1.21E+02,96.4,84.1,99.7
445,25.4,25.4,25.3,25.4,1.35E+02,1.41E+02,1.28E+02,1.21E+02,96,84,99.4
446,25.4,25.4,25.3,25.4,1.35E+02,1.40E+02,1.28E+02,1.21E+02,95.6,83.8,99.2
447,25.4,25.4,25.3,25.4,1.35E+02,1.40E+02,1.28E+02,1.21E+02,95.3,83.7,98.8
448,25.4,25.4,25.3,25.4,1.35E+02,1.40E+02,1.28E+02,1.21E+02,95,83.5,98.6
449,25.4,25.4,25.3,25.4,1.35E+02,1.39E+02,1.28E+02,1.20E+02,94.6,83.4,98.4
450,25.4,25.4,25.3,25.4,1.35E+02,1.39E+02,1.27E+02,1.20E+02,94.3,83.2,98.1
451,25.4,25.4,25.3,25.4,1.35E+02,1.38E+02,1.27E+02,1.20E+02,93.9,83.1,97.9
452,25.4,25.4,25.3,25.4,1.35E+02,1.38E+02,1.27E+02,1.20E+02,93.6,83,97.6
453,25.4,25.4,25.3,25.4,1.35E+02,1.38E+02,1.27E+02,1.20E+02,93.3,82.9,97.3
454,25.4,25.4,25.3,25.4,1.35E+02,1.37E+02,1.26E+02,1.20E+02,92.9,82.7,97.1
455,25.4,25.4,25.3,25.4,1.35E+02,1.37E+02,1.26E+02,1.20E+02,92.6,82.6,96.8
456,25.4,25.4,25.3,25.4,1.35E+02,1.36E+02,1.26E+02,1.20E+02,92.2,82.4,96.6
457,25.4,25.4,25.3,25.4,1.35E+02,1.36E+02,1.25E+02,1.20E+02,91.9,82.3,96.4
458,25.4,25.4,25.3,25.4,1.35E+02,1.36E+02,1.25E+02,1.20E+02,91.6,82.1,96.1
459,25.4,25.4,25.3,25.4,1.35E+02,1.35E+02,1.25E+02,1.20E+02,91.2,82,95.8
460,25.4,25.4,25.3,25.4,1.35E+02,1.35E+02,1.24E+02,1.20E+02,90.9,81.9,95.6
461,25.4,25.4,25.3,25.4,1.35E+02,1.35E+02,1.24E+02,1.20E+02,90.5,81.7,95.4
462,25.4,25.4,25.3,25.4,1.35E+02,1.35E+02,1.23E+02,1.20E+02,90.2,81.7,95.1
463,25.4,25.4,25.3,25.4,1.35E+02,1.35E+02,1.23E+02,1.20E+02,89.9,81.5,94.8
464,25.4,25.4,25.3,25.4,1.35E+02,1.34E+02,1.23E+02,1.20E+02,89.6,81.4,94.7
465,25.4,25.4,25.3,25.4,1.35E+02,1.34E+02,1.22E+02,1.20E+02,89.3,81.2,94.4
466,25.4,25.4,25.3,25.4,1.34E+02,1.34E+02,1.22E+02,1.20E+02,89,81.1,94.1
467,25.4,25.4,25.3,25.4,1.34E+02,1.34E+02,1.21E+02,1.20E+02,88.7,81,93.9
468,25.4,25.3,25.3,25.4,1.34E+02,1.34E+02,1.21E+02,1.20E+02,88.4,80.9,93.7
469,25.4,25.4,25.3,25.4,1.34E+02,1.34E+02,1.20E+02,1.20E+02,88.1,80.8,93.4
470,25.4,25.3,25.3,25.4,1.34E+02,1.34E+02,1.20E+02,1.20E+02,87.8,80.6,93.3
471,25.4,25.3,25.3,25.4,1.34E+02,1.34E+02,1.19E+02,1.19E+02,87.5,80.5,93
472,25.4,25.4,25.3,25.4,1.34E+02,1.34E+02,1.19E+02,1.19E+02,87.2,80.3,92.7
473,25.4,25.3,25.3,25.4,1.34E+02,1.34E+02,1.18E+02,1.19E+02,86.9,80.3,92.5
474,25.4,25.3,25.3,25.4,1.34E+02,1.33E+02,1.18E+02,1.19E+02,86.6,80.1,92.3
475,25.4,25.3,25.3,25.4,1.34E+02,1.33E+02,1.18E+02,1.19E+02,86.3,80,92.1
476,25.4,25.3,25.3,25.4,1.34E+02,1.33E+02,1.17E+02,1.19E+02,85.9,79.9,91.8
477,25.4,25.3,25.3,25.4,1.34E+02,1.33E+02,1.17E+02,1.19E+02,85.7,79.7,91.6
478,25.4,25.3,25.3,25.4,1.34E+02,1.33E+02,1.16E+02,1.19E+02,85.4,79.6,91.3
479,25.4,25.3,25.3,25.4,1.34E+02,1.33E+02,1.16E+02,1.19E+02,85.1,79.5,91.2
480,25.4,25.3,25.3,25.4,1.34E+02,1.33E+02,1.15E+02,1.19E+02,84.8,79.3,90.9
481,25.4,25.3,25.3,25.4,1.34E+02,1.33E+02,1.15E+02,1.19E+02,84.5,79.3,90.7
482,25.4,25.3,25.3,25.4,1.34E+02,1.33E+02,1.14E+02,1.19E+02,84.2,79.1,90.5
483,25.4,25.3,25.3,25.4,1.34E+02,1.33E+02,1.14E+02,1.19E+02,83.9,78.9,90.2
484,25.4,25.3,25.3,25.4,1.33E+02,1.33E+02,1.13E+02,1.19E+02,83.7,78.8,90
485,25.4,25.3,25.3,25.4,1.33E+02,1.33E+02,1.13E+02,1.19E+02,83.4,78.7,89.8
486,25.4,25.3,25.3,25.4,1.33E+02,1.33E+02,1.12E+02,1.19E+02,83.1,78.6,89.5
487,25.4,25.3,25.3,25.4,1.33E+02,1.32E+02,1.12E+02,1.19E+02,82.8,78.5,89.3
488,25.4,25.4,25.3,25.4,1.33E+02,1.32E+02,1.11E+02,1.19E+02,82.5,78.3,89.1
489,25.4,25.4,25.3,25.4,1.33E+02,1.32E+02,1.11E+02,1.19E+02,82.3,78.2,88.8
490,25.4,25.3,25.3,25.4,1.33E+02,1.32E+02,1.10E+02,1.19E+02,82,78,88.6
491,25.4,25.3,25.3,25.4,1.33E+02,1.32E+02,1.10E+02,1.18E+02,81.7,77.9,88.4
492,25.4,25.3,25.3,25.4,1.33E+02,1.32E+02,1.10E+02,1.18E+02,81.4,77.9,88.2
493,25.4,25.3,25.3,25.4,1.33E+02,1.32E+02,1.09E+02,1.18E+02,81.1,77.6,87.9
494,25.4,25.3,25.3,25.4,1.33E+02,1.32E+02,1.09E+02,1.18E+02,80.8,77.6,87.7
495,25.4,25.3,25.3,25.4,1.33E+02,1.32E+02,1.08E+02,1.18E+02,80.5,77.4,87.5
496,25.4,25.3,25.3,25.4,1.32E+02,1.31E+02,1.08E+02,1.18E+02,80.3,77.3,87.2
497,25.4,25.3,25.3,25.4,1.32E+02,1.31E+02,1.07E+02,1.18E+02,79.9,77.1,87
498,25.4,25.3,25.3,25.4,1.32E+02,1.31E+02,1.07E+02,1.18E+02,79.6,77.1,86.8
499,25.4,25.3,25.3,25.4,1.32E+02,1.31E+02,1.07E+02,1.18E+02,79.4,76.9,86.6
500,25.4,25.3,25.3,25.4,1.32E+02,1.31E+02,1.06E+02,1.17E+02,79.1,76.8,86.4
501,25.4,25.3,25.3,25.4,1.32E+02,1.31E+02,1.06E+02,1.17E+02,78.9,76.7,86.1
502,25.4,25.3,25.3,25.4,1.32E+02,1.30E+02,1.05E+02,1.17E+02,78.6,76.5,85.9
503,25.4,25.3,25.3,25.4,1.31E+02,1.30E+02,1.05E+02,1.17E+02,78.3,76.5,85.7
504,25.4,25.3,25.3,25.4,1.31E+02,1.30E+02,1.05E+02,1.16E+02,78,76.4,85.5
505,25.3,25.3,25.3,25.4,1.31E+02,1.29E+02,1.04E+02,1.16E+02,77.8,76.2,85.3
506,25.4,25.3,25.3,25.4,1.31E+02,1.29E+02,1.04E+02,1.16E+02,77.5,76.1,85
507,25.4,25.3,25.3,25.4,1.31E+02,1.29E+02,1.03E+02,1.15E+02,77.3,76,84.8
508,25.4,25.3,25.3,25.4,1.31E+02,1.28E+02,1.03E+02,1.15E+02,77,75.9,84.6
509,25.4,25.3,25.3,25.4,1.30E+02,1.28E+02,1.02E+02,1.15E+02,76.7,75.8,84.4
510,25.4,25.3,25.3,25.4,1.30E+02,1.28E+02,1.02E+02,1.14E+02,76.5,75.7,84.1
511,25.4,25.4,25.4,25.5,1.30E+02,1.27E+02,1.02E+02,1.14E+02,76.2,75.6,84
512,25.5,25.4,25.4,25.5,1.29E+02,1.27E+02,1.01E+02,1.14E+02,76,75.5,83.7
513,25.5,25.4,25.4,25.5,1.29E+02,1.26E+02,1.01E+02,1.13E+02,75.8,75.4,83.5
514,25.5,25.4,25.4,25.5,1.29E+02,1.26E+02,1.00E+02,1.13E+02,75.5,75.3,83.4
515,25.5,25.4,25.4,25.5,1.28E+02,1.25E+02,1.00E+02,1.13E+02,75.3,75.1,83.1
516,25.5,25.4,25.4,25.5,1.28E+02,1.25E+02,9.96E+01,1.12E+02,75,75.1,82.9
517,25.5,25.4,25.4,25.5,1.28E+02,1.24E+02,9.92E+01,1.12E+02,74.8,75,82.7
518,25.5,25.4,25.4,25.5,1.27E+02,1.24E+02,9.88E+01,1.11E+02,74.4,74.8,82.4
519,25.5,25.4,25.4,25.5,1.27E+02,1.23E+02,9.85E+01,1.11E+02,74.2,74.8,82.3
520,25.5,25.4,25.4,25.5,1.26E+02,1.23E+02,9.81E+01,1.10E+02,74.1,74.8,82
521,25.5,25.4,25.4,25.5,1.26E+02,1.22E+02,9.77E+01,1.10E+02,73.8,74.7,81.8
522,25.5,25.4,25.4,25.5,1.25E+02,1.22E+02,9.73E+01,1.10E+02,73.6,74.6,81.7
523,25.5,25.4,25.4,25.5,1.25E+02,1.21E+02,9.70E+01,1.09E+02,73.3,74.5,81.5
524,25.5,25.4,25.4,25.5,1.24E+02,1.21E+02,9.66E+01,1.09E+02,73.1,74.5,81.3
525,25.4,25.4,25.4,25.5,1.24E+02,1.20E+02,9.62E+01,1.08E+02,72.8,74.4,81.1
526,25.4,25.4,25.4,25.5,1.23E+02,1.20E+02,9.59E+01,1.08E+02,72.6,74.4,80.9
527,25.5,25.4,25.4,25.5,1.23E+02,1.19E+02,9.55E+01,1.08E+02,72.4,74.4,80.6
528,25.5,25.4,25.4,25.5,1.22E+02,1.19E+02,9.52E+01,1.07E+02,72.1,74.4,80.5
529,25.5,25.4,25.4,25.5,1.22E+02,1.18E+02,9.48E+01,1.07E+02,72,74.2,80.3
530,25.5,25.4,25.4,25.5,1.21E+02,1.18E+02,9.44E+01,1.06E+02,71.7,74.3,80
531,25.5,25.4,25.4,25.5,1.21E+02,1.17E+02,9.41E+01,1.06E+02,71.5,74.3,79.9
532,25.5,25.4,25.4,25.5,1.20E+02,1.17E+02,9.38E+01,1.06E+02,71.3,74.2,79.7
533,25.5,25.4,25.4,25.5,1.20E+02,1.16E+02,9.34E+01,1.05E+02,71,74.2,79.5
534,25.5,25.4,25.4,25.5,1.19E+02,1.16E+02,9.31E+01,1.05E+02,70.8,74.2,79.3
535,25.5,25.4,25.4,25.5,1.19E+02,1.15E+02,9.28E+01,1.04E+02,70.6,74.2,79.1
536,25.4,25.4,25.4,25.5,1.18E+02,1.15E+02,9.25E+01,1.04E+02,70.4,74.2,78.9
537,25.5,25.4,25.4,25.5,1.18E+02,1.15E+02,9.21E+01,1.04E+02,70.2,74.2,78.7
538,25.5,25.4,25.4,25.5,1.17E+02,1.14E+02,9.18E+01,1.03E+02,70,74.2,78.5
539,25.5,25.4,25.4,25.5,1.17E+02,1.14E+02,9.15E+01,1.03E+02,69.8,74.2,78.3
540,25.5,25.4,25.4,25.5,1.16E+02,1.13E+02,9.12E+01,1.02E+02,69.6,74.2,78.1
541,25.5,25.4,25.4,25.5,1.16E+02,1.13E+02,9.09E+01,1.02E+02,69.4,74.3,77.9
542,25.5,25.4,25.4,25.5,1.15E+02,1.12E+02,9.05E+01,1.02E+02,69.2,74.3,77.7
543,25.4,25.4,25.4,25.5,1.15E+02,1.12E+02,9.02E+01,1.01E+02,69,74.4,77.6
544,25.5,25.4,25.4,25.5,1.14E+02,1.11E+02,8.99E+01,1.01E+02,68.8,74.4,77.4
545,25.4,25.4,25.4,25.5,1.14E+02,1.11E+02,8.96E+01,1.01E+02,68.6,74.4,77.2
546,25.5,25.4,25.4,25.5,1.13E+02,1.10E+02,8.93E+01,1.00E+02,68.3,74.4,77
547,25.5,25.4,25.4,25.5,1.13E+02,1.10E+02,8.90E+01,9.98E+01,68.2,74.4,76.8
548,25.4,25.4,25.4,25.5,1.12E+02,1.10E+02,8.86E+01,9.94E+01,68,74.5,76.6
549,25.4,25.4,25.4,25.5,1.12E+02,1.09E+02,8.83E+01,9.91E+01,67.7,74.5,76.5
550,25.5,25.4,25.4,25.5,1.11E+02,1.09E+02,8.80E+01,9.87E+01,67.6,74.5,76.2
551,25.4,25.4,25.4,25.5,1.11E+02,1.08E+02,8.77E+01,9.83E+01,67.4,74.5,76.1
552,25.4,25.4,25.4,25.5,1.11E+02,1.08E+02,8.74E+01,9.79E+01,67.2,74.7,75.8
553,25.4,25.4,25.4,25.5,1.10E+02,1.07E+02,8.71E+01,9.76E+01,66.9,74.7,75.6
554,25.4,25.4,25.4,25.5,1.10E+02,1.07E+02,8.68E+01,9.72E+01,66.8,74.7,75.5
555,25.4,25.4,25.4,25.5,1.09E+02,1.06E+02,8.65E+01,9.68E+01,66.6,74.8,75.3
556,25.4,25.4,25.4,25.5,1.09E+02,1.06E+02,8.63E+01,9.64E+01,66.4,74.8,75.1
557,25.4,25.4,25.4,25.5,1.08E+02,1.06E+02,8.60E+01,9.61E+01,66.2,74.8,74.9
558,25.4,25.4,25.4,25.5,1.08E+02,1.05E+02,8.56E+01,9.57E+01,66,74.8,74.8
559,25.4,25.4,25.4,25.5,1.07E+02,1.05E+02,8.53E+01,9.54E+01,65.8,74.9,74.5
560,25.4,25.4,25.4,25.5,1.07E+02,1.04E+02,8.50E+01,9.50E+01,65.6,75,74.4
561,25.4,25.4,25.4,25.5,1.07E+02,1.04E+02,8.48E+01,9.46E+01,65.4,75,74.2
562,25.4,25.4,25.4,25.5,1.06E+02,1.04E+02,8.45E+01,9.43E+01,65.3,75,74
563,25.4,25.4,25.4,25.5,1.06E+02,1.03E+02,8.43E+01,9.40E+01,65.1,75,73.8
564,25.4,25.4,25.4,25.5,1.05E+02,1.03E+02,8.40E+01,9.37E+01,64.9,75.1,73.6
565,25.4,25.4,25.4,25.5,1.05E+02,1.02E+02,8.37E+01,9.33E+01,64.8,75.1,73.5
566,25.4,25.4,25.3,25.5,1.04E+02,1.02E+02,8.34E+01,9.30E+01,64.5,75.1,73.3
567,25.4,25.4,25.4,25.5,1.04E+02,1.02E+02,8.31E+01,9.27E+01,64.4,75.1,73.1
568,25.4,25.4,25.3,25.4,1.04E+02,1.01E+02,8.28E+01,9.23E+01,64.2,75.2,72.9
569,25.4,25.4,25.3,25.5,1.03E+02,1.01E+02,8.26E+01,9.20E+01,64,75.2,72.7
570,25.4,25.4,25.3,25.4,1.03E+02,1.00E+02,8.23E+01,9.16E+01,63.9,75.2,72.5
571,25.4,25.4,25.3,25.4,1.02E+02,1.00E+02,8.20E+01,9.13E+01,63.7,75.3,72.3
572,25.4,25.4,25.3,25.4,1.02E+02,9.96E+01,8.17E+01,9.10E+01,63.5,75.3,72.2
573,25.4,25.4,25.3,25.5,1.02E+02,9.92E+01,8.15E+01,9.07E+01,63.3,75.3,72
574,25.4,25.4,25.3,25.4,1.01E+02,9.89E+01,8.11E+01,9.04E+01,63.2,75.3,71.8
575,25.4,25.4,25.4,25.4,1.01E+02,9.85E+01,8.09E+01,9.00E+01,63,75.3,71.6
576,25.4,25.4,25.3,25.4,1.00E+02,9.82E+01,8.06E+01,8.97E+01,62.8,75.2,71.3
577,25.4,25.4,25.3,25.4,9.99E+01,9.78E+01,8.03E+01,8.94E+01,62.7,75.2,71.2
578,25.4,25.4,25.3,25.4,9.95E+01,9.74E+01,8.00E+01,8.91E+01,62.5,75.2,71
579,25.4,25.4,25.3,25.4,9.91E+01,9.71E+01,7.98E+01,8.88E+01,62.4,75.1,70.8
580,25.4,25.4,25.3,25.4,9.87E+01,9.67E+01,7.95E+01,8.85E+01,62.1,75.1,70.7
581,25.4,25.4,25.4,25.4,9.84E+01,9.63E+01,7.92E+01,8.82E+01,62,75.1,70.4
582,25.4,25.4,25.3,25.4,9.80E+01,9.60E+01,7.90E+01,8.79E+01,61.8,75,70.3
583,25.4,25.4,25.3,25.4,9.76E+01,9.56E+01,7.88E+01,8.76E+01,61.7,75,70.1
584,25.5,25.4,25.4,25.5,9.72E+01,9.53E+01,7.85E+01,8.73E+01,61.5,75,69.9
585,25.5,25.5,25.4,25.5,9.68E+01,9.50E+01,7.83E+01,8.71E+01,61.4,75,69.8
586,25.5,25.5,25.4,25.5,9.64E+01,9.46E+01,7.80E+01,8.68E+01,61.2,74.8,69.6
587,25.5,25.5,25.4,25.5,9.60E+01,9.43E+01,7.77E+01,8.65E+01,61.1,74.8,69.4
588,25.5,25.5,25.4,25.5,9.57E+01,9.39E+01,7.75E+01,8.63E+01,60.9,74.7,69.2
589,25.5,25.4,25.4,25.5,9.53E+01,9.36E+01,7.72E+01,8.60E+01,60.7,74.7,69
590,25.5,25.4,25.4,25.5,9.50E+01,9.33E+01,7.70E+01,8.58E+01,60.5,74.5,68.9
591,25.5,25.5,25.4,25.5,9.46E+01,9.30E+01,7.67E+01,8.55E+01,60.4,74.4,68.6
592,25.5,25.4,25.4,25.5,9.43E+01,9.27E+01,7.64E+01,8.53E+01,60.2,74.4,68.5
593,25.5,25.4,25.4,25.5,9.39E+01,9.24E+01,7.62E+01,8.50E+01,60.1,74.3,68.3
594,25.5,25.4,25.4,25.5,9.35E+01,9.20E+01,7.59E+01,8.48E+01,59.9,74.2,68
595,25.5,25.4,25.4,25.5,9.32E+01,9.17E+01,7.57E+01,8.46E+01,59.8,74.1,67.9
596,25.5,25.4,25.4,25.5,9.28E+01,9.14E+01,7.54E+01,8.44E+01,59.6,74.1,67.7
597,25.5,25.4,25.4,25.5,9.25E+01,9.12E+01,7.52E+01,8.42E+01,59.5,73.9,67.5
598,25.5,25.4,25.4,25.5,9.22E+01,9.09E+01,7.50E+01,8.40E+01,59.4,73.8,67.4
599,25.5,25.5,25.4,25.5,9.18E+01,9.06E+01,7.47E+01,8.38E+01,59.2,73.8,67.2
600,25.5,25.4,25.4,25.5,9.15E+01,9.03E+01,7.45E+01,8.36E+01,59,73.6,67
601,25.5,25.4,25.4,25.5,9.12E+01,9.00E+01,7.43E+01,8.34E+01,58.9,73.5,66.9
602,25.5,25.5,25.4,25.5,9.09E+01,8.97E+01,7.40E+01,8.32E+01,58.7,73.4,66.6
603,25.5,25.4,25.4,25.5,9.05E+01,8.94E+01,7.38E+01,8.30E+01,58.6,73.2,66.5
604,25.5,25.4,25.4,25.5,9.02E+01,8.91E+01,7.36E+01,8.28E+01,58.4,73.1,66.3
605,25.5,25.4,25.4,25.5,8.99E+01,8.89E+01,7.34E+01,8.26E+01,58.3,72.9,66.1
606,25.5,25.4,25.4,25.5,8.96E+01,8.86E+01,7.32E+01,8.24E+01,58.1,72.7,65.9
607,25.5,25.4,25.4,25.5,8.92E+01,8.83E+01,7.29E+01,8.23E+01,58,72.6,65.7
608,25.5,25.5,25.4,25.5,8.89E+01,8.80E+01,7.27E+01,8.21E+01,57.8,72.4,65.6
609,25.5,25.4,25.4,25.5,8.86E+01,8.78E+01,7.24E+01,8.19E+01,57.7,72.1,65.4
610,25.5,25.4,25.4,25.5,8.83E+01,8.76E+01,7.22E+01,8.17E+01,57.5,72,65.2
611,25.5,25.4,25.4,25.5,8.80E+01,8.73E+01,7.20E+01,8.15E+01,57.4,71.8,65
612,25.5,25.4,25.4,25.5,8.77E+01,8.71E+01,7.18E+01,8.13E+01,57.3,71.5,64.8
613,25.5,25.4,25.4,25.5,8.74E+01,8.68E+01,7.15E+01,8.11E+01,57,71.3,64.7
614,25.5,25.4,25.4,25.5,8.71E+01,8.65E+01,7.13E+01,8.09E+01,57,71.1,64.5
615,25.5,25.4,25.4,25.5,8.68E+01,8.63E+01,7.10E+01,8.07E+01,56.8,70.9,64.3
616,25.5,25.4,25.4,25.5,8.65E+01,8.61E+01,7.08E+01,8.05E+01,56.6,70.7,64.2
617,25.5,25.4,25.4,25.5,8.62E+01,8.58E+01,7.06E+01,8.03E+01,56.5,70.4,64
618,25.5,25.4,25.4,25.5,8.59E+01,8.56E+01,7.04E+01,8.01E+01,56.3,70.3,63.8
619,25.5,25.4,25.4,25.5,8.56E+01,8.53E+01,7.02E+01,8.00E+01,56.3,70,63.6
620,25.5,25.4,25.4,25.5,8.53E+01,8.51E+01,7.00E+01,7.98E+01,56.1,69.8,63.4
621,25.5,25.4,25.4,25.5,8.50E+01,8.48E+01,6.98E+01,7.95E+01,56,69.6,63.3
622,25.5,25.4,25.4,25.5,8.47E+01,8.46E+01,6.96E+01,7.93E+01,55.8,69.3,63.1
623,25.5,25.4,25.4,25.5,8.44E+01,8.44E+01,6.94E+01,7.92E+01,55.7,69.1,63
624,25.5,25.4,25.4,25.5,8.41E+01,8.42E+01,6.92E+01,7.90E+01,55.5,69,62.8
625,25.5,25.4,25.4,25.5,8.38E+01,8.39E+01,6.90E+01,7.88E+01,55.4,68.7,62.7
626,25.5,25.4,25.4,25.5,8.35E+01,8.37E+01,6.88E+01,7.86E+01,55.2,68.5,62.5
627,25.5,25.4,25.4,25.5,8.32E+01,8.34E+01,6.85E+01,7.84E+01,55.2,68.3,62.3
628,25.5,25.4,25.4,25.5,8.30E+01,8.32E+01,6.83E+01,7.82E+01,55.1,68.2,62.1
629,25.5,25.4,25.4,25.5,8.27E+01,8.30E+01,6.81E+01,7.80E+01,54.9,67.9,61.9
630,25.5,25.5,25.4,25.5,8.24E+01,8.28E+01,6.79E+01,7.77E+01,54.8,67.7,61.8
631,25.5,25.4,25.4,25.5,8.22E+01,8.26E+01,6.77E+01,7.76E+01,54.6,67.5,61.6
632,25.5,25.4,25.4,25.5,8.19E+01,8.24E+01,6.75E+01,7.73E+01,54.5,67.2,61.5
633,25.5,25.4,25.4,25.5,8.16E+01,8.21E+01,6.73E+01,7.71E+01,54.3,67.1,61.3
634,25.5,25.5,25.4,25.5,8.13E+01,8.19E+01,6.72E+01,7.69E+01,54.2,66.9,61.2
635,25.5,25.4,25.4,25.5,8.10E+01,8.17E+01,6.70E+01,7.67E+01,54.1,66.6,61
636,25.5,25.5,25.4,25.5,8.08E+01,8.15E+01,6.68E+01,7.65E+01,53.9,66.5,60.8
637,25.5,25.5,25.4,25.5,8.05E+01,8.12E+01,6.66E+01,7.62E+01,53.8,66.2,60.6
638,25.5,25.5,25.4,25.5,8.02E+01,8.10E+01,6.64E+01,7.60E+01,53.7,66,60.4
639,25.5,25.5,25.4,25.5,8.00E+01,8.08E+01,6.62E+01,7.58E+01,53.5,65.9,60.3
640,25.5,25.4,25.4,25.5,7.97E+01,8.06E+01,6.60E+01,7.56E+01,53.4,65.6,60.1
641,25.5,25.5,25.4,25.5,7.94E+01,8.03E+01,6.58E+01,7.54E+01,53.2,65.5,60
642,25.5,25.5,25.4,25.5,7.92E+01,8.01E+01,6.56E+01,7.52E+01,53.2,65.3,59.8
643,25.5,25.4,25.4,25.5,7.89E+01,7.99E+01,6.55E+01,7.50E+01,53.1,65.1,59.7
644,25.5,25.5,25.4,25.5,7.86E+01,7.97E+01,6.53E+01,7.48E+01,52.9,64.8,59.5
645,25.5,25.5,25.4,25.5,7.84E+01,7.95E+01,6.51E+01,7.46E+01,52.8,64.7,59.4
646,25.5,25.5,25.4,25.5,7.82E+01,7.92E+01,6.49E+01,7.44E+01,52.6,64.5,59.2
647,25.5,25.5,25.4,25.5,7.79E+01,7.91E+01,6.47E+01,7.42E+01,52.5,64.3,59
648,25.5,25.4,25.4,25.5,7.76E+01,7.88E+01,6.45E+01,7.39E+01,52.4,64.2,58.9
649,25.5,25.4,25.4,25.5,7.74E+01,7.86E+01,6.44E+01,7.37E+01,52.3,64,58.7
650,25.5,25.5,25.4,25.5,,,,,52.2,63.8,58.6
651,25.5,25.4,25.4,25.5,,,,,52,63.6,58.4
652,25.5,25.4,25.4,25.5,,,,,51.9,63.5,58.3
653,25.5,25.5,25.4,25.5,,,,,51.9,63.3,58.1
654,25.5,25.5,25.4,25.5,,,,,51.7,63.1,58
655,25.5,25.4,25.4,25.5,,,,,51.6,63,57.8
656,25.6,25.6,25.5,25.6,,,,,51.5,62.8,57.7
657,25.6,25.6,25.5,25.6,,,,,51.3,62.7,57.5
658,25.6,25.5,25.5,25.6,,,,,51.3,62.5,57.4
659,25.6,25.6,25.5,25.6,,,,,51.1,62.4,57.2
660,25.6,25.6,25.5,25.6,,,,,51,62.2,57.2
661,25.6,25.6,25.5,25.6,,,,,50.9,62.1,57
662,25.6,25.6,25.5,25.6,,,,,50.8,61.9,56.8
663,25.6,25.5,25.5,25.6,,,,,50.7,61.8,56.7
664,25.6,25.6,25.5,25.6,,,,,50.5,61.7,56.5
665,25.6,25.6,25.5,25.6,,,,,50.5,61.5,56.4
666,25.6,25.6,25.5,25.6,,,,,50.4,61.4,56.3
667,25.6,25.6,25.5,25.6,,,,,50.2,61.3,56.1
668,25.6,25.5,25.5,25.6,,,,,50.1,61.2,56
669,25.6,25.6,25.5,25.6,,,,,50,61,55.8
670,25.6,25.6,25.5,25.6,,,,,49.9,60.9,55.7
671,25.6,25.6,25.5,25.6,,,,,49.7,60.7,55.5
672,25.6,25.5,25.5,25.6,,,,,49.7,60.7,55.4
673,25.6,25.6,25.5,25.6,,,,,49.6,60.5,55.3
674,25.6,25.5,25.5,25.6,,,,,49.4,60.4,55.2
675,25.6,25.6,25.5,25.6,,,,,49.4,60.3,55.1
676,25.6,25.6,25.5,25.6,,,,,49.3,60.2,54.9
677,25.6,25.6,25.5,25.6,,,,,49.1,60.1,54.8
678,25.7,25.6,25.5,25.6,,,,,49.1,59.9,54.6
679,25.6,25.5,25.6,25.6,,,,,48.9,59.8,54.5
680,25.7,25.5,25.5,25.6,,,,,48.8,59.7,54.4
681,25.7,25.5,25.5,25.6,,,,,48.7,59.6,54.2
682,25.7,25.6,25.5,25.6,,,,,48.6,59.5,54.2
683,25.7,25.6,25.5,25.6,,,,,48.5,59.4,54
684,25.7,25.6,25.5,25.6,,,,,48.4,59.2,53.9
685,25.7,25.6,25.5,25.6,,,,,48.3,59.1,53.7
686,25.7,25.6,25.5,25.6,,,,,48.2,59,53.6
687,25.7,25.6,25.5,25.6,,,,,48.1,58.9,53.5
688,25.7,25.6,25.5,25.6,,,,,48,58.8,53.4
689,25.8,25.6,25.5,25.6,,,,,47.9,58.7,53.2
690,25.8,25.6,25.5,25.6,,,,,47.8,58.6,53.1
691,25.8,25.6,25.5,25.6,,,,,47.7,58.4,53
692,25.8,26.0,25.5,25.6,,,,,47.6,58.3,52.9
693,26.0,28.8,25.6,25.6,,,,,47.5,58.3,52.8
694,26.0,45.9,25.6,25.6,,,,,47.4,58.1,52.6
695,26.0,68.2,25.6,25.6,,,,,47.3,58,52.5
696,26.1,89.3,25.6,25.6,,,,,47.2,58,52.4
697,26.1,107.9,25.6,25.6,,,,,47.1,57.8,52.3
698,26.2,123.9,25.6,25.6,,,,,47,57.7,52.2
699,26.2,137.6,25.6,25.7,,,,,46.9,57.7,52.1
700,26.2,150.0,25.6,25.6,,,,,46.8,57.5,52
701,26.3,160.6,25.6,25.6,,,,,46.7,57.4,51.9
702,26.3,170.1,25.6,25.6,,,,,46.6,57.3,51.8
703,26.3,178.9,25.6,25.6,,,,,46.5,57.2,51.6
704,26.3,185.9,25.6,25.6,,,,,46.4,57.1,51.5
705,26.4,192.3,25.6,25.6,,,,,46.3,56.9,51.4
706,26.4,198.3,25.5,25.6,,,,,46.2,56.9,51.3
707,26.4,203.7,25.6,25.6,,,,,46.1,56.7,51.1
708,26.4,209.0,25.6,25.7,,,,,46,56.6,51.1
709,26.5,214.2,25.6,25.7,,,,,46,56.6,51
710,26.5,219.0,25.6,25.7,,,,,45.9,56.4,51
711,26.6,223.4,25.6,25.7,,,,,45.8,56.3,50.8
712,27.5,227.3,25.6,25.7,,,,,45.7,56.3,50.7
713,29.5,230.9,25.6,25.6,,,,,45.6,56.1,50.7
714,46.0,234.0,25.6,25.7,,,,,45.5,56,50.5
715,71.4,236.7,25.7,25.7,,,,,45.4,55.9,50.4
716,96.2,239.1,25.6,25.7,,,,,45.3,55.8,50.4
717,118.3,241.5,25.7,25.7,,,,,45.3,55.7,50.2
718,137.2,243.9,27.6,25.7,,,,,45.2,55.6,50.1
719,152.6,246.2,48.0,25.6,,,,,45.1,55.5,50.1
720,166.1,248.4,75.2,25.7,,,,,45,55.4,49.9
721,178.2,250.4,99.2,25.7,,,,,45,55.2,49.8
722,188.6,252.3,119.8,25.7,,,,,44.9,55.2,49.7
723,197.7,253.9,139.1,26.1,,,,,44.7,55,49.7
724,205.5,255.4,156.2,39.7,,,,,44.6,54.9,49.6
725,212.2,256.8,170.6,65.5,,,,,44.6,54.8,49.4
726,218.3,258.1,183.0,94.1,,,,,44.5,54.7,49.4
727,223.6,259.4,193.4,118.9,,,,,44.4,54.6,49.3
728,228.1,260.5,202.5,139.8,,,,,44.3,54.5,49.2
729,232.3,261.6,210.2,157.3,,,,,44.3,54.3,49.1
730,236.0,262.5,217.1,172.3,,,,,44.1,54.2,49.1
731,239.4,263.5,223.1,185.8,,,,,44,54.2,49
732,242.5,264.4,228.1,196.2,,,,,44,54,48.8
733,245.2,265.3,232.5,204.5,,,,,43.8,53.9,48.8
734,247.7,266.1,236.4,212.5,,,,,43.8,53.8,48.7
735,250.0,266.9,240.0,219.4,,,,,43.7,53.7,48.6
736,252.1,267.5,243.1,225.3,,,,,43.7,53.5,48.5
737,253.9,268.2,245.9,230.4,,,,,43.5,53.5,48.4
738,255.6,268.8,248.5,234.7,,,,,43.5,53.3,48.4
739,257.1,269.4,250.7,238.7,,,,,43.4,53.2,48.3
740,258.4,269.9,252.8,242.2,,,,,43.3,53.2,48.2
741,259.6,270.4,254.7,245.4,,,,,43.2,53.1,48.2
742,260.8,271.0,256.4,248.3,,,,,43.2,52.9,48.1
743,261.9,271.4,258.0,250.9,,,,,43.1,52.8,48
744,262.8,271.9,259.4,253.2,,,,,43,52.7,47.9
745,263.8,272.3,260.8,255.4,,,,,42.9,52.6,47.9
746,264.6,272.8,262.0,257.5,,,,,42.9,52.5,47.8
747,265.5,273.2,263.2,259.3,,,,,42.8,52.4,47.7
748,266.2,273.6,264.2,261.0,,,,,42.6,52.2,47.7
749,267.0,274.0,265.3,262.6,,,,,42.6,52.2,47.6
750,267.6,274.4,266.2,264.1,,,,,42.6,52,47.5
751,268.2,274.7,267.1,265.5,,,,,42.4,52,47.4
752,268.8,275.1,267.9,266.9,,,,,42.4,51.9,47.4
753,269.3,275.3,268.7,268.1,,,,,42.3,51.7,47.3
754,269.9,275.7,269.4,269.2,,,,,42.3,51.6,47.2
755,270.5,276.0,270.2,270.4,,,,,42.1,51.5,47.2
756,270.9,276.4,270.8,271.5,,,,,42.1,51.4,47.1
757,271.5,276.7,271.5,272.5,,,,,42,51.3,47
758,272.0,276.9,272.1,273.5,,,,,42,51.1,47
759,272.5,277.3,272.8,274.5,,,,,41.8,51.1,47
760,272.9,277.6,273.4,275.4,,,,,41.8,51,46.9
761,273.4,277.9,274.0,276.3,,,,,41.7,50.9,46.7
762,273.9,278.2,274.6,277.2,,,,,41.6,50.8,46.7
763,274.3,278.5,275.2,278.1,,,,,41.5,50.8,46.7
764,274.8,278.8,275.8,278.9,,,,,41.5,50.6,46.6
765,275.2,279.1,276.3,279.8,,,,,41.5,50.5,46.6
766,275.7,279.4,276.9,280.6,,,,,41.4,50.5,46.5
767,276.2,279.7,277.5,281.4,,,,,41.3,50.4,46.4
768,276.7,280.0,278.0,282.2,,,,,41.2,50.3,46.4
769,277.1,280.3,278.6,283.1,,,,,41.2,50.1,46.3
770,277.6,280.6,279.1,283.9,,,,,41.1,50.1,46.2
771,278.1,281.0,279.7,284.7,,,,,41,49.9,46.1
772,278.6,281.3,280.2,285.5,,,,,40.9,49.8,46.1
773,279.1,281.6,280.8,286.4,,,,,40.9,49.7,46
774,279.6,282.0,281.4,287.2,,,,,40.8,49.7,46
775,280.1,282.3,281.9,288.1,,,,,40.8,49.5,45.9
776,280.6,282.7,282.5,289.0,,,,,40.7,49.4,45.9
777,281.1,283.0,283.1,289.8,,,,,40.6,49.4,45.8
778,281.7,283.4,283.7,290.7,,,,,40.5,49.2,45.7
779,282.2,283.8,284.3,291.6,,,,,40.5,49.1,45.6
780,282.8,284.2,284.8,292.5,,,,,40.4,49.1,45.6
781,283.4,284.6,285.5,293.4,,,,,40.3,49,45.6
782,284.0,285.0,286.1,294.4,,,,,40.3,48.9,45.6
783,284.6,285.4,286.7,295.2,,,,,40.1,48.8,45.5
784,285.2,285.8,287.4,296.1,,,,,40.1,48.7,45.4
785,285.8,286.2,288.0,297.1,,,,,40,48.6,45.3
786,286.4,286.6,288.8,298.1,,,,,40,48.5,45.3
787,287.0,287.1,289.5,299.0,,,,,40,48.4,45.2
788,287.7,287.6,290.1,300.0,,,,,39.8,48.4,45.2
789,288.4,288.0,290.8,300.9,,,,,39.8,48.2,45.2
790,289.1,288.5,291.5,301.9,,,,,39.7,48.1,45.1
791,289.7,289.0,292.2,302.9,,,,,39.6,48.1,45
792,290.4,289.5,292.8,303.9,,,,,39.5,47.9,45
793,291.1,289.9,293.6,304.8,,,,,39.5,47.8,44.9
794,291.8,290.4,294.3,305.8,,,,,39.5,47.8,44.9
795,292.5,290.9,294.9,306.7,,,,,39.4,47.7,44.8
796,293.1,291.4,295.6,307.7,,,,,39.3,47.6,44.7
797,293.8,291.9,296.3,308.6,,,,,39.2,47.5,44.7
798,294.5,292.4,297.0,309.6,,,,,39.2,47.4,44.6
799,295.2,292.8,297.7,310.5,,,,,39.1,47.4,44.6
800,295.9,293.3,298.4,311.4,,,,,39,47.3,44.6
801,296.5,293.8,299.0,312.4,,,,,39,47.2,44.6
802,297.2,294.3,299.7,313.3,,,,,38.9,47,44.4
803,297.9,294.8,300.4,314.2,,,,,38.9,47,44.4
804,298.6,295.2,301.0,315.1,,,,,38.8,46.9,44.4
805,299.2,295.7,301.7,315.9,,,,,38.7,46.8,44.3
806,299.9,296.1,302.4,316.8,,,,,38.7,46.7,44.3
807,300.5,296.6,303.0,317.6,,,,,38.6,46.7,44.2
808,301.1,297.1,303.6,318.4,,,,,38.5,46.6,44.1
809,301.8,297.5,304.2,319.2,,,,,38.5,46.5,44.1
810,302.4,298.0,304.8,320.0,,,,,38.4,46.4,44.1
811,303.0,298.4,305.4,320.7,,,,,38.4,46.3,44
812,303.6,298.9,306.0,321.5,,,,,38.3,46.2,44
813,304.1,299.2,306.5,322.2,,,,,38.2,46.1,44
814,304.7,299.7,307.1,322.9,,,,,38.2,46.1,43.9
815,305.3,300.1,307.6,323.5,,,,,38.1,46,43.8
816,305.8,300.5,308.1,324.2,,,,,38.1,45.9,43.8
817,306.4,300.9,308.7,324.9,,,,,38.1,45.8,43.7
818,306.9,301.3,309.3,325.6,,,,,37.9,45.7,43.7
819,307.3,301.7,309.7,326.2,,,,,37.9,45.6,43.6
820,307.9,302.1,310.2,326.8,,,,,37.9,45.6,43.6
821,308.5,302.5,310.8,327.5,,,,,37.8,45.5,43.5
822,308.9,302.7,311.2,328.0,,,,,37.7,45.4,43.5
823,309.5,303.2,311.7,328.6,,,,,37.7,45.3,43.5
824,309.9,303.6,312.2,329.2,,,,,37.6,45.3,43.4
825,310.4,303.9,312.7,329.7,,,,,37.6,45.2,43.3
826,310.8,304.2,313.1,330.3,,,,,37.5,45.1,43.3
827,311.2,304.6,313.5,330.8,,,,,37.4,45,43.3
828,311.6,304.9,314.0,331.3,,,,,37.4,45,43.2
829,312.0,305.2,314.4,331.8,,,,,37.3,44.9,43.1
830,312.4,305.5,314.8,332.3,,,,,37.3,44.8,43.1
831,312.8,305.8,315.2,332.8,,,,,37.3,44.7,43.1
832,313.2,306.1,315.6,333.2,,,,,37.2,44.6,43
833,313.6,306.4,316.0,333.6,,,,,37.1,44.6,43
834,314.0,306.7,316.3,334.1,,,,,37,44.5,42.9
835,314.4,307.0,316.7,334.5,,,,,37,44.4,42.9
836,314.7,307.2,317.1,334.9,,,,,37,44.3,42.9
837,315.1,307.5,317.4,335.3,,,,,36.9,44.3,42.7
838,315.3,307.8,317.8,335.7,,,,,36.8,44.3,42.7
839,315.7,308.1,318.1,336.1,,,,,36.8,44.1,42.6
840,316.0,308.4,318.4,336.4,,,,,36.7,44,42.6
841,316.4,308.6,318.8,336.8,,,,,36.7,44,42.6
842,316.7,308.9,319.1,337.2,,,,,36.6,43.9,42.6
843,316.9,309.1,319.4,337.5,,,,,36.6,43.8,42.5
844,317.2,309.4,319.7,337.8,,,,,36.5,43.7,42.4
845,317.5,309.6,320.0,338.1,,,,,36.5,43.7,42.4
846,317.8,309.8,320.3,338.4,,,,,36.4,43.6,42.3
847,318.1,310.1,320.5,338.7,,,,,36.3,43.5,42.3
848,318.4,310.3,320.8,339.0,,,,,36.3,43.5,42.3
849,318.6,310.5,321.1,339.3,,,,,36.3,43.4,42.2
850,318.9,310.7,321.4,339.6,,,,,36.2,43.3,42.2
851,319.1,310.9,321.6,339.9,,,,,36.2,43.3,42.1
852,319.3,311.2,321.9,340.2,,,,,36.1,43.2,42.1
853,319.6,311.3,322.2,340.4,,,,,36,43.1,42
854,319.8,311.6,322.4,340.7,,,,,36,43,42
855,320.0,311.8,322.7,341.0,,,,,36,42.9,41.9
856,320.2,312.0,322.9,341.2,,,,,35.9,42.9,41.9
857,320.5,312.2,323.2,341.5,,,,,35.8,42.8,41.8
858,320.7,312.4,323.4,341.7,,,,,35.8,42.7,41.8
859,320.9,312.6,323.6,341.9,,,,,35.8,42.6,41.7
860,321.2,312.8,323.9,342.2,,,,,35.7,42.6,41.7
861,321.4,313.0,324.1,342.4,,,,,35.7,42.5,41.6
862,321.6,313.2,324.3,342.5,,,,,35.7,42.5,41.5
863,321.8,313.4,324.6,342.8,,,,,35.6,42.4,41.5
864,322.0,313.6,324.8,343.0,,,,,35.5,42.3,41.5
865,322.1,313.8,325.0,343.2,,,,,35.5,42.3,41.5
866,322.3,314.0,325.2,343.4,,,,,35.5,42.2,41.4
867,322.5,314.1,325.5,343.5,,,,,35.4,42.1,41.3
868,322.7,314.3,325.6,343.7,,,,,35.4,42,41.3
869,322.9,314.5,325.8,343.9,,,,,35.3,42,41.2
870,323.1,314.7,326.0,344.1,,,,,35.2,41.9,41.2
871,323.2,314.8,326.2,344.2,,,,,35.2,41.8,41.2
872,323.4,315.0,326.4,344.4,,,,,35.2,41.7,41.1
873,323.5,315.1,326.6,344.6,,,,,35.1,41.7,41.1
874,323.7,315.2,326.8,344.7,,,,,35,41.6,40.9
875,323.9,315.4,327.0,344.9,,,,,35,41.5,40.9
876,324.0,315.6,327.1,345.1,,,,,34.9,41.5,40.9
877,324.2,315.8,327.3,345.2,,,,,34.9,41.4,40.9
878,324.4,315.9,327.5,345.4,,,,,34.9,41.3,40.8
879,324.5,316.1,327.6,345.5,,,,,34.9,41.2,40.7
880,324.7,316.2,327.8,345.6,,,,,,,
881,324.8,316.4,328.0,345.8,,,,,,,
882,325.0,316.5,328.1,345.9,,,,,,,
883,325.1,316.7,328.3,346.1,,,,,,,
884,325.3,316.8,328.5,346.2,,,,,,,
885,325.4,316.9,328.6,346.4,,,,,,,
886,325.6,317.1,328.8,346.5,,,,,,,
887,325.7,317.2,329.0,346.6,,,,,,,
888,325.8,317.4,329.2,346.8,,,,,,,
889,326.0,317.5,329.3,346.9,,,,,,,
890,326.1,317.7,329.5,347.1,,,,,,,
891,326.3,317.8,329.6,347.2,,,,,,,
892,326.4,318.0,329.8,347.3,,,,,,,
893,326.5,318.1,330.0,347.5,,,,,,,
894,326.7,318.3,330.1,347.6,,,,,,,
895,326.8,318.4,330.3,347.7,,,,,,,
896,327.0,318.6,330.5,347.9,,,,,,,
897,327.2,318.7,330.7,348.1,,,,,,,
898,327.3,318.9,330.9,348.3,,,,,,,
899,327.4,319.0,331.0,348.4,,,,,,,
900,327.6,319.2,331.2,348.6,,,,,,,
901,327.8,319.3,331.4,348.8,,,,,,,
902,328.0,319.5,331.6,348.9,,,,,,,
903,328.1,319.7,331.8,349.2,,,,,,,
904,328.3,319.8,332.0,349.4,,,,,,,
905,328.5,320.0,332.2,349.6,,,,,,,
906,328.7,320.1,332.4,349.7,,,,,,,
907,328.9,320.3,332.6,349.9,,,,,,,
908,329.1,320.5,332.8,350.2,,,,,,,
909,329.3,320.7,333.0,350.4,,,,,,,
910,329.5,320.9,333.2,350.6,,,,,,,
911,329.6,321.1,333.4,350.8,,,,,,,
912,329.9,321.3,333.6,351.1,,,,,,,
913,330.1,321.4,333.9,351.3,,,,,,,
914,330.3,321.6,334.1,351.5,,,,,,,
915,330.6,321.8,334.3,351.8,,,,,,,
916,330.8,322.0,334.5,352.0,,,,,,,
917,331.0,322.2,334.8,352.3,,,,,,,
918,331.2,322.4,335.1,352.5,,,,,,,
919,331.5,322.6,335.3,352.8,,,,,,,
920,331.7,322.8,335.5,353.1,,,,,,,
921,332.0,323.0,335.8,353.4,,,,,,,
922,332.2,323.2,336.0,353.6,,,,,,,
923,332.5,323.4,336.3,353.9,,,,,,,
924,332.8,323.7,336.5,354.2,,,,,,,
925,333.0,323.9,336.8,354.5,,,,,,,
926,333.3,324.1,337.1,354.8,,,,,,,
927,333.5,324.4,337.4,355.1,,,,,,,
928,333.8,324.6,337.6,355.4,,,,,,,
929,334.0,324.8,337.9,355.7,,,,,,,
930,334.3,325.1,338.2,356.0,,,,,,,
931,334.6,325.3,338.4,356.3,,,,,,,
932,334.8,325.6,338.7,356.6,,,,,,,
933,335.2,325.8,339.0,356.8,,,,,,,
934,335.4,326.0,339.2,357.2,,,,,,,
935,335.7,326.2,339.5,357.5,,,,,,,
936,336.0,326.4,339.8,357.7,,,,,,,
937,336.2,326.7,340.0,358.0,,,,,,,
938,336.5,326.9,340.3,358.3,,,,,,,
939,336.7,327.1,340.6,358.6,,,,,,,
940,337.0,327.3,340.8,358.8,,,,,,,
941,337.3,327.6,341.1,359.1,,,,,,,
942,337.6,327.8,341.4,359.4,,,,,,,
943,337.8,328.0,341.6,359.6,,,,,,,
944,338.0,328.2,341.8,359.9,,,,,,,
945,338.3,328.4,342.1,360.1,,,,,,,
946,338.5,328.7,342.3,360.3,,,,,,,
947,338.7,328.9,342.5,360.6,,,,,,,
948,339.1,329.2,342.9,360.9,,,,,,,
949,339.2,329.4,343.1,361.1,,,,,,,
950,339.5,329.6,343.3,361.3,,,,,,,
951,339.7,329.8,343.5,361.5,,,,,,,
952,339.9,330.0,343.7,361.7,,,,,,,
953,340.1,330.2,343.9,361.8,,,,,,,
954,340.3,330.4,344.1,362.0,,,,,,,
955,340.5,330.6,344.3,362.2,,,,,,,
956,340.7,330.8,344.4,362.4,,,,,,,
957,340.9,330.9,344.6,362.5,,,,,,,
958,341.1,331.1,344.8,362.6,,,,,,,
959,341.3,331.2,345.0,362.8,,,,,,,
960,341.4,331.4,345.2,362.9,,,,,,,
961,341.6,331.6,345.3,363.0,,,,,,,
962,341.7,331.7,345.5,363.2,,,,,,,
963,341.9,331.9,345.6,363.2,,,,,,,
964,342.0,332.1,345.8,363.3,,,,,,,
965,342.1,332.2,345.9,363.4,,,,,,,
966,342.3,332.4,346.0,363.5,,,,,,,
967,342.4,332.5,346.2,363.6,,,,,,,
968,342.5,332.7,346.3,363.7,,,,,,,
969,342.6,332.8,346.4,363.8,,,,,,,
970,342.7,332.9,346.5,363.9,,,,,,,
971,342.8,333.0,346.6,363.9,,,,,,,
972,342.9,333.2,346.8,364.0,,,,,,,
973,343.1,333.3,346.9,364.1,,,,,,,
974,343.2,333.4,347.0,364.1,,,,,,,
975,343.2,333.5,347.1,364.1,,,,,,,
976,343.3,333.6,347.2,364.2,,,,,,,
977,343.4,333.7,347.2,364.2,,,,,,,
978,343.4,333.8,347.3,364.3,,,,,,,
979,343.5,333.9,347.4,364.3,,,,,,,
980,343.6,334.0,347.5,364.3,,,,,,,
981,343.7,334.1,347.6,364.3,,,,,,,
982,343.7,334.2,347.7,364.3,,,,,,,
983,343.8,334.3,347.7,364.4,,,,,,,
984,343.9,334.4,347.8,364.4,,,,,,,
985,343.9,334.5,347.9,364.4,,,,,,,
986,344.0,334.6,347.9,364.4,,,,,,,
987,344.0,334.6,348.0,364.4,,,,,,,
988,344.0,334.7,348.1,364.4,,,,,,,
989,344.0,334.8,348.1,364.3,,,,,,,
990,344.1,334.9,348.2,364.4,,,,,,,
991,344.1,335.0,348.2,364.3,,,,,,,
992,344.2,335.1,348.3,364.3,,,,,,,
993,344.2,335.2,348.3,364.3,,,,,,,
994,344.2,335.2,348.4,364.3,,,,,,,
995,344.3,335.3,348.4,364.3,,,,,,,
996,344.3,335.4,348.5,364.2,,,,,,,
997,344.3,335.4,348.5,364.2,,,,,,,
998,344.3,335.5,348.5,364.1,,,,,,,
999,344.3,335.5,348.6,364.1,,,,,,,
1000,344.3,335.6,348.6,364.1,,,,,,,
1001,344.3,335.7,348.6,364.0,,,,,,,
1002,344.4,335.7,348.6,364.0,,,,,,,
1003,344.4,335.8,348.7,363.9,,,,,,,
1004,344.4,335.8,348.7,363.9,,,,,,,
1005,344.4,335.9,348.7,363.8,,,,,,,
1006,344.4,335.9,348.7,363.8,,,,,,,
1007,344.4,336.0,348.7,363.7,,,,,,,
1008,344.4,336.0,348.8,363.7,,,,,,,
1009,344.4,336.0,348.8,363.6,,,,,,,
1010,344.4,336.1,348.8,363.6,,,,,,,
1011,344.4,336.1,348.8,363.5,,,,,,,
1012,344.4,336.2,348.8,363.5,,,,,,,
1013,344.4,336.2,348.8,363.4,,,,,,,
1014,344.4,336.3,348.8,363.4,,,,,,,
1015,344.4,336.3,348.8,363.3,,,,,,,
1016,344.4,336.3,348.8,363.3,,,,,,,
1017,344.4,336.4,348.8,363.2,,,,,,,
1018,344.4,336.4,348.8,363.2,,,,,,,
1019,344.4,336.5,348.9,363.2,,,,,,,
1020,344.4,336.6,348.9,363.2,,,,,,,
1021,344.4,336.6,348.9,363.2,,,,,,,
1022,344.5,336.7,348.9,363.2,,,,,,,
1023,344.5,336.7,348.9,363.1,,,,,,,
1024,344.5,336.7,348.9,363.1,,,,,,,
1025,344.5,336.8,349.0,363.1,,,,,,,
1026,344.5,336.9,349.0,363.1,,,,,,,
1027,344.5,336.9,349.1,363.1,,,,,,,
1028,344.6,337.0,349.1,363.1,,,,,,,
1029,344.6,337.0,349.1,363.1,,,,,,,
1030,344.7,337.1,349.2,363.2,,,,,,,
1031,344.7,337.2,349.2,363.2,,,,,,,
1032,344.7,337.2,349.3,363.2,,,,,,,
1033,344.8,337.3,349.3,363.2,,,,,,,
1034,344.8,337.4,349.4,363.2,,,,,,,
1035,344.9,337.5,349.4,363.3,,,,,,,
1036,344.9,337.5,349.5,363.3,,,,,,,
1037,345.0,337.6,349.5,363.3,,,,,,,
1038,345.1,337.7,349.6,363.2,,,,,,,
1039,345.2,337.7,349.6,363.2,,,,,,,
1040,345.3,337.9,349.7,363.3,,,,,,,
1041,345.4,337.9,349.8,363.3,,,,,,,
1042,345.4,338.1,349.8,363.3,,,,,,,
1043,345.6,338.2,349.9,363.4,,,,,,,
1044,345.6,338.3,350.0,363.5,,,,,,,
1045,345.7,338.4,350.1,363.5,,,,,,,
1046,345.8,338.5,350.2,363.6,,,,,,,
1047,345.9,338.6,350.2,363.7,,,,,,,
1048,346.0,338.7,350.3,363.8,,,,,,,
1049,346.1,338.9,350.4,363.4,,,,,,,
1050,346.3,339.2,350.6,363.0,,,,,,,
1051,346.4,339.3,350.7,361.9,,,,,,,
1052,346.5,339.4,350.8,360.5,,,,,,,
1053,346.6,339.6,351.0,358.9,,,,,,,
1054,346.7,339.8,351.1,357.0,,,,,,,
1055,346.8,339.9,351.1,355.1,,,,,,,
1056,346.8,340.1,350.7,353.1,,,,,,,
1057,347.0,340.3,350.1,351.1,,,,,,,
1058,347.1,340.5,349.2,349.0,,,,,,,
1059,347.2,340.7,348.0,346.9,,,,,,,
1060,347.3,340.8,346.7,344.8,,,,,,,
1061,347.4,340.9,345.1,342.7,,,,,,,
1062,347.6,340.5,343.4,340.5,,,,,,,
1063,347.7,339.8,341.6,338.4,,,,,,,
1064,347.8,339.0,339.8,336.2,,,,,,,
1065,347.9,337.9,337.9,334.1,,,,,,,
1066,348.1,336.6,336.0,332.0,,,,,,,
1067,348.0,335.3,334.0,329.9,,,,,,,
1068,347.7,334.1,332.0,327.8,,,,,,,
1069,347.1,332.8,330.0,325.7,,,,,,,
1070,346.4,331.2,328.0,323.6,,,,,,,
1071,345.5,329.7,326.1,321.6,,,,,,,
1072,344.4,328.2,324.1,319.6,,,,,,,
1073,343.2,326.7,322.2,317.6,,,,,,,
1074,342.0,324.8,320.1,315.6,,,,,,,
1075,340.5,322.8,318.3,313.4,,,,,,,
1076,339.1,320.9,316.5,311.2,,,,,,,
1077,337.6,319.0,314.6,309.2,,,,,,,
1078,336.0,317.0,312.7,307.1,,,,,,,
1079,334.3,315.1,310.8,305.1,,,,,,,
1080,332.7,313.2,309.0,303.2,,,,,,,
1081,330.9,311.2,307.1,301.3,,,,,,,
1082,329.2,309.4,305.3,299.4,,,,,,,
1083,327.4,307.5,303.4,297.6,,,,,,,
1084,325.6,305.6,301.6,295.8,,,,,,,
1085,323.8,303.9,299.8,294.0,,,,,,,
1086,322.1,302.0,298.1,292.2,,,,,,,
1087,320.2,300.2,296.3,290.5,,,,,,,
1088,318.4,298.4,294.6,288.7,,,,,,,
1089,316.6,296.6,292.8,286.9,,,,,,,
1090,314.8,294.9,291.1,285.2,,,,,,,
1091,312.9,293.2,289.4,283.5,,,,,,,
1092,311.1,291.4,287.7,281.8,,,,,,,
1093,309.3,289.7,286.0,280.2,,,,,,,
1094,307.5,288.0,284.3,278.6,,,,,,,
1095,305.7,286.3,282.7,276.9,,,,,,,
1096,303.9,284.7,281.1,275.3,,,,,,,
1097,302.1,283.0,279.5,273.7,,,,,,,
1098,300.4,281.4,277.9,272.1,,,,,,,
1099,298.6,279.8,276.3,270.5,,,,,,,
1100,296.8,278.2,274.7,269.0,,,,,,,
1101,295.1,276.6,273.2,267.4,,,,,,,
1102,293.4,275.1,271.6,265.9,,,,,,,
1103,291.6,273.4,270.1,264.3,,,,,,,
1104,289.9,271.9,268.6,262.8,,,,,,,
1105,288.2,270.4,267.1,261.4,,,,,,,
1106,286.5,268.9,265.6,259.9,,,,,,,
1107,284.8,267.4,264.1,258.4,,,,,,,
1108,283.0,265.9,262.6,257.0,,,,,,,
1109,281.2,264.3,261.2,255.6,,,,,,,
1110,279.5,262.9,259.8,254.2,,,,,,,
1111,277.8,261.5,258.4,252.8,,,,,,,
1112,276.2,260.1,257.0,251.4,,,,,,,
1113,274.5,258.6,255.6,250.0,,,,,,,
1114,272.8,257.2,254.2,248.7,,,,,,,
1115,271.2,255.9,252.8,247.3,,,,,,,
1116,269.7,254.4,251.5,246.0,,,,,,,
1117,268.1,253.1,250.2,244.7,,,,,,,
1118,266.6,251.8,248.9,243.4,,,,,,,
1119,265.0,250.4,247.6,242.1,,,,,,,
1120,263.5,249.1,246.3,240.8,,,,,,,
1121,262.0,247.8,245.0,239.6,,,,,,,
1122,260.6,246.4,243.7,238.3,,,,,,,
1123,259.1,245.2,242.4,237.0,,,,,,,
1124,257.6,243.9,241.1,235.8,,,,,,,
1125,256.2,242.6,239.9,234.6,,,,,,,
1126,254.9,241.3,238.7,233.3,,,,,,,
1127,253.6,240.0,237.4,232.1,,,,,,,
1128,252.3,238.8,236.2,230.9,,,,,,,
1129,251.0,237.6,235.1,229.8,,,,,,,
1130,249.7,236.4,233.9,228.6,,,,,,,
1131,248.4,235.2,232.7,227.5,,,,,,,
1132,247.1,234.0,231.5,226.3,,,,,,,
1133,245.8,232.7,230.3,225.1,,,,,,,
1134,244.5,231.6,229.2,224.0,,,,,,,
1135,243.2,230.4,228.0,222.9,,,,,,,
1136,241.9,229.3,226.9,221.8,,,,,,,
1137,240.6,228.1,225.7,220.7,,,,,,,
1138,239.4,227.0,224.6,219.6,,,,,,,
1139,238.1,225.8,223.6,218.5,,,,,,,
1140,236.8,224.7,222.4,217.4,,,,,,,
1141,235.6,223.6,221.4,216.3,,,,,,,
1142,234.4,222.5,220.3,215.3,,,,,,,
1143,233.1,221.4,219.2,214.2,,,,,,,
1144,231.9,220.3,218.1,213.2,,,,,,,
1145,230.7,219.3,217.1,212.3,,,,,,,
1146,229.5,218.2,216.0,211.3,,,,,,,
1147,228.3,217.1,215.0,210.4,,,,,,,
1148,227.1,216.0,213.9,209.5,,,,,,,
1149,225.9,214.9,212.8,208.7,,,,,,,
1150,224.7,213.9,211.8,208.0,,,,,,,
1151,223.6,212.8,210.8,207.3,,,,,,,
1152,222.4,211.7,209.8,206.6,,,,,,,
1153,221.3,210.7,208.8,206.1,,,,,,,
1154,220.1,209.7,207.8,205.6,,,,,,,
1155,219.0,208.7,206.8,205.1,,,,,,,
1156,217.9,207.7,205.8,204.7,,,,,,,
1157,216.8,206.7,204.8,204.4,,,,,,,
1158,215.7,205.7,203.8,204.1,,,,,,,
1159,214.6,204.7,202.9,203.7,,,,,,,
1160,213.5,203.8,201.9,203.4,,,,,,,
1161,212.5,202.8,201.0,203.1,,,,,,,
1162,211.4,201.9,200.0,202.8,,,,,,,
1163,210.4,200.9,199.1,202.4,,,,,,,
1164,209.3,199.9,198.1,202.1,,,,,,,
1165,208.3,199.0,197.2,201.7,,,,,,,
1166,207.3,198.0,196.2,201.3,,,,,,,
1167,206.4,197.1,195.3,200.9,,,,,,,
1168,205.4,196.2,194.4,200.5,,,,,,,
1169,204.5,195.3,193.4,200.1,,,,,,,
1170,203.6,194.3,192.5,199.7,,,,,,,
1171,202.8,193.4,191.6,199.2,,,,,,,
1172,202.0,192.5,190.8,198.8,,,,,,,
1173,201.2,191.6,189.8,198.2,,,,,,,
1174,200.5,190.7,189.0,197.8,,,,,,,
1175,199.9,189.9,188.1,197.3,,,,,,,
1176,199.2,189.0,187.2,196.8,,,,,,,
1177,198.7,188.1,186.4,196.3,,,,,,,
1178,198.1,187.3,185.5,195.8,,,,,,,
1179,197.6,186.4,184.7,195.3,,,,,,,
1180,197.1,185.6,183.8,194.8,,,,,,,
1181,196.7,184.8,183.0,194.3,,,,,,,
1182,196.2,183.9,182.2,193.7,,,,,,,
1183,195.8,183.1,181.4,193.1,,,,,,,
1184,195.3,182.3,180.5,192.6,,,,,,,
1185,194.9,181.5,179.8,192.1,,,,,,,
1186,194.4,180.7,178.9,191.5,,,,,,,
1187,194.0,179.9,178.1,191.0,,,,,,,
1188,193.5,179.1,177.4,190.5,,,,,,,
1189,193.1,178.3,176.6,189.9,,,,,,,
1190,192.6,177.6,175.8,189.4,,,,,,,
1191,192.2,176.8,175.0,188.8,,,,,,,
1192,191.8,176.0,174.3,188.3,,,,,,,
1193,191.3,175.3,173.5,187.8,,,,,,,
1194,190.8,174.5,172.7,187.2,,,,,,,
1195,190.4,173.7,172.0,186.7,,,,,,,
1196,189.9,172.9,171.2,186.1,,,,,,,
1197,189.4,172.1,170.5,185.6,,,,,,,
1198,189.0,171.4,169.8,185.1,,,,,,,
1199,188.5,170.7,169.0,184.6,,,,,,,
1200,188.0,169.9,168.3,184.0,,,,,,,
1201,187.5,169.2,167.6,183.5,,,,,,,
1202,187.0,168.5,166.9,183.0,,,,,,,
1203,186.5,167.7,166.2,182.5,,,,,,,
1204,186.0,167.0,165.5,181.9,,,,,,,
1205,185.5,166.3,164.8,181.4,,,,,,,
1206,185.0,165.7,164.2,180.9,,,,,,,
1207,184.4,164.9,163.5,180.3,,,,,,,
1208,183.9,164.3,162.8,179.7,,,,,,,
1209,183.4,163.6,162.1,179.2,,,,,,,
1210,182.9,163.0,161.5,178.6,,,,,,,
1211,182.3,162.3,160.8,178.0,,,,,,,
1212,181.8,161.6,160.1,177.5,,,,,,,
1213,181.3,161.0,159.4,176.9,,,,,,,
1214,180.7,160.3,158.8,176.5,,,,,,,
1215,180.2,159.6,158.1,175.9,,,,,,,
1216,179.6,159.0,157.5,175.3,,,,,,,
1217,179.1,158.3,156.8,174.7,,,,,,,
1218,178.5,157.7,156.2,174.2,,,,,,,
1219,178.0,157.0,155.5,173.6,,,,,,,
1220,177.4,156.4,154.9,173.0,,,,,,,
1221,176.9,155.7,154.3,172.4,,,,,,,
1222,176.3,155.1,153.7,171.9,,,,,,,
1223,175.8,154.4,153.1,171.3,,,,,,,
1224,175.2,153.8,152.4,170.7,,,,,,,
1225,174.7,153.2,151.9,170.1,,,,,,,
1226,174.1,152.6,151.2,169.6,,,,,,,
1227,173.6,152.0,150.6,169.0,,,,,,,
1228,173.0,151.4,150.0,168.4,,,,,,,
1229,172.4,150.8,149.4,167.9,,,,,,,
1230,171.8,150.2,148.8,167.3,,,,,,,
1231,171.3,149.6,148.2,166.8,,,,,,,
1232,170.8,149.1,147.7,166.3,,,,,,,
1233,170.3,148.5,147.1,165.8,,,,,,,
1234,169.7,147.9,146.6,165.3,,,,,,,
1235,169.1,147.3,146.0,164.8,,,,,,,
1236,168.6,146.7,145.4,164.2,,,,,,,
1237,168.1,146.1,144.8,163.7,,,,,,,
1238,167.5,145.6,144.3,163.2,,,,,,,
1239,166.9,145.0,143.7,162.7,,,,,,,
1240,166.4,144.4,143.2,162.1,,,,,,,
1241,165.9,143.8,142.6,161.6,,,,,,,
1242,165.3,143.3,142.1,161.1,,,,,,,
1243,164.8,142.7,141.5,160.6,,,,,,,
1244,164.3,142.1,141.0,160.0,,,,,,,
1245,163.7,141.6,140.4,159.5,,,,,,,
1246,163.2,141.0,139.9,158.9,,,,,,,
1247,162.6,140.5,139.4,158.4,,,,,,,
1248,162.1,140.0,138.8,157.8,,,,,,,
1249,161.5,139.4,138.3,157.2,,,,,,,
1250,161.0,138.9,137.7,156.7,,,,,,,
1251,160.4,138.3,137.2,156.1,,,,,,,
1252,159.9,137.8,136.7,155.6,,,,,,,
1253,159.3,137.3,136.2,155.0,,,,,,,
1254,158.8,136.8,135.6,154.5,,,,,,,
1255,158.2,136.2,135.1,154.0,,,,,,,
1256,157.7,135.7,134.6,153.4,,,,,,,
1257,157.1,135.2,134.1,152.9,,,,,,,
1258,156.6,134.7,133.6,152.4,,,,,,,
1259,156.0,134.2,133.1,151.9,,,,,,,
1260,155.5,133.7,132.6,151.4,,,,,,,
1261,155.0,133.2,132.1,150.9,,,,,,,
1262,154.4,132.7,131.6,150.4,,,,,,,
1263,153.9,132.2,131.2,149.8,,,,,,,
1264,153.4,131.7,130.7,149.4,,,,,,,
1265,152.8,131.2,130.2,148.8,,,,,,,
1266,152.3,130.7,129.7,148.3,,,,,,,
1267,151.8,130.2,129.2,147.8,,,,,,,
1268,151.3,129.8,128.8,147.3,,,,,,,
1269,150.8,129.3,128.3,146.8,,,,,,,
1270,150.2,128.8,127.9,146.3,,,,,,,
1271,149.7,128.3,127.4,145.8,,,,,,,
1272,149.2,127.9,126.9,145.3,,,,,,,
1273,148.7,127.4,126.5,144.8,,,,,,,
1274,148.2,127.0,126.1,144.3,,,,,,,
1275,147.6,126.5,125.6,143.8,,,,,,,
1276,147.1,126.1,125.2,143.3,,,,,,,
1277,146.6,125.6,124.7,142.8,,,,,,,
1278,146.1,125.2,124.2,142.3,,,,,,,
1279,145.6,124.7,123.8,141.8,,,,,,,
1280,145.0,124.2,123.3,141.4,,,,,,,
1281,144.5,123.8,122.9,140.8,,,,,,,
1282,144.0,123.3,122.5,140.4,,,,,,,
1283,143.4,122.9,122.0,140.0,,,,,,,
1284,142.9,122.4,121.5,139.5,,,,,,,
1285,142.4,122.0,121.1,139.1,,,,,,,
1286,141.8,121.5,120.6,138.7,,,,,,,
1287,141.3,121.1,120.2,138.3,,,,,,,
1288,140.8,120.6,119.8,137.9,,,,,,,
1289,140.3,120.2,119.3,137.6,,,,,,,
1290,139.8,119.8,118.9,137.3,,,,,,,
1291,139.2,119.4,118.4,137.0,,,,,,,
1292,138.7,118.9,118.0,136.7,,,,,,,
1293,138.2,118.5,117.6,136.5,,,,,,,
1294,137.6,118.1,117.2,136.2,,,,,,,
1295,137.2,117.7,116.7,136.0,,,,,,,
1296,136.7,117.2,116.4,135.8,,,,,,,
1297,136.2,116.8,116.0,135.6,,,,,,,
1298,135.6,116.4,115.7,135.4,,,,,,,
1299,135.1,115.9,115.2,135.2,,,,,,,
1300,134.6,115.5,114.8,135.1,,,,,,,
1301,134.2,115.1,114.5,134.9,,,,,,,
1302,133.7,114.7,113.9,134.7,,,,,,,
1303,133.2,114.3,113.6,134.5,,,,,,,
1304,132.7,113.9,113.2,134.4,,,,,,,
1305,132.2,113.5,112.8,134.2,,,,,,,
1306,131.7,113.1,112.3,134.1,,,,,,,
1307,131.2,112.7,112.0,133.9,,,,,,,
1308,130.8,112.3,111.6,133.7,,,,,,,
1309,130.3,111.9,111.2,133.6,,,,,,,
1310,129.8,111.6,110.8,133.4,,,,,,,
1311,129.4,111.1,110.4,133.2,,,,,,,
1312,128.9,110.8,110.1,133.1,,,,,,,
1313,128.4,110.4,109.7,133.0,,,,,,,
1314,128.0,110.0,109.3,132.8,,,,,,,
1315,127.6,109.6,108.9,132.6,,,,,,,
1316,127.1,109.3,108.6,132.5,,,,,,,
1317,126.6,108.9,108.2,132.3,,,,,,,
1318,126.3,108.6,107.8,132.2,,,,,,,
1319,125.8,108.2,107.5,132.0,,,,,,,
1320,125.4,107.8,107.2,131.9,,,,,,,
1321,124.9,107.4,106.8,131.7,,,,,,,
1322,124.5,107.1,106.5,131.6,,,,,,,
1323,124.1,106.9,106.2,131.5,,,,,,,
1324,123.7,106.5,105.8,131.3,,,,,,,
1325,123.3,106.2,105.5,131.2,,,,,,,
1326,122.9,105.8,105.2,131.0,,,,,,,
1327,122.4,105.5,104.8,130.8,,,,,,,
1328,122.0,105.2,104.5,130.6,,,,,,,
1329,121.5,104.8,104.1,130.4,,,,,,,
1330,121.1,104.5,103.8,130.2,,,,,,,
1331,120.7,104.3,103.5,130.0,,,,,,,
1332,120.3,104.1,103.1,129.7,,,,,,,
1333,119.9,104.0,102.8,129.5,,,,,,,
1334,119.4,104.1,102.4,129.3,,,,,,,
1335,119.0,104.2,102.1,129.0,,,,,,,
1336,118.6,104.4,101.8,128.7,,,,,,,
1337,118.2,104.7,101.5,128.5,,,,,,,
1338,117.8,105.0,101.2,128.2,,,,,,,
1339,117.4,105.4,100.9,128.0,,,,,,,
1340,117.0,105.7,100.5,127.7,,,,,,,
1341,116.6,106.0,100.2,127.4,,,,,,,
1342,116.2,106.4,99.8,127.1,,,,,,,
1343,115.7,106.7,99.5,126.7,,,,,,,
1344,115.3,107.0,99.2,126.4,,,,,,,
1345,115.0,107.2,98.9,126.1,,,,,,,
1346,114.6,107.5,98.6,125.8,,,,,,,
1347,114.1,107.8,98.3,125.4,,,,,,,
1348,113.8,108.0,98.0,125.1,,,,,,,
1349,113.4,108.3,97.7,124.7,,,,,,,
1350,113.0,108.5,97.4,124.4,,,,,,,
1351,112.6,108.7,97.1,124.0,,,,,,,
1352,112.2,108.8,96.8,123.6,,,,,,,
1353,111.9,109.0,96.5,123.2,,,,,,,
1354,111.5,109.1,96.1,122.9,,,,,,,
1355,111.2,109.3,95.9,122.4,,,,,,,
1356,110.9,109.4,95.6,122.0,,,,,,,
1357,110.6,109.5,95.3,121.6,,,,,,,
1358,110.4,109.6,95.0,121.1,,,,,,,
1359,110.3,109.7,94.8,120.7,,,,,,,
1360,110.1,109.8,94.5,120.2,,,,,,,
1361,110.1,109.8,94.2,119.8,,,,,,,
1362,110.0,109.9,93.9,119.4,,,,,,,
1363,110.0,109.9,93.6,118.9,,,,,,,
1364,110.1,110.0,93.3,118.4,,,,,,,
1365,110.1,110.0,93.0,118.0,,,,,,,
1366,110.2,110.0,92.8,117.5,,,,,,,
1367,110.2,110.0,92.5,117.1,,,,,,,
1368,110.2,110.1,92.2,116.6,,,,,,,
1369,110.2,110.1,91.9,116.1,,,,,,,
1370,110.2,110.1,91.7,115.6,,,,,,,
1371,110.2,110.1,91.3,115.2,,,,,,,
1372,110.1,110.1,91.1,114.7,,,,,,,
1373,110.1,110.1,90.8,114.2,,,,,,,
1374,110.0,110.1,90.6,113.7,,,,,,,
1375,109.9,110.1,90.3,113.3,,,,,,,
1376,109.9,110.1,90.1,112.8,,,,,,,
1377,109.8,110.1,89.8,112.3,,,,,,,
1378,109.8,110.1,89.5,111.9,,,,,,,
1379,109.7,110.0,89.2,111.4,,,,,,,
1380,109.6,110.0,89.0,110.9,,,,,,,
1381,109.5,110.0,88.7,110.5,,,,,,,
1382,109.4,110.0,88.4,110.0,,,,,,,
1383,109.3,110.0,88.2,109.6,,,,,,,
1384,109.3,109.9,88.0,109.1,,,,,,,
1385,109.2,109.9,87.7,108.7,,,,,,,
1386,109.1,109.9,87.4,108.2,,,,,,,
1387,109.0,109.9,87.2,107.7,,,,,,,
1388,108.9,109.8,86.9,107.3,,,,,,,
1389,108.8,109.8,86.7,106.9,,,,,,,
1390,108.8,109.8,86.4,106.4,,,,,,,
1391,108.7,109.8,86.2,106.0,,,,,,,
1392,108.6,109.7,86.0,105.6,,,,,,,
1393,108.5,109.7,85.7,105.1,,,,,,,
1394,108.4,109.6,85.5,104.7,,,,,,,
1395,108.3,109.6,85.2,104.3,,,,,,,
1396,108.2,109.6,85.0,103.8,,,,,,,
1397,108.1,109.6,84.8,103.4,,,,,,,
1398,108.1,109.5,84.5,103.0,,,,,,,
1399,107.9,109.5,84.3,102.6,,,,,,,
1400,107.9,109.4,84.0,102.2,,,,,,,
1401,107.8,109.4,83.8,101.7,,,,,,,
1402,107.7,109.4,83.6,101.4,,,,,,,
1403,107.6,109.3,83.3,100.9,,,,,,,
1404,107.5,109.3,83.1,100.5,,,,,,,
1405,107.4,109.2,82.9,100.1,,,,,,,
1406,107.3,109.2,82.6,99.7,,,,,,,
1407,107.2,109.1,82.4,99.3,,,,,,,
1408,107.2,109.1,82.2,99.0,,,,,,,
1409,107.1,109.0,82.0,98.6,,,,,,,
1410,107.0,108.9,81.8,98.2,,,,,,,
1411,106.9,108.9,81.6,97.8,,,,,,,
1412,106.8,108.8,81.3,97.4,,,,,,,
1413,106.7,108.8,81.1,97.0,,,,,,,
1414,106.6,108.8,80.9,96.6,,,,,,,
1415,106.6,108.8,80.8,96.4,,,,,,,
1416,106.5,108.8,80.6,96.0,,,,,,,
1417,106.4,108.7,80.5,95.6,,,,,,,
1418,106.3,108.6,80.4,95.3,,,,,,,
1419,106.2,108.6,80.3,95.0,,,,,,,
1420,106.1,108.5,80.1,94.6,,,,,,,
1421,106.0,108.5,80.0,94.3,,,,,,,
1422,105.8,108.4,80.0,93.9,,,,,,,
1423,105.7,108.3,79.9,93.6,,,,,,,
1424,105.6,108.3,79.9,93.2,,,,,,,
1425,105.5,108.2,79.8,92.9,,,,,,,
1426,105.4,108.1,79.7,92.6,,,,,,,
1427,105.2,108.1,79.7,92.2,,,,,,,
1428,105.1,108.0,79.7,91.9,,,,,,,
1429,105.0,108.0,79.6,91.5,,,,,,,
1430,104.8,107.9,79.6,91.2,,,,,,,
1431,104.7,107.8,79.6,90.9,,,,,,,
1432,104.5,107.8,79.5,90.5,,,,,,,
1433,104.4,107.7,79.5,90.3,,,,,,,
1434,104.2,107.7,79.4,89.9,,,,,,,
1435,104.0,107.6,79.4,89.6,,,,,,,
1436,103.9,107.5,79.4,89.2,,,,,,,
1437,103.7,107.5,79.3,88.9,,,,,,,
1438,103.5,107.4,79.3,88.6,,,,,,,
1439,103.2,107.3,79.3,88.3,,,,,,,
1440,103.0,107.3,79.2,88.0,,,,,,,
1441,102.7,107.2,79.2,87.7,,,,,,,
1442,102.4,107.2,79.2,87.4,,,,,,,
1443,102.2,107.1,79.2,87.2,,,,,,,
1444,101.9,107.1,79.1,86.8,,,,,,,
1445,101.6,107.0,79.0,86.5,,,,,,,
1446,101.3,106.9,79.0,86.3,,,,,,,
1447,100.9,106.8,78.9,86.0,,,,,,,
1448,100.6,106.7,78.9,85.7,,,,,,,
1449,100.2,106.7,78.8,85.3,,,,,,,
1450,99.9,106.6,78.8,85.0,,,,,,,
1451,99.5,106.5,78.7,84.8,,,,,,,
1452,99.2,106.4,78.6,84.5,,,,,,,
1453,98.9,106.3,78.6,84.1,,,,,,,
1454,98.5,106.2,78.5,83.8,,,,,,,
1455,98.2,106.1,78.4,83.5,,,,,,,
1456,97.8,106.0,78.4,83.2,,,,,,,
1457,97.4,105.9,78.3,82.9,,,,,,,
1458,97.1,105.8,78.3,82.6,,,,,,,
1459,96.7,105.7,78.2,82.4,,,,,,,
1460,96.3,105.6,78.1,82.1,,,,,,,
1461,96.0,105.6,78.0,81.9,,,,,,,
1462,95.6,105.5,78.0,81.6,,,,,,,
1463,95.3,105.4,77.9,81.3,,,,,,,
1464,95.0,105.3,77.8,81.0,,,,,,,
1465,94.6,105.2,77.7,80.8,,,,,,,
1466,94.2,105.1,77.6,80.5,,,,,,,
1467,93.9,105.0,77.6,80.2,,,,,,,
1468,93.5,104.9,77.5,80.0,,,,,,,
1469,93.1,104.8,77.4,79.8,,,,,,,
1470,92.8,104.7,77.4,79.5,,,,,,,
1471,92.4,104.6,77.3,79.2,,,,,,,
1472,92.1,104.5,77.2,79.0,,,,,,,
1473,91.7,104.4,77.1,78.7,,,,,,,
1474,91.4,104.2,77.0,78.5,,,,,,,
1475,91.0,104.1,76.9,78.3,,,,,,,
1476,90.7,104.0,76.8,78.0,,,,,,,
1477,90.4,103.9,76.7,77.7,,,,,,,
1478,90.0,103.8,76.7,77.5,,,,,,,
1479,89.7,103.6,76.6,77.3,,,,,,,
1480,89.3,103.5,76.5,77.0,,,,,,,
1481,89.0,103.3,76.4,76.8,,,,,,,
1482,88.6,103.2,76.3,76.5,,,,,,,
1483,88.3,103.1,76.2,76.3,,,,,,,
1484,88.0,102.9,76.1,76.0,,,,,,,
1485,87.6,102.7,76.0,75.8,,,,,,,
1486,87.3,102.5,75.9,75.5,,,,,,,
1487,87.0,102.4,75.8,75.3,,,,,,,
1488,86.7,102.2,75.7,75.0,,,,,,,
1489,86.4,102.0,75.6,74.8,,,,,,,
1490,86.1,101.8,75.5,74.6,,,,,,,
1491,85.7,101.6,75.4,74.4,,,,,,,
1492,85.4,101.3,75.3,74.1,,,,,,,
1493,85.1,101.1,75.2,73.9,,,,,,,
1494,84.8,100.8,75.1,73.6,,,,,,,
1495,84.5,100.5,75.0,73.5,,,,,,,
1496,84.2,100.2,74.9,73.3,,,,,,,
1497,83.8,99.9,74.8,73.0,,,,,,,
1498,83.5,99.5,74.7,72.8,,,,,,,
1499,83.2,99.2,74.6,72.6,,,,,,,
1500,83.0,99.0,74.5,72.4,,,,,,,
1501,82.6,98.6,74.4,72.1,,,,,,,
1502,82.4,98.3,74.4,72.0,,,,,,,
1503,82.1,97.9,74.3,71.7,,,,,,,
1504,81.8,97.6,74.2,71.6,,,,,,,
1505,81.5,97.3,74.1,71.3,,,,,,,
1506,81.2,96.9,74.0,71.1,,,,,,,
1507,80.9,96.5,73.9,70.9,,,,,,,
1508,80.6,96.2,73.8,70.7,,,,,,,
1509,80.3,95.9,73.7,70.5,,,,,,,
1510,80.0,95.5,73.6,70.3,,,,,,,
1511,79.8,95.2,73.6,70.1,,,,,,,
1512,79.6,95.0,73.6,70.0,,,,,,,
1513,79.3,94.7,73.5,69.8,,,,,,,
1514,79.1,94.4,73.5,69.6,,,,,,,
1515,78.8,94.0,73.4,69.4,,,,,,,
1516,78.5,93.6,73.4,69.2,,,,,,,
1517,78.3,93.3,73.3,69.1,,,,,,,
1518,78.0,93.0,73.2,68.9,,,,,,,
1519,77.8,92.7,73.2,68.7,,,,,,,
1520,77.5,92.3,73.2,68.4,,,,,,,
1521,77.3,92.0,73.1,68.3,,,,,,,
1522,77.0,91.6,73.1,68.1,,,,,,,
1523,76.7,91.3,73.1,67.9,,,,,,,
1524,76.5,91.0,73.1,67.7,,,,,,,
1525,76.2,90.7,73.0,67.5,,,,,,,
1526,75.9,90.4,73.0,67.3,,,,,,,
1527,75.7,90.1,73.0,67.2,,,,,,,
1528,75.5,89.7,73.0,67.0,,,,,,,
1529,75.2,89.4,73.0,66.8,,,,,,,
1530,74.9,89.1,73.0,66.6,,,,,,,
1531,74.7,88.8,72.9,66.4,,,,,,,
1532,74.4,88.5,73.0,66.3,,,,,,,
1533,74.2,88.1,72.9,66.1,,,,,,,
1534,74.0,87.9,72.9,65.9,,,,,,,
1535,73.7,87.5,72.9,65.8,,,,,,,
1536,73.6,87.2,72.9,65.6,,,,,,,
1537,73.3,86.9,72.9,65.4,,,,,,,
1538,73.1,86.7,72.9,65.3,,,,,,,
1539,72.8,86.4,72.9,65.1,,,,,,,
1540,72.6,86.1,72.9,64.9,,,,,,,
1541,72.3,85.8,72.9,64.8,,,,,,,
1542,72.1,85.5,72.9,64.6,,,,,,,
1543,71.9,85.2,72.8,64.4,,,,,,,
1544,71.7,84.9,72.8,64.2,,,,,,,
1545,71.5,84.6,72.8,64.0,,,,,,,
1546,71.2,84.3,72.8,63.9,,,,,,,
1547,71.0,84.0,72.8,63.7,,,,,,,
1548,70.8,83.7,72.8,63.6,,,,,,,
1549,70.6,83.4,72.8,63.4,,,,,,,
1550,70.4,83.2,72.8,63.3,,,,,,,
1551,70.2,82.9,72.8,63.1,,,,,,,
1552,70.0,82.6,72.8,62.9,,,,,,,
1553,69.7,82.4,72.8,62.8,,,,,,,
1554,69.6,82.1,72.8,62.6,,,,,,,
1555,69.4,81.8,72.7,62.4,,,,,,,
1556,69.2,81.5,72.8,62.3,,,,,,,
1557,69.0,81.3,72.7,62.1,,,,,,,
1558,68.7,81.0,72.7,62.0,,,,,,,
1559,68.6,80.7,72.7,61.8,,,,,,,
1560,68.3,80.5,72.7,61.7,,,,,,,
1561,68.1,80.2,72.7,61.6,,,,,,,
1562,67.9,79.9,72.7,61.4,,,,,,,
1563,67.7,79.7,72.7,61.3,,,,,,,
1564,67.5,79.4,72.7,61.1,,,,,,,
1565,67.3,79.2,72.7,61.0,,,,,,,
1566,67.2,79.0,72.7,60.8,,,,,,,
1567,67.0,78.7,72.6,60.6,,,,,,,
1568,66.8,78.4,72.6,60.5,,,,,,,
1569,66.6,78.2,72.6,60.3,,,,,,,
1570,66.4,78.0,72.6,60.2,,,,,,,
1571,66.2,77.7,72.6,60.0,,,,,,,
1572,66.0,77.5,72.6,59.8,,,,,,,
1573,65.8,77.2,72.6,59.7,,,,,,,
1574,65.6,77.0,72.6,59.5,,,,,,,
1575,65.5,76.7,72.6,59.4,,,,,,,
1576,65.3,76.5,72.5,59.2,,,,,,,
1577,65.1,76.2,72.5,59.1,,,,,,,
1578,64.9,76.0,72.5,59.0,,,,,,,
1579,64.7,75.7,72.5,58.8,,,,,,,
1580,64.5,75.5,72.5,58.7,,,,,,,
1581,64.4,75.3,72.5,58.5,,,,,,,
1582,64.2,75.0,72.5,58.4,,,,,,,
1583,64.0,74.7,72.4,58.3,,,,,,,
1584,63.9,74.5,72.4,58.1,,,,,,,
1585,63.7,74.3,72.4,58.0,,,,,,,
1586,63.5,74.1,72.4,57.8,,,,,,,
1587,63.3,73.8,72.4,57.7,,,,,,,
1588,63.1,73.6,72.4,57.6,,,,,,,
1589,63.0,73.4,72.3,57.4,,,,,,,
1590,62.8,73.2,72.3,57.3,,,,,,,
1591,62.6,72.9,72.3,57.2,,,,,,,
1592,62.4,72.7,72.3,57.0,,,,,,,
1593,62.3,72.5,72.3,56.9,,,,,,,
1594,62.1,72.2,72.2,56.7,,,,,,,
1595,62.0,72.0,72.2,56.6,,,,,,,
1596,61.8,71.8,72.2,56.5,,,,,,,
1597,61.6,71.6,72.1,56.3,,,,,,,
1598,61.5,71.4,72.1,56.2,,,,,,,
1599,61.4,71.1,72.1,56.1,,,,,,,
1600,61.2,70.9,72.1,56.0,,,,,,,
1601,61.0,70.7,72.0,55.9,,,,,,,
1602,60.9,70.5,72.0,55.7,,,,,,,
1603,60.7,70.3,72.0,55.6,,,,,,,
1604,60.5,70.1,72.0,55.5,,,,,,,
1605,60.4,69.9,71.9,55.4,,,,,,,
1606,60.2,69.7,71.9,55.3,,,,,,,
1607,60.1,69.5,71.8,55.2,,,,,,,
1608,59.9,69.3,71.8,55.1,,,,,,,
1609,59.7,69.1,71.8,55.0,,,,,,,
1610,59.7,69.0,71.8,54.9,,,,,,,
1611,59.5,68.8,71.8,54.8,,,,,,,
1612,59.4,68.6,71.7,54.7,,,,,,,
1613,59.2,68.4,71.7,54.6,,,,,,,
1614,59.1,68.2,71.6,54.5,,,,,,,
1615,59.0,68.0,71.5,54.4,,,,,,,
1616,58.8,67.8,71.5,54.3,,,,,,,
1617,58.6,67.6,71.4,54.2,,,,,,,
1618,58.5,67.4,71.4,54.0,,,,,,,
1619,58.4,67.2,71.3,53.9,,,,,,,
1620,58.2,67.1,71.2,53.8,,,,,,,
1621,58.1,66.9,71.1,53.7,,,,,,,
1622,58.0,66.7,71.0,53.6,,,,,,,
1623,57.8,66.5,70.9,53.5,,,,,,,
1624,57.7,66.4,70.7,53.4,,,,,,,
1625,57.5,66.2,70.6,53.2,,,,,,,
1626,57.4,66.0,70.4,53.1,,,,,,,
1627,57.3,65.8,70.3,53.0,,,,,,,
1628,57.1,65.7,70.1,52.9,,,,,,,
1629,57.0,65.5,69.9,52.8,,,,,,,
1630,56.8,65.4,69.7,52.8,,,,,,,
1631,56.7,65.2,69.6,52.7,,,,,,,
1632,56.6,65.0,69.4,52.5,,,,,,,
1633,56.4,64.8,69.2,52.4,,,,,,,
1634,56.3,64.6,69.0,52.3,,,,,,,
1635,56.1,64.5,68.8,52.2,,,,,,,
1636,56.0,64.3,68.6,52.1,,,,,,,
1637,55.9,64.1,68.4,51.9,,,,,,,
1638,55.8,64.0,68.2,51.8,,,,,,,
1639,55.7,63.8,68.0,51.7,,,,,,,
1640,55.5,63.7,67.8,51.6,,,,,,,
1641,55.4,63.5,67.6,51.5,,,,,,,
1642,55.3,63.4,67.4,51.4,,,,,,,
1643,55.2,63.2,67.2,51.3,,,,,,,
1644,55.1,63.0,67.1,51.2,,,,,,,
1645,54.9,62.8,66.9,51.2,,,,,,,
1646,54.8,62.7,66.7,51.1,,,,,,,
1647,54.7,62.5,66.5,50.9,,,,,,,
1648,54.5,62.4,66.3,50.8,,,,,,,
1649,54.4,62.3,66.2,50.7,,,,,,,
1650,54.3,62.1,66.0,50.6,,,,,,,
1651,54.2,61.9,65.8,50.5,,,,,,,
1652,54.1,61.8,65.6,50.4,,,,,,,
1653,53.9,61.6,65.5,50.3,,,,,,,
1654,53.8,61.5,65.3,50.2,,,,,,,
1655,53.7,61.3,65.1,50.1,,,,,,,
1656,53.6,61.2,64.9,50.0,,,,,,,
1657,53.5,61.1,64.8,49.9,,,,,,,
1658,53.3,60.9,64.6,49.8,,,,,,,
1659,53.2,60.7,64.4,49.7,,,,,,,
1660,53.1,60.6,64.2,49.6,,,,,,,
1661,53.0,60.5,64.0,49.5,,,,,,,
1662,52.9,60.3,63.9,49.4,,,,,,,
1663,52.8,60.2,63.7,49.3,,,,,,,
1664,52.7,60.0,63.6,49.2,,,,,,,
1665,52.6,59.9,63.4,49.1,,,,,,,
1666,52.5,59.7,63.2,49.0,,,,,,,
1667,52.3,59.6,63.1,48.9,,,,,,,
1668,52.2,59.4,62.9,48.8,,,,,,,
1669,52.1,59.3,62.7,48.7,,,,,,,
1670,51.9,59.2,62.6,48.7,,,,,,,
1671,51.8,59.0,62.4,48.5,,,,,,,
1672,51.7,58.9,62.3,48.5,,,,,,,
1673,51.6,58.8,62.1,48.4,,,,,,,
1674,51.5,58.6,62.0,48.3,,,,,,,
1675,51.4,58.5,61.8,48.2,,,,,,,
1676,51.3,58.4,61.6,48.1,,,,,,,
1677,51.2,58.3,61.5,48.0,,,,,,,
1678,51.1,58.1,61.4,48.0,,,,,,,
1679,51.0,58.0,61.2,47.9,,,,,,,
1680,50.9,57.9,61.1,47.8,,,,,,,
1681,50.8,57.7,60.9,47.7,,,,,,,
1682,50.7,57.6,60.8,47.6,,,,,,,
1683,50.6,57.5,60.6,47.6,,,,,,,
1684,50.5,57.3,60.5,47.5,,,,,,,
1685,50.4,57.2,60.3,47.4,,,,,,,
1686,50.3,57.1,60.1,47.3,,,,,,,
1687,50.2,57.0,60.0,47.2,,,,,,,
1688,50.1,56.8,59.9,47.2,,,,,,,
1689,50.0,56.7,59.7,47.1,,,,,,,
1690,49.9,56.6,59.6,47.0,,,,,,,
1691,49.8,56.4,59.4,46.9,,,,,,,
1692,49.7,56.3,59.3,46.9,,,,,,,
1693,49.6,56.2,59.2,46.8,,,,,,,
1694,49.5,56.1,59.0,46.7,,,,,,,
1695,49.4,56.0,58.9,46.6,,,,,,,
1696,49.3,55.8,58.7,46.6,,,,,,,
1697,49.2,55.7,58.6,46.5,,,,,,,
1698,49.1,55.6,58.4,46.4,,,,,,,
1699,49.0,55.5,58.4,46.4,,,,,,,
1700,48.9,55.4,58.2,46.3,,,,,,,
1701,48.8,55.3,58.1,46.2,,,,,,,
1702,48.7,55.2,57.9,46.1,,,,,,,
1703,48.6,55.1,57.8,46.1,,,,,,,
1704,48.6,55.0,57.7,46.0,,,,,,,
1705,48.4,54.8,57.5,45.9,,,,,,,
1706,48.4,54.7,57.4,45.9,,,,,,,
1707,48.3,54.6,57.3,45.8,,,,,,,
1708,48.2,54.5,57.1,45.7,,,,,,,
1709,48.1,54.4,57.0,45.6,,,,,,,
1710,48.0,54.3,56.8,45.5,,,,,,,
1711,48.0,54.2,56.7,45.5,,,,,,,
1712,48.0,54.1,56.7,45.5,,,,,,,
1713,47.9,54.0,56.6,45.4,,,,,,,
1714,47.8,53.9,56.5,45.3,,,,,,,
1715,47.7,53.8,56.3,45.3,,,,,,,
1716,47.6,53.7,56.2,45.2,,,,,,,
1717,47.5,53.6,56.1,45.1,,,,,,,
1718,47.5,53.5,56.0,45.1,,,,,,,
1719,47.3,53.4,55.9,45.0,,,,,,,
1720,47.3,53.3,55.7,44.9,,,,,,,
1721,47.2,53.1,55.6,44.9,,,,,,,
1722,47.2,53.0,55.5,44.8,,,,,,,
1723,47.1,52.9,55.4,44.7,,,,,,,
1724,47.0,52.8,55.2,44.7,,,,,,,
1725,46.9,52.8,55.2,44.6,,,,,,,
1726,46.8,52.7,55.0,44.5,,,,,,,
1727,46.7,52.6,54.9,44.4,,,,,,,
1728,46.6,52.4,54.8,44.3,,,,,,,
1729,46.6,52.4,54.7,44.3,,,,,,,
1730,46.5,52.2,54.6,44.2,,,,,,,
1731,46.4,52.1,54.4,44.1,,,,,,,
1732,46.4,52.0,54.4,44.1,,,,,,,
1733,46.3,51.9,54.2,44.0,,,,,,,
1734,46.2,51.8,54.1,43.9,,,,,,,
1735,46.1,51.7,54.0,43.9,,,,,,,
1736,46.0,51.6,53.9,43.8,,,,,,,
1737,46.0,51.5,53.8,43.7,,,,,,,
1738,45.9,51.4,53.7,43.7,,,,,,,
1739,45.8,51.3,53.5,43.6,,,,,,,
1740,45.7,51.2,53.5,43.5,,,,,,,
1741,45.6,51.1,53.3,43.4,,,,,,,
1742,45.5,51.0,53.2,43.4,,,,,,,
1743,45.5,50.9,53.1,43.3,,,,,,,
1744,45.4,50.8,53.0,43.2,,,,,,,
1745,45.3,50.7,52.9,43.2,,,,,,,
1746,45.2,50.6,52.8,43.2,,,,,,,
1747,45.2,50.5,52.7,43.1,,,,,,,
1748,45.1,50.4,52.6,43.1,,,,,,,
1749,45.0,50.3,52.5,43.0,,,,,,,
1750,44.9,50.2,52.4,42.9,,,,,,,
1751,44.8,50.1,52.3,42.8,,,,,,,
1752,44.8,50.0,52.1,42.8,,,,,,,
1753,44.7,49.9,52.0,42.7,,,,,,,
1754,44.6,49.8,51.9,42.6,,,,,,,
1755,44.6,49.7,51.8,42.6,,,,,,,
1756,44.5,49.6,51.7,42.5,,,,,,,
1757,44.4,49.5,51.5,42.4,,,,,,,
1758,44.3,49.4,51.4,42.4,,,,,,,
1759,44.3,49.3,51.3,42.3,,,,,,,
1760,44.2,49.2,51.2,42.2,,,,,,,
1761,44.1,49.1,51.1,42.1,,,,,,,
1762,44.0,49.0,51.0,42.1,,,,,,,
1763,44.0,48.9,50.9,42.0,,,,,,,
1764,43.9,48.8,50.8,41.9,,,,,,,
1765,43.8,48.7,50.7,41.8,,,,,,,
1766,43.8,48.6,50.6,41.8,,,,,,,
1767,43.7,48.5,50.5,41.7,,,,,,,
1768,43.6,48.4,50.4,41.6,,,,,,,
1769,43.5,48.3,50.3,41.6,,,,,,,
1770,43.4,48.2,50.2,41.5,,,,,,,
1771,43.4,48.1,50.1,41.5,,,,,,,
1772,43.3,48.1,49.9,41.4,,,,,,,
1773,43.2,48.0,49.9,41.3,,,,,,,
1774,43.2,47.9,49.7,41.3,,,,,,,
1775,43.1,47.8,49.6,41.2,,,,,,,
1776,43.0,47.7,49.5,41.1,,,,,,,
1777,42.9,47.6,49.4,41.1,,,,,,,
1778,42.9,47.5,49.3,41.0,,,,,,,
1779,42.8,47.4,49.2,41.0,,,,,,,
1780,42.7,47.3,49.1,40.9,,,,,,,
1781,42.7,47.3,49.0,40.8,,,,,,,
1782,42.6,47.2,48.9,40.8,,,,,,,
1783,42.5,47.1,48.8,40.7,,,,,,,
1784,42.5,47.0,48.7,40.7,,,,,,,
1785,42.4,47.0,48.6,40.6,,,,,,,
1786,42.4,46.9,48.5,40.5,,,,,,,
1787,42.3,46.8,48.4,40.5,,,,,,,
1788,42.2,46.7,48.3,40.4,,,,,,,
1789,42.1,46.6,48.2,40.4,,,,,,,
1790,42.1,46.5,48.1,40.3,,,,,,,
1791,42.0,46.4,48.1,40.3,,,,,,,
1792,42.0,46.4,48.0,40.2,,,,,,,
1793,41.9,46.3,47.9,40.2,,,,,,,
1794,41.8,46.3,47.8,40.1,,,,,,,
1795,41.8,46.2,47.7,40.1,,,,,,,
1796,41.7,46.1,47.6,40.0,,,,,,,
1797,41.6,46.0,47.6,40.0,,,,,,,
1798,41.6,45.9,47.5,40.0,,,,,,,
1799,41.6,45.8,47.4,39.9,,,,,,,
1800,41.5,45.8,47.3,39.8,,,,,,,
1801,41.5,45.7,47.2,39.8,,,,,,,
1802,41.4,45.6,47.2,39.7,,,,,,,
1803,41.3,45.5,47.1,39.7,,,,,,,
1804,41.3,45.5,47.0,39.6,,,,,,,
1805,41.2,45.4,46.9,39.6,,,,,,,
1806,41.1,45.3,46.8,39.5,,,,,,,
1807,41.1,45.2,46.8,39.5,,,,,,,
1808,41.0,45.2,46.7,39.4,,,,,,,
1809,41.0,45.1,46.6,39.4,,,,,,,
1810,40.9,45.0,46.5,39.3,,,,,,,
1811,40.9,44.9,46.4,39.3,,,,,,,
1812,40.8,44.9,46.4,39.2,,,,,,,
1813,40.8,44.8,46.3,39.2,,,,,,,
1814,40.7,44.7,46.2,39.1,,,,,,,
1815,40.6,44.6,46.1,39.1,,,,,,,
1816,40.6,44.6,46.1,39.0,,,,,,,
1817,40.5,44.5,46.0,39.0,,,,,,,
1818,40.5,44.4,45.9,38.9,,,,,,,
1819,40.5,44.4,46.0,39.0,,,,,,,
1820,40.5,44.4,45.8,38.9,,,,,,,
1821,40.4,44.3,45.8,38.9,,,,,,,
1822,40.3,44.2,45.7,38.8,,,,,,,
1823,40.3,44.2,45.6,38.8,,,,,,,
1824,40.3,44.1,45.6,38.7,,,,,,,
1825,40.2,44.0,45.5,38.7,,,,,,,
1826,40.1,43.9,45.4,38.7,,,,,,,
1827,40.1,43.9,45.3,38.6,,,,,,,
1828,40.0,43.8,45.2,38.6,,,,,,,
1829,40.0,43.7,45.2,38.5,,,,,,,
1830,40.0,43.7,45.1,38.5,,,,,,,
1831,39.9,43.6,45.0,38.4,,,,,,,
1832,39.9,43.5,45.0,38.4,,,,,,,
1833,39.8,43.5,44.9,38.4,,,,,,,
1834,39.8,43.4,44.8,38.4,,,,,,,
1835,39.7,43.3,44.7,38.3,,,,,,,
1836,39.7,43.2,44.7,38.3,,,,,,,
1837,39.6,43.2,44.6,38.2,,,,,,,
1838,39.6,43.2,44.5,38.2,,,,,,,
1839,39.5,43.1,44.4,38.2,,,,,,,
1840,39.5,43.1,44.4,38.1,,,,,,,
1841,39.4,43.0,44.3,38.1,,,,,,,
1842,39.4,42.9,44.2,38.0,,,,,,,
1843,39.3,42.9,44.1,38.0,,,,,,,
1844,39.3,42.8,44.1,37.9,,,,,,,
1845,39.2,42.7,44.0,37.9,,,,,,,
1846,39.2,42.7,44.0,37.9,,,,,,,
1847,39.1,42.6,43.9,37.8,,,,,,,
1848,39.1,42.5,43.8,37.8,,,,,,,
1849,39.0,42.5,43.7,37.7,,,,,,,
1850,39.0,42.4,43.7,37.7,,,,,,,
1851,38.9,42.4,43.6,37.7,,,,,,,
1852,38.9,42.3,43.5,37.6,,,,,,,
1853,38.8,42.2,43.5,37.6,,,,,,,
1854,38.8,42.2,43.4,37.5,,,,,,,
1855,38.7,42.1,43.4,37.5,,,,,,,
1856,38.7,42.1,43.3,37.5,,,,,,,
1857,38.7,42.0,43.2,37.4,,,,,,,
1858,38.6,41.9,43.2,37.4,,,,,,,
1859,38.5,41.9,43.2,37.4,,,,,,,
1860,38.5,41.8,43.1,37.3,,,,,,,
1861,38.5,41.7,43.0,37.3,,,,,,,
1862,38.4,41.7,43.0,37.2,,,,,,,
1863,38.4,41.6,42.9,37.2,,,,,,,
1864,38.4,41.6,42.8,37.2,,,,,,,
1865,38.3,41.6,42.7,37.1,,,,,,,
1866,38.3,41.5,42.7,37.1,,,,,,,
1867,38.2,41.4,42.6,37.0,,,,,,,
1868,38.2,41.4,42.6,37.0,,,,,,,
1869,38.1,41.3,42.5,36.9,,,,,,,
1870,38.1,41.3,42.4,36.9,,,,,,,
1871,38.1,41.2,42.4,36.8,,,,,,,
1872,38.0,41.1,42.3,36.8,,,,,,,
1873,38.0,41.1,42.2,36.8,,,,,,,
1874,37.9,41.0,42.1,36.7,,,,,,,
1875,37.9,40.9,42.1,36.7,,,,,,,
1876,37.8,40.9,42.0,36.6,,,,,,,
1877,37.8,40.8,42.0,36.6,,,,,,,
1878,37.7,40.8,41.9,36.6,,,,,,,
1879,37.7,40.7,41.8,36.5,,,,,,,
1880,37.7,40.6,41.7,36.5,,,,,,,
1881,37.6,40.6,41.7,36.4,,,,,,,
1882,37.6,40.5,41.6,36.4,,,,,,,
1883,37.5,40.5,41.6,36.3,,,,,,,
1884,37.5,40.4,41.6,36.3,,,,,,,
1885,37.4,40.4,41.5,36.3,,,,,,,
1886,37.4,40.3,41.4,36.2,,,,,,,
1887,37.3,40.2,41.4,36.2,,,,,,,
1888,37.3,40.2,41.3,36.2,,,,,,,
1889,37.3,40.1,41.3,36.1,,,,,,,
1890,37.2,40.1,41.2,36.1,,,,,,,
1891,37.2,40.0,41.2,36.1,,,,,,,
1892,37.1,40.0,41.1,36.0,,,,,,,
1893,37.1,40.0,41.0,36.0,,,,,,,
1894,37.1,39.9,41.0,36.0,,,,,,,
1895,37.0,39.8,41.0,35.9,,,,,,,
1896,37.0,39.8,40.9,35.9,,,,,,,
1897,37.0,39.7,40.8,35.9,,,,,,,
1898,36.9,39.7,40.8,35.8,,,,,,,
1899,36.8,39.7,40.7,35.8,,,,,,,
1900,36.8,39.6,40.7,35.8,,,,,,,
1901,36.8,39.5,40.6,35.7,,,,,,,
1902,36.7,39.5,40.6,35.7,,,,,,,
1903,36.7,39.4,40.5,35.7,,,,,,,
1904,36.7,39.4,40.5,35.6,,,,,,,
1905,36.6,39.3,40.4,35.6,,,,,,,
1906,36.6,39.3,40.4,35.5,,,,,,,
1907,36.6,39.2,40.3,35.5,,,,,,,
1908,36.5,39.2,40.3,35.5,,,,,,,
1909,36.5,39.1,40.2,35.4,,,,,,,
1910,36.4,39.1,40.2,35.4,,,,,,,
1911,36.4,39.1,40.1,35.4,,,,,,,
1912,36.4,39.0,40.1,35.3,,,,,,,
1913,36.3,39.0,40.0,35.3,,,,,,,
1914,36.3,38.9,40.0,35.3,,,,,,,
1915,36.3,38.9,40.0,35.2,,,,,,,
1916,36.2,38.8,40.0,35.2,,,,,,,
1917,36.2,38.8,39.9,35.2,,,,,,,
1918,36.1,38.7,39.9,35.2,,,,,,,
1919,36.1,38.7,39.8,35.2,,,,,,,
1920,36.1,38.6,39.8,35.1,,,,,,,
1921,36.1,38.6,39.7,35.1,,,,,,,
1922,36.0,38.5,39.7,35.1,,,,,,,
1923,36.0,38.5,39.6,35.0,,,,,,,
1924,35.9,38.4,39.6,35.0,,,,,,,
1925,36.0,38.5,39.6,35.1,,,,,,,
1926,36.0,38.5,39.6,35.0,,,,,,,
1927,35.9,38.4,39.6,35.0,,,,,,,
1928,35.9,38.4,39.5,35.0,,,,,,,
1929,35.9,38.4,39.5,35.0,,,,,,,
1930,35.8,38.3,39.4,34.9,,,,,,,
1931,35.8,38.3,39.4,34.9,,,,,,,
1932,35.8,38.2,39.4,34.9,,,,,,,
1933,35.7,38.2,39.3,34.8,,,,,,,
1934,35.7,38.2,39.3,34.8,,,,,,,
1935,35.7,38.1,39.2,34.8,,,,,,,
1936,35.6,38.1,39.2,34.8,,,,,,,
1937,35.6,38.1,39.2,34.7,,,,,,,