Time,sample_1,sample_2,sample_3,sample_4,sample_5,sample_6,sample_7,sample_8,sample_9,sample_10
0,323.3,305.2,308,315.3,298.5,305.2,306.3,326.3,316.1,305
1,323.5,305.5,308.3,315.6,298.7,305.7,306.9,327,316.8,305.7
2,323.7,305.7,308.5,315.8,298.9,306.1,307.3,327.5,317.3,306.2
3,323.9,305.9,308.7,315.9,299.1,306.5,307.7,328,317.9,306.7
4,324.1,306.2,308.9,316.2,299.4,307,308.2,328.5,318.5,307.3
5,324.3,306.4,309.1,316.4,299.7,307.4,308.5,328.9,319,307.8
6,324.5,306.7,309.3,316.7,299.9,307.8,308.9,329.5,319.5,308.3
7,324.7,307.0,309.6,316.9,300.2,308.2,309.3,329.8,320,308.7
8,324.9,307.2,309.7,317.2,300.5,308.5,309.7,330.4,320.4,309.2
9,325,307.3,309.9,317.3,300.7,308.9,310,330.8,321,309.7
10,325.1,307.5,310.1,317.6,300.9,309.3,310.5,331.2,321.4,310.2
11,325.3,307.7,310.3,317.7,301.2,309.7,310.8,331.6,321.9,310.7
12,325.5,308.0,310.5,318,301.4,310,311.2,332.1,322.4,311.1
13,325.6,308.2,310.7,318.2,301.5,310.5,311.5,332.5,322.9,311.6
14,325.8,308.4,310.9,318.4,301.8,310.9,312,333,323.3,312.1
15,326.1,308.7,311.1,318.6,302.1,311.2,312.3,333.4,323.8,312.5
16,326.2,308.9,311.4,318.8,302.4,311.6,312.6,333.7,324.2,312.9
17,326.4,309.1,311.5,319.1,302.6,312,313,334.1,324.7,313.3
18,326.6,309.4,311.8,319.3,302.9,312.3,313.3,334.5,325.1,313.8
19,326.8,309.7,312,319.5,303.1,312.6,313.6,334.9,325.5,314.1
20,326.9,309.9,312.1,319.7,303.3,313,313.9,335.2,326,314.5
21,327.2,310.0,312.4,319.9,303.6,313.3,314.4,335.6,326.4,314.9
22,327.2,310.3,312.6,320.1,303.8,313.5,314.7,335.9,326.8,315.3
23,327.5,310.5,312.8,320.4,304,313.9,315,336.2,327.2,315.7
24,327.6,310.8,313,320.6,304.3,314.1,315.2,336.5,327.6,316.1
25,327.8,310.9,313.2,320.8,304.6,314.5,315.6,336.9,328,316.5
26,328,311.1,313.5,321,304.9,314.8,315.9,337.2,328.4,316.9
27,328.2,311.4,313.6,321.2,305.1,315.1,316.2,337.4,328.8,317.2
28,328.4,311.6,313.9,321.5,305.3,315.4,316.5,337.7,329.2,317.6
29,328.6,311.8,314.2,321.7,305.6,315.6,316.7,338,329.4,317.9
30,328.8,312.1,314.4,321.9,305.9,315.9,317,338.3,329.8,318.2
31,329.1,312.3,314.6,322.1,306.1,316.3,317.3,338.7,330.2,318.6
32,329.2,312.5,314.8,322.4,306.4,316.5,317.6,338.8,330.5,318.9
33,329.4,312.7,315.1,322.6,306.7,316.8,317.9,339.1,330.9,319.2
34,329.7,312.9,315.3,322.7,306.9,317.1,318.1,339.4,331.2,319.5
35,329.8,313.2,315.5,323,307.1,317.3,318.3,339.7,331.5,319.9
36,330,313.5,315.8,323.3,307.4,317.6,318.6,339.9,331.8,320.1
37,330.3,313.7,315.9,323.5,307.7,317.9,318.9,340.1,332.1,320.5
38,330.5,313.9,316.2,323.8,308,318.1,319.1,340.4,332.4,320.7
39,330.7,314.2,316.5,324.1,308.2,318.3,319.4,340.6,332.8,321
40,330.9,314.5,316.8,324.4,308.6,318.6,319.6,340.8,333,321.3
41,331.3,314.7,317,324.6,308.8,318.8,319.8,341,333.3,321.6
42,331.5,315.0,317.3,324.8,309.1,318.9,320.1,341.2,333.6,321.9
43,331.6,315.3,317.6,325.1,309.4,319.2,320.3,341.4,333.9,322.2
44,331.9,315.6,317.8,325.4,309.7,319.4,320.5,341.6,334.1,322.5
45,332.1,315.8,318,325.7,310.1,319.7,320.8,341.8,334.4,322.8
46,332.4,316.1,318.3,326,310.3,319.9,321,342,334.7,323
47,332.7,316.4,318.6,326.2,310.5,320,321.2,342.2,335,323.3
48,333,316.6,318.8,326.5,310.9,320.3,321.3,342.4,335.2,323.6
49,333.1,316.9,319.1,326.8,311.2,320.5,321.6,342.6,335.5,323.9
50,333.4,317.1,319.4,327.1,311.5,320.6,321.8,342.7,335.7,324.1
51,333.7,317.4,319.6,327.4,311.8,320.8,322,342.9,335.9,324.3
52,333.9,317.7,319.9,327.5,312.2,321,322.2,343.1,336.2,324.5
53,334.1,317.9,320.2,327.8,312.5,321.2,322.4,343.2,336.3,324.8
54,334.4,318.2,320.5,328.1,312.8,321.3,322.5,343.4,336.6,325
55,334.6,318.4,320.7,328.3,313,321.6,322.7,343.5,336.9,325.3
56,334.9,318.6,321,328.6,313.4,321.7,322.9,343.7,337,325.4
57,335.2,318.9,321.3,328.8,313.6,321.8,323,343.7,337.3,325.6
58,335.4,319.2,321.6,329.2,313.9,322,323.2,343.9,337.4,325.8
59,335.6,319.5,321.8,329.4,314.2,322.1,323.4,344.1,337.7,326
60,335.9,319.7,322.1,329.6,314.4,322.4,323.5,344.1,337.9,326.3
61,336.1,320.0,322.4,329.9,314.8,322.4,323.7,344.3,338.1,326.5
62,336.3,320.3,322.6,330.3,315.1,322.6,323.8,344.4,338.3,326.6
63,336.6,320.5,322.9,330.6,315.4,322.7,324,344.6,338.5,326.8
64,336.8,320.7,323.2,330.8,315.7,322.9,324.2,344.6,338.7,327.1
65,337.1,321.0,323.5,331,315.9,323,324.2,344.7,338.8,327.2
66,337.3,321.3,323.7,331.3,316.2,323.1,324.5,344.9,339,327.4
67,337.5,321.5,323.9,331.6,316.5,323.3,324.7,345,339.3,327.6
68,337.8,321.8,324.2,331.9,316.8,323.4,324.7,345,339.4,327.8
69,338.1,319.4,324.5,332.1,317.1,323.4,324.9,345.2,339.6,327.8
70,338.3,322.3,324.7,332.3,317.4,323.6,325,345.2,339.7,328.1
71,338.5,322.5,325,332.5,317.7,323.7,325.1,345.3,339.9,328.2
72,338.8,322.8,325.2,332.7,318.2,323.8,325.3,345.4,340,328.4
73,338.7,323.1,325.5,333,318.5,323.9,325.4,345.5,340.2,328.5
74,338.1,323.2,325.7,333,318.8,324.1,325.5,345.5,340.4,328.8
75,337.5,323.5,325.9,333.3,319.1,324.1,325.6,345.6,340.5,328.8
76,336.6,324.2,326.1,333.4,319.4,324.2,325.7,345.7,340.6,328.9
77,335.6,323.8,326.3,333.7,319.7,324.3,325.9,345.8,340.8,329.2
78,334.4,323.9,326.5,333.8,319.9,324.4,326,345.8,340.9,329.2
79,333.1,323.9,326.8,334,320.1,324.5,326.1,345.9,341,329.4
80,331.7,323.2,327.1,334.3,320.4,324.6,326.2,346,341.2,329.5
81,330.2,322.5,327.4,334.6,320.7,324.6,326.3,346,341.2,329.6
82,328.6,321.6,327.5,334.7,320.9,324.7,326.4,346,341.4,329.7
83,326.9,320.6,327.5,334.8,321.2,324.8,326.5,346.1,341.5,329.8
84,325.2,319.4,327.5,334.9,321.3,324.8,326.5,346.2,341.6,330
85,323.5,318.2,327.2,335,321.5,325,326.6,346.2,341.7,330.1
86,321.8,316.8,326.5,335.2,321.8,325,326.8,346.3,341.8,330.2
87,320,315.4,325.4,335.3,321.9,325.1,326.8,346.3,341.9,330.3
88,318.2,314.1,324.2,335.5,322.1,325.1,326.9,346.3,342,330.4
89,316.4,312.6,322.8,335.6,322.3,325.1,327.1,346.4,342.1,330.6
90,314.6,311.2,321.4,335.7,322.4,325.3,327.1,346.5,342.2,330.6
91,312.8,309.8,319.8,335.5,322.4,325.4,327.2,346.5,342.3,330.7
92,310.9,308.3,318.2,334.9,322.1,325.4,327.2,346.6,342.4,330.9
93,309.1,306.8,316.5,334.2,321.8,325.4,327.4,346.6,342.5,330.9
94,307.3,305.4,314.8,333.3,321,325.6,327.5,346.6,342.7,331.1
95,305,303.8,313.1,332.3,320,325.6,327.5,346.7,342.7,331.2
96,303.3,302.2,311.3,331,318.8,325.7,327.7,346.8,342.7,331.3
97,301.4,300.6,309.5,329.8,317.6,325.7,327.7,346.8,342.9,331.3
98,299.4,299.0,307.7,328.3,316.2,325.7,327.8,346.8,343,331.5
99,297.5,297.3,305.9,326.9,314.8,325.8,327.9,346.9,343.1,331.6
100,295.6,295.8,304.1,325.2,313.3,325.9,328,346.9,343.2,331.7
101,293.7,294.2,302.3,323.8,311.8,325.9,328.1,347.1,343.3,331.8
102,291.8,292.7,300.5,322.1,310.3,326,328.1,347.1,343.4,331.9
103,289.9,291.3,298.6,320.3,308.6,326.1,328.3,347.1,343.5,332.1
104,288.1,289.9,296.8,318.7,307.1,326.1,328.4,347.1,343.7,332.2
105,286.3,288.4,295.1,317,305.5,326.1,328.5,347.1,343.7,332.2
106,284.5,286.9,293.2,315.2,303.9,326.2,328.6,347.2,343.8,332.3
107,282.7,285.4,291.4,313.5,302.2,326.3,328.7,347.4,344,332.5
108,281,283.8,289.7,311.7,300.6,326.3,328.8,347.4,344.1,332.7
109,279.3,282.4,287.9,309.9,298.8,326.4,328.9,347.5,344.2,332.8
110,277.6,280.8,286.1,308.1,297.2,326.5,329.1,347.5,344.3,333
111,275.9,279.3,284.4,306.4,295.5,326.5,329.2,347.6,344.4,333
112,274.2,277.9,282.7,304.6,293.9,326.6,329.2,347.7,344.6,333.2
113,272.6,276.3,281,302.8,292.2,326.6,329.4,347.8,344.7,333.3
114,271,274.9,279.3,301,290.6,326.7,329.5,347.8,344.8,333.3
115,269.4,273.4,277.7,299.3,288.9,326.7,329.5,348,344.9,333.4
116,267.8,272.0,276.1,297.5,287.2,326.8,329.7,348,345.1,333.6
117,266.3,270.6,274.4,295.8,285.6,326.8,329.8,348.1,345.2,333.7
118,264.7,269.1,272.8,294.1,283.9,326.9,329.9,348.1,345.3,333.8
119,263.2,267.7,271.2,292.5,282.3,327,330,348.2,345.4,334
120,261.6,266.3,269.5,290.8,280.7,327,330.1,348.4,345.5,334.1
121,260.1,264.9,268,289,279,327.1,330.3,348.5,345.6,334.3
122,258.6,263.6,266.4,287.4,277.4,327.2,330.4,348.5,345.8,334.4
123,257.1,262.2,264.9,285.7,275.9,327.2,330.5,348.7,345.9,334.6
124,255.7,260.8,263.4,284,274.3,327.4,330.6,348.9,346.1,334.7
125,254.3,259.4,261.9,282.4,272.8,327.5,330.7,349.1,346.2,335
126,252.8,258.2,260.4,280.7,271.2,327.5,330.9,349.1,346.4,335.1
127,251.4,256.8,259,279.1,269.6,327.7,331,349.3,346.5,335.3
128,250,255.4,257.6,277.5,268.1,327.7,331.2,349.4,346.6,335.4
129,248.6,254.1,256.1,275.9,266.5,327.8,331.3,349.5,346.8,335.5
130,247.3,252.8,254.7,274.3,265,327.8,331.5,349.6,346.9,335.7
131,245.9,251.5,253.2,272.8,263.5,327.9,331.6,349.8,347.1,335.9
132,244.5,250.2,251.9,271.4,262.1,328.1,331.7,349.9,347.3,336
133,243.1,248.9,250.3,269.6,260.5,328.1,331.9,350.1,347.5,336.2
134,241.8,247.7,249,268.3,259.1,328.3,332.1,350.2,347.7,336.4
135,240.5,246.3,247.6,266.7,257.7,328.3,332.2,350.3,347.8,336.5
136,239.2,245.2,246.2,265.2,256.2,328.4,332.4,350.5,348,336.6
137,237.9,243.9,244.8,263.8,254.8,328.5,332.6,350.6,348.1,336.9
138,236.6,242.6,243.5,262.2,253.4,328.6,332.6,350.8,348.3,337
139,235.3,241.4,242.1,260.7,252,328.8,332.8,350.9,348.4,337.2
140,234,240.1,240.8,259.1,250.6,328.8,333,351,348.5,337.3
141,232.8,239.0,239.5,257.8,249.2,328.9,333.1,351.2,348.8,337.5
142,231.6,237.7,238.2,256.3,247.8,329.1,333.3,351.3,348.8,337.7
143,230.3,236.5,236.9,254.8,246.5,329.1,333.3,351.5,349,337.9
144,229.2,235.3,235.6,253.4,245.1,329.2,333.5,351.6,349.1,338
145,227.9,234.1,234.4,252,243.8,329.3,333.6,351.7,349.3,338.2
146,226.8,233.0,233.1,250.6,242.4,329.4,333.8,351.8,349.4,338.4
147,225.5,231.8,231.9,249.2,241.1,329.5,333.9,352,349.6,338.5
148,224.3,230.6,230.6,247.9,239.8,329.5,334,352.1,349.8,338.7
149,223.2,229.5,229.5,246.5,238.5,329.7,334.1,352.2,350,338.7
150,221.9,228.5,228.2,245.2,237.3,329.8,334.3,352.2,350.1,339
151,220.8,227.3,227.1,243.9,236.1,329.8,334.4,352.5,350.2,339
152,219.6,226.3,226,242.6,234.8,330,334.6,352.5,350.4,339.2
153,218.6,225.1,224.8,241.4,233.7,330,334.7,352.7,350.5,339.4
154,217.4,224.0,223.6,240.1,232.4,330.2,334.9,352.8,350.7,339.6
155,216.2,222.9,222.5,238.8,231.2,330.2,335,353,350.8,339.7
156,215.1,221.8,221.4,237.6,230,330.3,335.1,353,350.9,339.8
157,214,220.8,220.3,236.3,228.9,330.5,335.3,353.2,351,340
158,213,219.8,219.2,235.2,227.8,330.6,335.3,353.3,351.2,340.1
159,211.9,218.7,218.1,234,226.7,330.7,335.5,353.4,351.3,340.2
160,210.8,217.7,217.1,232.7,225.6,330.7,335.6,353.5,351.3,340.3
161,209.7,216.6,216,231.6,224.5,330.7,335.6,353.5,351.4,340.4
162,208.7,215.7,215,230.3,223.4,330.9,335.7,353.5,351.5,340.5
163,207.6,214.6,213.8,229.2,222.2,330.9,335.9,353.7,351.6,340.6
164,206.5,213.5,212.9,228.1,221.1,331,336,353.8,351.8,340.7
165,205.4,212.5,211.7,226.8,220,331,336,353.8,351.9,340.8
166,204.4,211.5,210.7,225.7,218.9,331.2,336.2,353.9,352.1,341
167,203.4,210.5,209.6,224.5,217.8,331.2,336.3,354,352.2,341
168,202.3,209.5,208.6,223.5,216.8,331.2,336.4,354,352.2,341.1
169,201.3,208.5,207.6,222.4,215.7,331.3,336.5,354.1,352.3,341.2
170,200.4,207.6,206.6,221.2,214.7,331.4,336.6,354.2,352.5,341.3
171,199.4,206.6,205.6,220.1,213.7,331.5,336.7,354.3,352.6,341.4
172,198.5,205.6,204.5,219.1,212.5,331.5,336.8,354.3,352.6,341.5
173,197.7,204.7,203.5,218,211.5,331.6,336.9,354.3,352.7,341.5
174,196.8,203.8,202.6,217,210.5,331.6,337,354.4,352.7,341.6
175,195.9,202.8,201.6,216,209.4,331.6,337,354.4,352.8,341.7
176,195.2,202.0,200.7,215,208.5,331.6,337,354.3,352.8,341.7
177,194.5,201.0,199.7,214.1,207.6,331.8,337.2,354.5,352.9,341.8
178,193.8,200.1,198.8,213.3,206.6,331.7,337.2,354.5,352.9,341.8
179,193.1,199.1,197.9,212.4,205.6,331.8,337.3,354.5,353.1,341.9
180,192.6,198.3,196.9,211.5,204.5,331.9,337.3,354.6,353,341.9
181,192.1,197.3,195.9,210.9,203.6,331.8,337.4,354.6,353.1,342.1
182,191.6,196.4,195.1,210.2,202.7,331.9,337.4,354.6,353.1,342.1
183,191.3,195.6,194.1,209.5,201.7,331.9,337.5,354.6,353.2,342.1
184,190.8,194.7,193.3,209,200.7,331.9,337.5,354.6,353.3,342.2
185,190.5,193.8,192.3,208.5,199.8,332,337.7,354.7,353.3,342.2
186,190.2,192.9,191.4,208.1,198.8,332,337.7,354.7,353.3,342.2
187,189.9,192.1,190.6,207.6,197.8,332.1,337.7,354.7,353.4,342.3
188,189.6,191.3,189.8,207.2,197,332.1,337.7,354.7,353.4,342.4
189,189.3,190.5,188.9,206.9,196.1,332.2,337.8,354.7,353.4,342.4
190,189.1,189.6,188.1,206.4,195.1,332.2,337.9,354.8,353.4,342.4
191,188.8,188.8,187.2,206.1,194.1,332.2,338,354.8,353.4,342.5
192,188.5,187.9,186.4,205.7,193.3,332.2,338,354.7,353.5,342.5
193,188.3,187.1,185.6,205.4,192.4,332.2,338,354.7,353.5,342.5
194,187.9,186.3,184.7,205,191.6,332.2,338,354.7,353.5,342.5
195,187.6,185.5,183.9,204.6,190.7,332.2,338,354.8,353.5,342.6
196,187.4,184.7,183.1,204.4,189.8,332.2,338.1,354.8,353.6,342.6
197,187,183.9,182.3,203.9,188.9,332.2,338.1,354.7,353.5,342.6
198,186.7,183.1,181.4,203.5,188.1,332.2,338.1,354.7,353.7,342.7
199,186.3,182.3,180.6,203.1,187.2,332.2,338.3,354.7,353.7,342.7
200,185.9,181.4,179.8,202.7,186.3,332.3,338.3,354.7,353.7,342.6
201,185.5,180.7,179.1,202.2,185.3,332.2,338.3,354.7,353.6,342.7
202,185.1,179.9,178.2,201.8,184.5,332.2,338.4,354.7,353.7,342.7
203,184.8,179.2,177.6,201.5,183.6,332.2,338.3,354.6,353.7,342.7
204,184.4,178.4,176.8,201,182.8,332.2,338.4,354.6,353.7,342.7
205,183.9,177.6,176,200.6,182,332.2,338.4,354.7,353.7,342.7
206,183.5,176.9,175.3,200.1,181.2,332.2,338.4,354.7,353.7,342.7
207,183.1,176.1,174.5,199.7,180.4,332.3,338.4,354.7,353.7,342.8
208,182.7,175.4,173.8,199.2,179.6,332.3,338.5,354.7,353.7,342.7
209,182.2,174.7,172.9,198.8,178.8,332.3,338.5,354.7,353.7,342.8
210,181.7,173.9,172.2,198.2,177.9,332.3,338.6,354.6,353.7,342.8
211,181.3,173.3,171.5,197.8,177.1,332.3,338.5,354.7,353.8,342.8
212,180.8,172.6,170.8,197.3,176.4,332.2,338.6,354.7,353.8,342.8
213,180.4,171.9,170.1,196.8,175.6,332.3,338.7,354.7,353.8,342.8
214,179.9,171.1,169.3,196.3,174.8,332.3,338.7,354.7,353.9,343
215,179.4,170.4,168.6,195.8,174,332.3,338.8,354.7,353.9,343
216,178.9,169.8,167.9,195.4,173.4,332.3,338.8,354.7,354,343
217,178.4,169.1,167.2,194.9,172.6,332.4,338.9,354.7,353.9,343
218,178,168.4,166.5,194.4,171.9,332.4,338.9,354.7,353.9,343.1
219,177.5,167.8,165.8,193.9,171.1,332.4,339,354.7,354,343.1
220,176.9,167.1,165.1,193.4,170.4,332.3,339,354.8,354,343.2
221,176.4,166.4,164.4,192.9,169.7,332.4,339,354.9,354.1,343.2
222,175.9,165.7,163.8,192.4,169,332.4,339,354.9,354.1,343.3
223,175.4,165.1,163,191.8,168.3,332.5,339.1,354.9,354.2,343.3
224,174.9,164.4,162.3,191.4,167.6,332.5,339.1,354.9,354.2,343.4
225,174.3,163.7,161.7,190.8,166.8,332.5,339.2,355,354.2,343.4
226,173.8,163.0,160.9,190.3,166.1,332.5,339.3,355,354.2,343.5
227,173.3,162.3,160.3,189.7,165.4,332.5,339.3,355.1,354.3,343.5
228,172.7,161.7,159.7,189.3,164.8,332.5,339.4,355.2,354.4,343.6
229,172.3,161.1,159.1,188.7,164,332.6,339.4,355.2,354.5,343.7
230,171.7,160.4,158.3,188.2,163.3,332.6,339.5,355.2,354.6,343.7
231,171.1,159.8,157.7,187.7,162.6,332.7,339.6,355.3,354.6,343.8
232,170.6,159.1,157.1,187.1,161.9,332.7,339.7,355.4,354.8,343.8
233,170.1,158.5,156.5,186.6,161.3,332.7,339.7,355.4,354.8,344
234,169.6,157.9,155.8,186.1,160.7,332.7,339.9,355.5,354.9,344
235,169,157.3,155.1,185.5,160,332.7,340,355.6,354.9,344.1
236,168.5,156.6,154.5,185,159.4,332.8,340,355.6,355,344.3
237,167.9,156.0,153.9,184.8,158.7,332.9,340.1,355.8,355,344.3
238,167.4,155.4,153.3,184.3,158,332.9,340.2,355.9,355.2,344.4
239,166.9,154.8,152.7,183.5,157.4,333,340.3,355.9,355.3,344.6
240,166.4,154.1,152,182.9,156.8,333,340.4,356,355.3,344.7
241,165.8,153.6,151.4,182.4,156.1,333,340.4,356.2,355.4,344.7
242,165.3,153.0,150.9,181.8,155.5,333.1,340.6,356.2,355.5,344.9
243,164.6,152.3,150.2,181.3,154.8,333.1,340.6,356.3,355.5,344.9
244,164.1,151.7,149.6,180.8,154.1,333.1,340.6,356.3,355.6,344.9
245,163.6,151.1,149,180.3,153.5,333.3,340.8,356.5,355.7,345.1
246,163.1,150.5,148.4,179.6,152.9,333.3,340.9,356.5,355.8,345.2
247,162.5,149.9,147.8,179.2,152.3,333.3,340.9,356.6,356,345.3
248,161.9,149.4,147.3,178.6,151.6,333.4,341.1,356.7,356,345.4
249,161.3,148.8,146.7,178.1,151,333.5,341.2,356.8,356.2,345.5
250,160.8,148.2,146,177.6,150.5,333.6,341.3,357,356.3,345.6
251,160.3,147.7,145.4,177.1,149.9,333.5,341.3,357,356.3,345.6
252,159.8,147.1,144.9,176.4,149.2,333.7,341.5,357,356.4,345.8
253,159.2,146.5,144.3,175.9,148.8,333.8,341.6,357.2,356.5,345.9
254,158.7,146.0,143.8,175.4,148.1,333.8,341.7,357.2,356.6,346
255,158.1,145.4,143.2,174.8,147.6,333.9,341.8,357.4,356.7,346.1
256,157.6,144.9,142.6,174.3,147.1,334,341.8,357.4,356.8,346.2
257,157.1,144.2,142.1,173.8,146.5,334,341.9,357.5,356.9,346.3
258,156.6,143.8,141.5,173.3,146,334,342,357.6,357,346.4
259,155.9,143.2,141,172.6,145.5,334.1,342.1,357.7,357,346.5
260,155.5,142.6,140.4,172.2,145,334.1,342.1,357.8,357.1,346.5
261,154.9,142.1,139.9,171.6,144.6,334.2,342.2,357.8,357.1,346.6
262,154.4,141.6,139.4,171.1,144.1,334.2,342.2,357.9,357.2,346.6
263,153.9,141.0,138.8,170.5,143.8,334.3,342.3,357.9,357.2,346.7
264,153.4,140.5,138.3,170.1,143.3,334.3,342.4,358,357.3,346.8
265,152.8,140.0,137.8,169.4,143,334.4,342.5,358,357.4,346.9
266,152.3,139.5,137.3,168.9,142.6,334.3,342.5,358,357.4,346.9
267,151.8,139.0,136.7,168.4,142.2,334.4,342.5,358.1,357.4,346.9
268,151.3,138.4,136.2,167.9,141.9,334.5,342.6,358.1,357.4,346.9
269,150.7,138.0,135.7,167.3,141.6,334.5,342.7,358.2,357.5,347.1
270,150.2,137.5,135.1,166.8,141.3,334.6,342.7,358.3,357.7,347.1
271,149.6,136.9,134.7,166.3,141.1,334.6,342.8,358.3,357.7,347.2
272,149.2,136.4,134.1,165.6,140.8,334.6,342.8,358.3,357.7,347.2
273,148.6,135.9,133.7,165.2,140.5,334.6,342.9,358.3,357.8,347.2
274,148.1,135.4,133.1,164.7,140.2,334.7,342.9,358.4,357.8,347.2
275,147.5,134.9,132.7,164.1,140.1,334.7,343,358.4,357.9,347.2
276,147.1,134.4,132.2,163.7,139.9,334.7,343.1,358.4,357.9,347.3
277,146.5,133.9,131.7,163,139.7,334.7,343.1,358.4,358,347.4
278,146,133.3,131.2,162.6,139.4,334.7,343.1,358.4,358,347.4
279,145.5,132.9,130.8,162,139.4,334.9,343.3,358.4,358,347.4
280,145,132.3,130.3,161.5,139.2,334.7,343.3,358.4,358,347.4
281,144.4,131.9,129.8,161,139,334.9,343.3,358.4,358,347.5
282,143.9,131.4,129.3,160.4,138.8,334.9,343.3,358.4,358,347.5
283,143.4,130.9,128.7,159.8,138.7,334.8,343.3,358.4,358,347.5
284,142.8,130.4,128.3,159.4,138.7,334.9,343.3,358.4,358,347.4
285,142.4,130.0,127.8,158.9,138.5,334.8,343.3,358.4,358,347.4
286,141.8,129.5,127.3,158.4,138.4,334.9,343.4,358.4,358,347.5
287,141.3,129.0,126.8,157.8,138.3,334.8,343.4,358.4,358,347.5
288,140.8,128.6,126.3,157.3,138.2,334.9,343.4,358.4,358,347.5
289,140.4,128.1,125.9,156.8,138.1,334.9,343.4,358.4,358,347.5
290,139.8,127.6,125.4,156.3,138.1,334.8,343.4,358.3,358,347.5
291,139.4,127.3,125,155.8,138,334.9,343.4,358.3,358,347.5
292,138.9,126.8,124.4,155.3,138,334.9,343.4,358.3,358,347.4
293,138.4,126.3,124.1,154.8,137.9,334.9,343.4,358.3,358,347.4
294,137.9,125.9,123.5,154.3,137.8,334.9,343.5,358.3,358,347.4
295,137.3,125.4,123.1,153.8,137.8,334.9,343.5,358.2,358,347.4
296,136.9,124.9,122.7,153.3,137.6,334.8,343.4,358.1,358,347.4
297,136.4,124.5,122.2,152.8,137.6,334.8,343.5,358.1,358,347.4
298,135.9,124.1,121.6,152.3,137.6,334.8,343.4,358.1,358,347.4
299,135.4,123.7,121.2,151.8,137.5,334.8,343.4,358,358,347.3
300,134.9,123.2,120.8,151.2,137.5,334.7,343.4,358,358,347.2
301,134.3,122.7,120.2,150.7,137.3,334.7,343.4,358,358,347.2
302,133.9,122.2,119.9,150.2,137.3,334.8,343.4,358,358,347.2
303,133.4,121.8,119.4,149.7,137.2,334.7,343.4,358,357.9,347.2
304,133,121.4,119,149.2,137.2,334.7,343.4,357.9,358,347.2
305,132.4,120.9,118.5,148.7,137.1,334.7,343.4,357.8,358,347.2
306,132,120.5,118.1,148.2,137.1,334.7,343.4,357.8,358,347.2
307,131.6,120.1,117.8,147.7,137,334.7,343.4,357.7,358,347.1
308,131.1,119.7,117.3,147.2,137,334.6,343.4,357.7,357.9,347.1
309,130.7,119.2,116.9,146.8,137,334.6,343.4,357.6,357.9,347.1
310,130.3,118.8,116.5,146.3,136.8,334.6,343.3,357.6,357.9,347.1
311,129.8,118.4,116.1,145.7,136.8,334.6,343.4,357.5,357.9,347.1
312,129.3,118.0,115.8,145.2,136.8,334.5,343.4,357.5,357.8,347
313,128.9,117.5,115.7,144.7,136.7,334.5,343.4,357.5,357.8,347
314,128.4,117.2,115.4,144.2,136.7,334.4,343.4,357.4,357.8,346.9
315,127.9,116.7,115.5,143.8,136.6,334.4,343.4,357.4,357.8,346.9
316,127.4,116.2,114.8,143.3,136.5,334.4,343.4,357.4,357.8,346.9
317,127,115.8,114.1,142.8,136.5,334.4,343.4,357.4,357.9,346.9
318,126.5,115.5,113.6,142.3,136.4,334.4,343.4,357.4,357.9,346.9
319,126.1,115.0,113.2,141.8,136.3,334.4,343.4,357.3,357.9,346.9
320,125.6,114.7,112.6,141.5,136.3,334.4,343.4,357.3,358,346.9
321,125.2,114.3,112.1,141,136.2,334.4,343.4,357.4,358,346.9
322,124.8,113.9,111.8,140.5,136.2,334.3,343.4,357.3,358,346.9
323,124.3,113.5,111.3,140.2,136.1,334.3,343.4,357.4,358,346.9
324,123.9,113.1,110.9,139.8,136.1,334.4,343.4,357.4,358,346.9
325,123.4,112.7,110.5,139.4,136,334.3,343.5,357.3,358,346.9
326,123,112.3,110.2,139.1,136,334.3,343.5,357.4,358,347
327,122.6,111.9,109.8,138.8,135.9,334.3,343.5,357.4,358,347
328,122.2,111.6,109.4,138.6,135.8,334.3,343.5,357.4,358,347
329,121.7,111.2,109,138.3,135.9,334.4,343.5,357.4,358,347.1
330,121.3,110.8,108.5,138,135.8,334.4,343.6,357.4,358.1,347.1
331,120.9,110.5,108.2,137.8,135.7,334.4,343.6,357.5,358.2,347.2
332,120.5,110.1,107.8,137.6,135.7,334.4,343.7,357.5,358.2,347.2
333,120,109.7,107.5,137.4,135.5,334.4,343.7,357.5,358.3,347.2
334,119.6,109.3,107.1,137.3,135.5,334.4,343.7,357.5,358.4,347.2
335,119.2,109.0,106.7,137,135.5,334.4,343.8,357.5,358.4,347.3
336,118.8,108.6,106.4,137,135.5,334.4,343.8,357.6,358.5,347.4
337,118.4,108.3,106,136.8,135.4,334.4,343.8,357.6,358.5,347.4
338,118,108.0,105.7,136.6,135.3,334.4,344,357.7,358.6,347.5
339,117.7,107.6,105.3,136.5,135.2,334.4,344,357.7,358.7,347.5
340,117.1,107.2,104.9,136.3,135.2,334.6,344.1,357.7,358.7,347.5
341,116.7,106.8,104.5,136.1,135.1,334.6,344.1,357.9,358.9,347.7
342,116.4,106.4,104.2,135.9,135,334.7,344.2,358,359,347.8
343,115.9,106.1,103.9,135.9,135,334.7,344.3,358,359,347.9
344,115.5,105.8,103.5,135.7,135,334.7,344.3,358.1,359,347.9
345,115,105.5,103.2,135.5,134.9,334.8,344.4,358.2,359.1,348
346,114.7,105.0,102.8,135.4,134.9,334.8,344.4,358.3,359.2,348.1
347,114.3,104.7,102.5,135.2,134.8,334.9,344.5,358.3,359.3,348.1
348,113.9,104.4,102.2,135.1,134.7,334.9,344.5,358.4,359.4,348.2
349,113.6,104.1,101.9,135,134.7,334.9,344.6,358.4,359.4,348.3
350,113,103.8,101.5,134.8,134.6,334.9,344.7,358.4,359.6,348.3
351,112.8,103.7,101.2,134.7,134.7,335,344.7,358.5,359.7,348.4
352,112.4,104.0,100.8,134.6,134.6,335,344.8,358.5,359.7,348.5
353,112.1,104.4,100.5,134.4,134.5,335,344.9,358.7,359.8,348.5
354,111.7,104.8,100.2,134.3,134.6,335.1,344.9,358.7,360,348.6
355,111.3,105.2,99.9,134.1,134.4,335.2,345.1,358.8,360,348.8
356,111,105.6,99.5,134,134.4,335.3,345.2,358.9,360.2,348.9
357,110.6,105.9,99.2,133.8,134.2,335.3,345.2,359,360.2,349
358,110.2,106.2,98.8,133.6,134.2,335.3,345.2,359.1,360.3,349
359,109.9,106.4,98.5,133.4,134.1,335.4,345.3,359.1,360.4,349.1
360,109.6,106.8,98.2,133.3,134.1,335.4,345.4,359.2,360.5,349.2
361,109.5,107.0,97.9,133.1,134,335.5,345.4,359.2,360.5,349.2
362,109.2,107.3,97.6,133,133.9,335.5,345.5,359.3,360.7,349.3
363,108.8,107.5,97.4,132.8,133.9,335.6,345.6,359.4,360.8,349.4
364,108.7,107.7,97,132.5,133.8,335.6,345.6,359.4,360.9,349.5
365,108.5,107.8,96.7,132.4,133.7,335.7,345.8,359.5,360.9,349.5
366,108.2,108.0,96.4,132.2,133.6,335.7,345.8,359.6,361,349.6
367,108.2,108.2,96.1,132,133.5,335.8,345.8,359.6,361,349.6
368,108.1,108.4,95.8,131.8,133.5,335.8,345.8,359.7,361,349.7
369,108.2,108.5,95.6,131.6,133.4,335.8,345.8,359.7,361,349.7
370,108.5,108.5,95.3,131.4,133.3,335.8,345.9,359.7,361.2,349.8
371,108.7,108.7,95,131.1,133.3,335.9,346,359.7,361.2,349.9
372,108.9,108.8,94.7,130.9,133.1,335.8,346,359.7,361.3,349.8
373,109.1,108.8,94.4,130.6,133,335.9,346,359.8,361.3,349.9
374,109.3,109.0,94.1,130.3,132.9,336,346.2,359.9,361.5,350
375,109.5,109.0,93.8,130.1,132.8,336,346.2,360,361.5,350
376,109.6,109.2,93.5,129.8,132.8,336,346.2,359.9,361.5,350
377,109.8,109.2,93.2,129.7,132.7,336,346.2,360,361.5,350
378,109.9,109.2,92.9,129.3,132.5,336.1,346.3,360,361.5,350.1
379,109.9,109.2,92.7,129,132.5,336.2,346.3,360,361.6,350.1
380,110,109.3,92.4,128.9,132.3,336.2,346.3,360,361.6,350.2
381,110,109.3,92.1,128.7,132.3,336.2,346.4,360,361.7,350.2
382,110,109.5,91.8,128.3,132.1,336.2,346.4,360,361.7,350.2
383,110.1,109.5,91.6,128,132,336.2,346.4,360,361.6,350.1
384,110.1,109.5,91.3,127.8,131.9,336.2,346.5,360,361.7,350.1
385,110.1,109.5,91,127.4,131.8,336.2,346.5,360,361.7,350.1
386,110.1,109.6,90.8,127.1,131.7,336.2,346.5,360,361.7,350.1
387,110.1,109.6,90.5,126.8,131.6,336.2,346.5,360,361.8,350.1
388,110.1,109.6,90.3,126.5,131.4,336.2,346.5,360,361.8,350.1
389,110.1,109.6,90,126.1,131.3,336.2,346.5,360,361.8,350.1
390,110.1,109.6,89.8,125.8,131.1,336.2,346.5,359.9,361.7,350.2
391,110.1,109.7,89.6,125.4,131,336.2,346.5,359.9,361.7,350.1
392,110.1,109.7,89.3,125.1,130.8,336.3,346.5,359.9,361.7,350.1
393,110,109.6,89,124.8,130.8,336.3,346.5,359.9,361.7,350.1
394,109.9,109.5,88.8,124.3,130.5,336.3,346.5,359.9,361.7,350.2
395,109.9,109.6,88.6,123.9,130.3,336.3,346.5,359.9,361.7,350.1
396,109.9,109.6,88.2,123.5,130.1,336.3,346.5,359.9,361.7,350
397,109.9,109.6,87.9,123,130,336.2,346.5,359.8,361.7,350
398,109.9,109.6,87.8,122.7,129.8,336.2,346.5,359.7,361.7,350
399,109.8,109.6,87.6,122.3,129.7,336.2,346.5,359.7,361.7,350
400,109.8,109.6,87.3,121.9,129.4,336.2,346.5,359.6,361.7,349.9
401,109.6,109.6,87.1,121.5,129.3,336.2,346.5,359.6,361.6,349.9
402,109.6,109.6,86.8,121,129,336.2,346.5,359.6,361.6,349.9
403,109.6,109.6,86.6,120.6,128.7,336.2,346.5,359.6,361.6,349.9
404,109.5,109.6,86.3,120.2,128.6,336.2,346.5,359.5,361.6,349.9
405,109.4,109.5,86.1,119.7,128.2,336.2,346.5,359.5,361.6,349.9
406,109.3,109.5,85.8,119.2,127.9,336.2,346.5,359.5,361.6,349.8
407,109.3,109.5,85.6,118.8,127.6,336.2,346.5,359.4,361.6,349.7
408,109.2,109.5,85.3,118.4,127.3,336.1,346.5,359.4,361.5,349.7
409,109.2,109.4,85.1,117.9,126.9,336.1,346.5,359.3,361.5,349.7
410,109.2,109.3,84.9,117.4,126.5,336.1,346.4,359.4,361.5,349.7
411,109.1,109.3,84.6,116.9,126,336,346.4,359.3,361.4,349.6
412,109,109.4,84.4,116.6,125.6,336,346.4,359.2,361.4,349.6
413,109,109.4,84.2,116.1,125.2,336,346.3,359.2,361.4,349.6
414,108.8,109.3,84,115.7,124.8,336,346.3,359.1,361.3,349.6
415,108.8,109.4,83.7,115.2,124.3,335.9,346.2,359,361.2,349.4
416,108.7,109.3,83.4,114.8,123.8,335.9,346.2,359,361.2,349.4
417,108.5,109.2,83.2,114.3,123.3,335.9,346.2,359,361.1,349.4
418,108.4,109.2,83,113.9,122.9,335.9,346.2,359,361.1,349.3
419,108.4,109.2,82.8,113.4,122.4,335.9,346.2,358.9,361,349.3
420,108.2,109.2,82.6,113,121.9,335.8,346.2,358.8,361.1,349.2
421,108.2,109.2,82.4,112.6,121.4,335.9,346.2,358.9,361.1,349.3
422,108,109.0,82.1,112.1,120.9,335.8,346.1,358.7,361,349.2
423,107.9,109.0,82,111.6,120.3,335.7,346.2,358.7,361,349.2
424,107.8,108.9,81.8,111.2,120,335.7,346.1,358.7,361,349.2
425,107.6,108.9,81.5,110.8,119.4,335.7,346.1,358.7,361,349.1
426,107.6,109.0,81.4,110.4,118.9,335.7,346.1,358.7,361,349.2
427,107.5,108.9,81.2,110,118.5,335.6,346.1,358.6,361,349.1
428,107.3,108.9,81.1,109.6,118,335.7,346,358.6,361,349.1
429,107.2,108.9,80.9,109.2,117.5,335.6,346,358.5,361,349
430,107,108.9,80.7,108.8,117,335.6,346,358.5,361,349
431,106.8,108.8,80.6,108.4,116.5,335.6,346,358.5,360.9,349
432,106.7,108.7,80.3,107.9,116,335.6,346,358.5,360.9,349
433,106.5,108.7,80.3,107.5,115.6,335.6,346.1,358.5,361,349.1
434,106.4,108.7,80.2,107.2,115.1,335.6,346,358.5,361,349
435,106.2,108.6,80,106.7,114.7,335.6,346,358.4,22.8,349
436,105.9,108.5,80,106.2,114.1,335.5,346.1,358.4,361,349
437,105.8,108.5,79.9,105.8,113.7,335.5,346,358.4,361,349
438,105.7,108.5,79.9,105.5,113.3,335.5,346,358.4,361,349
439,105.5,108.4,79.7,105,112.8,335.5,346,358.4,361,349
440,105.3,108.4,79.7,104.6,112.3,335.4,346,358.4,361,349
441,105,108.2,79.6,104.2,111.8,335.5,346,358.4,361,349
442,104.8,108.3,79.6,103.8,111.4,335.5,346,358.4,361,349
443,104.5,108.2,79.4,103.4,111,335.5,346,358.4,361.1,349.1
444,104.2,108.2,79.4,103,110.5,335.4,346,358.5,361.3,349.1
445,104.1,108.2,79.3,102.5,110.1,335.5,346.1,358.4,361.3,349.1
446,103.8,108.1,79.3,102.2,109.6,335.5,346.1,358.4,292.9,349.1
447,103.5,108.0,79.3,101.8,109.2,335.4,346.1,358.5,361.4,349.1
448,103.1,107.9,79.2,101.5,108.8,335.5,346.2,358.5,361,349.2
449,102.7,107.9,79.1,101,108.3,335.5,346.2,358.5,361.5,349.3
450,102.5,107.9,79,100.6,107.9,335.6,346.2,358.6,361.6,349.3
451,102.1,107.9,79,100.2,107.5,335.6,346.2,358.6,361.7,349.4
452,101.8,107.9,79,99.9,107.1,335.5,346.2,358.5,372.3,349.4
453,101.4,107.7,78.9,99.5,106.6,335.5,346.2,358.4,361.7,349.5
454,101,107.6,78.8,99.1,106.2,335.6,346.3,358.4,361.8,349.6
455,100.7,107.6,78.8,98.7,105.8,335.6,346.2,358.4,361.8,349.6
456,100.3,107.5,78.8,98.3,105.3,335.6,346.5,358.4,361.9,349.7
457,100,107.4,78.7,97.9,104.9,335.6,346.3,358.4,361.9,349.7
458,99.6,107.4,78.6,97.6,104.5,335.5,346.4,358.4,361.9,349.9
459,99.3,107.3,78.6,97.2,104.1,335.6,346.5,358.3,362.1,349.9
460,98.8,107.2,78.5,96.8,103.7,335.6,346.5,358.2,362.1,350
461,98.5,107.2,78.4,96.5,103.3,335.7,346.5,358.1,362.1,350
462,98.2,107.0,78.4,96.2,102.8,335.7,346.5,358.1,361.9,350.2
463,97.8,107.0,78.3,95.8,102.5,335.8,346.6,358,361.6,350.3
464,97.5,107.0,78.3,95.5,102.1,335.8,346.6,358,361,350.2
465,97,106.9,78.2,95.2,101.6,335.8,346.6,357.8,359.7,349.9
466,96.7,106.8,78.2,94.9,101.3,335.9,373.1,357.7,358.7,349.3
467,96.3,106.8,78.1,94.5,101,335.9,346.8,357.7,350.9,348.3
468,95.9,106.7,78,94.2,100.6,335.9,346.7,357.6,356.2,347.3
469,95.6,106.6,78,93.8,100.2,335.9,346.7,357.5,355.3,346
470,95.2,106.5,77.9,93.5,99.9,335.9,346.8,357.4,353.4,344.3
471,94.8,106.5,77.9,93.3,99.5,336,346.9,357.4,352,342.4
472,94.5,106.3,77.7,92.8,99.1,336,346.8,357.3,350,340.5
473,94.1,106.2,77.7,92.6,98.7,336,346.9,357.2,348,338.5
474,93.8,106.1,77.6,92.2,98.4,336.2,347.1,357.1,346,336.6
475,93.5,105.9,77.6,91.9,98,336,346.9,357.1,344,334.4
476,93.1,105.8,77.5,91.6,97.6,336.1,346.9,356.9,342.2,332.5
477,92.7,105.8,77.4,91.3,97.3,336.2,347.1,356.3,340.4,330.5
478,92.4,105.6,77.3,91,96.9,336.2,347,355.6,338.4,328.4
479,92.1,105.5,77.3,90.7,96.5,336.2,347.1,354.7,336.4,326.3
480,91.7,105.5,77.2,90.4,96.2,336.2,347.1,353.8,334.4,324.2
481,91.3,105.4,77.1,90.1,95.8,336.3,347.2,352.5,332.5,322.1
482,91,105.3,77,89.8,95.5,336.3,347.3,351,330.5,320
483,90.7,105.1,76.9,89.5,95.2,336.3,347.5,349.6,328.6,318
484,90.3,105.0,76.8,89.3,94.8,336.4,347.6,348,326.8,315.9
485,90,104.8,76.7,88.8,94.5,336.5,345.8,346.3,324.9,313.9
486,89.6,104.7,76.7,88.6,94.1,336.4,347.7,344.6,323.1,311.8
487,89.4,104.4,76.6,88.3,93.8,336.3,347.4,343,321.3,309.9
488,89,104.4,76.5,88,93.4,335.8,346.6,341.1,319.7,307.8
489,88.8,104.1,76.5,87.7,93.1,335.1,345.8,339.3,317.6,305.9
490,88.4,103.9,76.4,87.4,92.7,334.3,344.8,337.5,315.6,304
491,88.1,103.8,76.2,87.1,92.4,333.4,343.4,335.7,311.3,301.9
492,87.8,103.5,76.2,86.9,92.1,332.2,342.1,333.7,311.8,300
493,87.5,103.3,76.1,86.6,91.8,331,340.6,331,309.5,298.1
494,87.2,103.2,76,86.4,91.5,329.5,339.1,328.5,307.7,296.1
495,86.9,102.9,75.9,86.1,91.2,328,337.5,326.2,305.9,294.3
496,86.6,102.7,75.8,85.8,90.8,326.4,335.9,323.6,304.1,292.4
497,86.2,102.4,75.8,85.5,90.5,324.8,334.1,320.7,302.3,290.4
498,85.8,102.2,75.6,85.3,90.2,323.2,332.4,319.7,300.7,288.5
499,85.6,101.9,75.6,85,89.9,321.4,330.7,317.6,299,286.7
500,85.3,101.6,75.5,84.7,89.6,319.7,328.9,316,297.3,284.9
501,85,101.4,75.5,84.4,89.3,318,326.9,314.2,295.6,283
502,84.7,101.2,75.3,84.1,89,316.1,325.1,312.4,294,281.3
503,84.4,100.8,75.2,83.8,88.6,314.2,323.3,310.5,292.3,279.5
504,84.1,100.6,75.1,83.6,88.4,312.3,321.5,308.5,290.7,277.7
505,83.8,100.4,75,83.4,88.1,310.4,319.8,306.6,289.1,276
506,83.5,100.1,74.9,83.1,87.8,308.6,318,304.7,287.5,274.3
507,83.2,99.8,74.8,82.9,87.5,306.7,316.2,302.8,285.9,272.7
508,82.9,99.6,74.7,82.6,87.2,304.9,314.4,300.9,284.3,271
509,82.6,99.3,74.6,82.4,86.9,303.1,312.5,299,282.7,269.4
510,82.4,99.0,74.5,82.1,86.7,301.2,310.8,297.2,281.2,267.8
511,82.1,98.7,74.4,81.8,86.4,299.4,308.9,295.4,279.6,266.1
512,81.8,98.5,74.4,81.6,86.1,297.5,307.1,293.5,278,264.6
513,81.5,98.2,74.3,81.4,85.9,295.7,305.4,291.7,276.5,262.9
514,81.3,97.9,74.2,81.1,85.6,294,303.6,289.9,275.1,261.4
515,81.1,97.6,74.2,80.9,85.3,292.1,301.9,288.1,273.5,259.9
516,80.8,97.2,74,80.6,85,290.4,300.1,286.4,272.1,258.3
517,80.5,96.9,73.9,80.3,84.7,288.7,298.5,284.7,270.6,256.8
518,80.2,96.6,73.8,80.1,84.4,287,296.7,283,269.2,255.4
519,80,96.4,73.8,79.9,84.2,285.2,295,281.3,267.8,254
520,79.7,96.1,73.8,79.7,83.8,283.5,293.4,279.6,266.4,252.4
521,79.4,95.8,73.6,79.5,83.6,281.8,291.6,278,265,251
522,79.2,95.5,73.5,79.2,83.4,280.2,290,276.3,263.6,249.5
523,78.9,95.2,73.5,79,83.1,278.4,288.2,274.6,262.1,248.1
524,78.6,94.9,73.5,78.8,82.8,276.8,286.6,273,260.7,246.6
525,78.4,94.7,73.4,78.6,82.6,275.2,284.9,271.5,259.4,245.2
526,78.2,94.4,73.3,78.3,82.3,273.5,283.3,269.8,258,243.8
527,77.9,94.1,73.3,78.1,82.1,271.9,281.8,268.3,256.6,242.4
528,77.7,93.8,73.2,77.9,81.8,270.4,280.2,266.8,255.4,241
529,77.4,93.4,73.2,77.6,81.5,268.8,278.5,265.4,254,239.7
530,77.2,93.1,73.2,77.4,81.2,267.4,277,263.9,252.8,238.4
531,76.9,92.8,73.2,77.1,81.1,265.9,275.5,262.5,251.5,237
532,76.7,92.5,73.1,76.9,80.8,264.4,274,261,250.2,235.7
533,76.5,92.2,73.2,76.7,80.5,262.9,272.5,259.6,248.9,234.5
534,76.2,91.9,73.1,76.5,80.3,261.5,271,258.2,247.8,233.1
535,75.9,91.7,73.1,76.2,80,260.1,269.5,256.8,246.4,231.9
536,75.8,91.3,73,76.1,79.8,258.7,268.2,255.4,245.2,230.6
537,75.5,91.0,73,75.9,79.5,257.3,266.8,254,243.9,229.5
538,75.2,90.8,73,75.7,79.3,255.9,265.3,252.6,242.7,228.2
539,75,90.5,73,75.5,79.1,254.5,263.9,251.2,241.6,227.1
540,74.8,90.3,72.9,75.3,78.8,253.1,262.5,249.9,240.4,225.8
541,74.6,89.9,73,75.1,78.6,251.8,261.2,248.4,239.2,224.6
542,74.4,89.7,73,74.9,78.3,250.4,259.9,247.1,238,223.4
543,74.1,89.5,73,74.7,78.1,249.2,258.5,245.8,236.8,222.2
544,73.8,89.3,72.9,74.5,77.9,247.8,257.1,244.5,235.6,221.1
545,73.6,89.1,72.9,74.3,77.6,246.5,255.9,243.2,234.5,220
546,73.5,88.9,72.9,74.1,77.4,245.2,254.6,241.8,233.5,218.8
547,73.2,88.7,72.9,73.9,77.1,243.9,253.3,240.5,232.6,217.7
548,73,88.7,72.9,73.7,77,242.7,252,239.2,231.4,216.5
549,72.8,88.4,72.9,73.5,76.7,241.5,250.7,237.9,230.3,215.4
550,72.6,88.2,72.9,73.3,76.5,240.2,249.5,236.6,229.3,214.3
551,72.3,87.9,72.9,73,76.3,239,248.1,235.5,228.2,213.3
552,72.1,87.8,72.8,72.9,76.1,237.7,246.9,234.3,227.2,212.2
553,72,87.6,72.9,72.7,75.9,236.6,245.7,233.1,226.1,211.2
554,71.7,87.3,72.9,72.6,75.6,235.5,244.5,231.9,225.1,210.1
555,71.5,87.0,72.8,72.3,75.4,234.2,243.2,230.6,224.1,209
556,71.2,86.9,72.9,72.1,75.2,233.1,242,229.5,223.1,208
557,71,86.6,72.8,71.9,75,231.9,240.8,228.4,222.1,206.9
558,70.8,86.4,72.9,71.7,74.7,230.8,239.6,227.2,221,205.9
559,70.6,86.1,72.8,71.5,74.5,229.6,238.4,226,220,204.9
560,70.4,85.9,72.8,71.3,74.3,228.4,237.2,224.9,219,203.8
561,70.2,85.5,72.8,71.2,74.2,227.4,236.1,223.7,217.9,202.8
562,70,85.3,72.7,70.9,73.9,226.3,234.8,222.7,216.9,201.8
563,69.8,85.0,72.7,70.8,73.6,225.2,233.7,221.6,216,200.9
564,69.6,84.8,72.7,70.5,73.5,224.1,232.6,220.5,215,200
565,69.4,84.6,72.7,70.4,73.2,223,231.4,219.3,214,199
566,69.1,84.3,72.7,70.2,73,221.9,230.3,218.3,213,198
567,68.9,84.1,72.6,70.1,72.9,220.8,229.2,217.2,212,197
568,68.8,83.8,72.7,69.9,72.6,219.8,228.1,216.2,211.1,196.1
569,68.6,83.5,72.6,69.7,72.4,218.7,227,215.1,210.1,195.1
570,68.4,83.3,72.6,69.5,72.2,217.7,226,214,209.1,194.3
571,68.2,83.1,72.6,69.3,72.1,216.6,224.8,213.1,208.3,193.3
572,68,82.8,72.6,69.1,71.8,215.7,223.8,212,207.3,192.4
573,67.8,82.4,72.6,68.9,71.6,214.6,222.7,211.1,206.4,191.6
574,67.7,82.3,72.6,68.8,71.4,213.6,221.7,210.1,205.5,190.6
575,67.5,82.0,72.6,68.6,71.2,212.6,220.7,209.1,204.5,189.8
576,67.3,81.8,72.6,68.4,71,211.6,219.6,208.1,203.6,188.9
577,67.1,81.5,72.6,68.2,70.8,210.6,218.5,207.1,202.7,188.1
578,66.9,81.3,72.6,68,70.6,209.6,217.5,206.2,201.8,187.1
579,66.8,81.1,72.6,67.8,70.4,208.6,216.5,205.2,200.8,186.3
580,66.6,80.8,72.6,67.7,70.2,207.7,215.5,204.2,200,185.4
581,66.4,80.6,72.5,67.6,70.1,206.7,214.5,203.3,199.1,184.6
582,66.3,80.4,72.5,67.4,69.8,205.7,213.5,202.4,198.3,183.8
583,66.1,80.1,72.5,67.2,69.6,204.8,212.5,201.4,197.4,182.9
584,65.9,79.9,72.4,67.1,69.5,203.9,211.5,200.5,196.5,182.1
585,65.7,79.7,72.4,66.9,69.2,202.9,210.6,199.6,195.6,181.3
586,65.6,79.4,72.4,66.7,69.1,202,209.7,198.7,194.8,180.4
587,65.4,79.1,72.4,66.5,68.8,201,208.7,197.8,193.9,179.6
588,65.3,78.9,72.3,66.3,68.6,200.2,207.7,196.9,193.1,178.8
589,65,78.6,72.3,66.2,68.4,199.2,206.8,195.9,192.3,178
590,65,78.3,72.3,66,68.3,198.4,205.8,195.1,191.5,177.3
591,64.8,78.1,72.3,65.8,68.1,197.4,204.9,194.3,190.7,176.4
592,64.7,78.0,72.4,65.7,67.9,196.6,204,193.4,189.9,175.7
593,64.5,77.7,72.3,65.5,67.7,195.8,203.1,192.6,189.1,174.9
594,64.3,77.4,72.3,65.3,67.5,194.9,202.2,191.8,188.4,174.2
595,64.2,77.3,72.4,65.1,67.4,194.1,201.2,190.9,187.5,173.4
596,64,77.0,72.4,65,67.2,193.2,200.4,190.1,187,172.6
597,63.9,76.7,72.3,64.8,67,192.3,199.5,189.3,186.6,171.9
598,63.7,76.4,72.2,64.6,66.8,191.5,198.6,188.4,186.3,171.1
599,63.6,76.2,72.2,64.4,66.6,190.6,197.8,187.6,186.2,170.4
600,63.4,75.9,72.1,64.2,66.4,189.8,196.8,186.8,186,169.6
601,63.3,75.8,72.1,64.1,66.3,188.9,195.9,185.9,185.8,168.9
602,63,75.5,72.1,64,66,188.1,195.1,185.2,185.8,168.2
603,63,75.3,72.1,63.8,65.9,187.3,194.2,184.3,185.6,167.4
604,62.8,75.1,72.1,63.6,65.7,186.3,193.3,183.4,185.3,166.8
605,62.6,74.9,72,63.5,65.5,185.6,192.4,182.6,185.2,166
606,62.4,74.7,72,63.4,65.3,184.7,191.6,181.8,185,165.3
607,62.2,74.5,72,63.3,65.2,183.9,190.7,181,184.9,164.6
608,62.1,74.3,71.9,63.1,65,183.1,189.9,180.2,184.6,163.9
609,61.9,74.0,71.8,63,64.8,182.3,189.1,179.4,184.4,163.2
610,61.8,73.8,71.8,62.8,64.7,181.5,188.3,178.7,184.2,162.5
611,61.6,73.6,71.7,62.6,64.5,180.7,187.4,177.9,184,161.9
612,61.5,73.4,71.7,62.5,64.3,179.9,186.6,177.1,183.8,161.2
613,61.3,73.2,71.6,62.3,64.2,179.2,185.8,176.3,183.6,160.4
614,61.2,72.9,71.6,62.2,64,178.4,184.9,175.6,183.3,159.8
615,61.2,72.8,71.6,62,63.9,177.6,184.1,174.8,183.1,159.2
616,60.9,72.6,71.6,61.9,63.7,176.8,183.4,174.1,182.9,158.5
617,60.8,72.3,71.5,61.8,63.6,176.1,182.5,173.3,182.6,157.8
618,60.7,72.1,71.5,61.6,63.4,175.3,181.8,172.6,182.4,157.2
619,60.5,71.9,71.5,61.5,63.3,174.6,180.9,171.8,182.1,156.5
620,60.4,71.7,71.4,61.3,63.1,173.9,180.3,171.1,181.8,155.9
621,60.2,71.5,71.3,61.2,63,173.5,179.6,170.4,181.6,155.2
622,60.1,71.3,71.2,61,62.8,173.1,178.8,169.7,181.3,154.6
623,59.9,71.1,71.2,60.8,62.6,172.9,178.1,169,181.2,154
624,59.8,70.9,71.1,60.7,62.4,172.7,177.3,168.3,180.9,153.3
625,59.6,70.7,71.1,60.6,62.2,172.5,176.4,167.5,180.6,152.6
626,59.5,70.5,71,60.5,62.1,172.4,175.7,166.9,180.3,151.9
627,59.4,70.4,70.9,60.4,62,172.4,175,166.1,179.9,151.3
628,59.2,70.2,70.8,60.2,61.9,172.4,174.3,165.5,179.6,150.7
629,59.2,70.0,70.8,60.2,61.8,172.3,173.5,164.8,179.4,150.1
630,59,69.8,70.7,60,61.6,172.3,172.8,164.2,178.9,149.4
631,58.7,69.5,70.6,59.8,61.3,172.2,172.1,163.5,178.7,148.8
632,58.7,69.5,70.5,59.7,61.2,172.1,171.4,162.9,178.4,148.2
633,58.5,69.2,70.3,59.5,61,172,170.7,162.2,178.1,147.6
634,58.3,69.0,70.1,59.3,60.8,171.9,170.1,161.6,177.8,147
635,58.1,68.7,70,59.2,60.7,171.8,169.3,160.8,177.4,146.3
636,58.1,68.6,69.8,58.9,60.5,171.6,168.6,160.2,177.1,145.8
637,58,68.4,69.7,58.9,60.4,171.4,168,159.6,176.8,145.2
638,57.7,68.2,69.5,58.7,60.2,171.1,167.3,158.9,176.4,144.6
639,57.7,68.0,69.4,58.5,60.1,171,166.6,158.3,176.1,144
640,57.5,67.8,69.1,58.4,59.9,170.7,165.9,157.6,175.6,143.4
641,57.4,67.6,69,58.3,59.8,170.4,165.3,157,175.3,142.8
642,57.2,67.4,68.8,58.1,59.6,170.1,164.6,156.4,174.9,142.3
643,57,67.2,68.6,58,59.4,169.9,163.9,155.8,174.6,141.7
644,56.9,67.1,68.4,57.8,59.2,169.7,163.4,155.3,174.3,141.2
645,56.7,66.8,68.2,57.7,59.1,169.4,162.7,154.6,173.9,140.5
646,56.6,66.6,68,57.5,58.9,169,162,154,173.5,139.9
647,56.4,66.4,67.8,57.4,58.8,168.7,161.4,153.4,173.1,139.4
648,56.3,66.2,67.6,57.2,58.6,168.4,160.8,152.8,172.8,138.9
649,56.1,66.1,67.4,57,58.5,168.1,160.1,152.2,172.4,138.3
650,55.9,65.8,67.1,56.9,58.3,167.8,159.6,151.7,172,137.8
651,55.8,65.6,66.9,56.7,58.1,167.4,158.9,151,171.6,137.1
652,55.7,65.4,66.7,56.5,58,167.1,158.3,150.5,171.3,136.7
653,55.5,65.3,66.6,56.4,57.8,166.8,157.6,149.9,170.8,136.1
654,55.4,65.1,66.3,56.3,57.7,166.4,157.1,149.4,170.4,135.6
655,55.2,65.0,66.2,56.1,57.5,166,156.4,148.8,170.1,135
656,55.1,64.7,66,56.1,57.4,165.7,155.8,148.2,169.6,134.5
657,54.9,64.5,65.8,55.8,57.2,165.3,155.2,147.6,169.3,134
658,54.8,64.3,65.7,55.7,57,164.9,154.7,147.1,168.9,133.4
659,54.7,64.2,65.4,55.6,56.9,164.6,154,146.5,168.5,133
660,54.5,64.0,65.3,55.5,56.7,164.2,153.4,146,168.1,132.5
661,54.4,63.9,65.1,55.4,56.7,163.8,152.9,145.4,167.6,131.9
662,54.2,63.6,65,55.2,56.5,163.4,152.3,144.9,167.3,131.4
663,54,63.5,64.8,55.1,56.4,163.1,151.8,144.4,166.9,131
664,54,63.3,64.6,55.1,56.3,162.8,151.2,143.8,166.5,130.5
665,53.9,63.2,64.4,54.9,56.1,162.4,150.7,143.3,166.1,130
666,53.7,63.0,64.2,54.7,56,161.9,150.1,142.8,165.7,129.5
667,53.6,62.9,64,54.6,55.8,161.6,149.6,142.1,165.3,129
668,53.4,62.6,63.9,54.5,55.7,161.2,149.1,141.7,164.9,128.5
669,53.4,62.5,63.7,54.4,55.6,160.8,148.4,141.1,164.4,128.1
670,53.2,62.3,63.6,54.3,55.4,160.4,148,140.6,164.1,127.5
671,53.1,62.2,63.4,54.2,55.4,160,147.3,140,163.6,127
672,53,62.1,63.3,54,55.3,159.6,146.7,139.5,163.1,126.5
673,52.8,61.9,63,54,55.1,159.2,146.2,139,162.7,126
674,52.8,61.7,62.9,53.9,55,158.8,145.6,138.6,162.3,125.6
675,52.6,61.6,62.7,53.7,54.9,158.5,145.2,138,161.9,125.1
676,52.5,61.5,62.6,53.6,54.8,158.1,144.6,137.5,161.4,124.7
677,52.3,61.3,62.4,53.5,54.7,157.8,144.1,137.1,161.1,124.3
678,52.3,61.2,62.2,53.4,54.5,157.4,143.4,136.5,160.6,123.8
679,52.2,61.0,62.1,53.3,54.4,156.9,143,136,160.1,123.2
680,52,60.8,61.9,53.1,54.3,156.6,142.4,135.5,159.7,122.8
681,51.9,60.7,61.8,53,54.1,156.1,141.8,135,159.3,122.3
682,51.8,60.5,61.6,52.9,54,155.7,141.3,134.4,158.8,121.8
683,51.6,60.4,61.4,52.8,53.9,155.3,140.7,133.9,158.3,121.3
684,51.6,60.2,61.2,52.7,53.8,154.9,140.2,133.4,157.9,120.8
685,51.4,60.2,61.1,52.6,53.7,154.4,139.6,133,157.5,120.4
686,51.3,59.9,60.9,52.5,53.6,154,139.2,132.4,157,120
687,51.3,59.8,60.8,52.3,53.4,153.6,138.6,131.9,156.5,119.4
688,51.1,59.7,60.7,52.3,53.4,153.2,138.2,131.4,156.1,119
689,51,59.6,60.5,52.2,53.3,152.8,137.8,130.9,155.6,118.6
690,50.9,59.3,60.4,52.1,53.1,152.3,137.5,130.4,155.1,118.1
691,50.8,59.2,60.2,52,53.1,151.8,137.1,129.9,154.7,117.7
692,50.7,59.2,60.1,51.9,53,151.5,136.9,129.4,154.3,117.3
693,50.6,59.0,59.9,51.9,52.8,151.2,136.6,128.9,153.7,116.8
694,50.5,58.8,59.8,51.6,52.7,150.7,136.3,128.5,153.3,116.3
695,50.4,58.7,59.7,51.6,52.6,150.2,136.1,128,152.8,115.9
696,50.2,58.5,59.5,51.4,52.5,149.8,135.8,127.6,152.3,115.5
697,50.2,58.4,59.5,51.4,52.4,149.4,135.6,127.1,151.9,115.1
698,50.1,58.3,59.2,51.3,52.3,149.1,135.4,126.7,151.5,114.7
699,49.9,58.1,59.2,51.3,52.2,148.6,135.1,126.2,151,114.2
700,49.9,58.0,59,51.1,52,148.3,135,125.8,150.5,113.8
701,49.7,57.9,58.9,51,52,147.8,134.7,125.4,150,113.3
702,49.6,57.8,58.7,51,51.9,147.4,134.6,124.9,149.5,112.9
703,49.6,57.7,58.6,50.8,51.8,147,134.4,124.6,149.1,112.5
704,49.4,57.5,58.5,50.7,51.7,146.5,134.2,124.1,148.6,112.1
705,49.4,57.5,58.3,50.7,51.6,146.1,134.1,123.8,148.1,111.7
706,49.3,57.4,58.2,50.6,51.5,145.7,133.9,123.5,147.6,111.2
707,49.3,57.2,58.1,50.5,51.4,145.2,133.8,123.2,147.1,110.8
708,49.1,57.1,57.8,50.4,51.3,144.9,133.6,122.9,146.7,110.4
709,49,56.9,57.8,50.3,51.1,144.4,133.5,122.7,146.2,110.1
710,49,56.8,57.7,50.2,51,144,133.4,122.5,145.7,109.6
711,48.8,56.7,57.5,50.1,51,143.6,133.3,122.3,145.3,109.3
712,48.7,56.6,57.4,50,50.9,143.2,133.1,122.2,144.8,108.8
713,48.7,56.4,57.2,49.9,50.8,142.8,133.1,122.1,144.2,108.4
714,48.6,56.3,57.1,49.7,50.7,142.3,133,121.9,143.8,108
715,48.5,56.2,57,49.7,50.6,141.9,132.8,121.8,143.3,107.7
716,48.5,56.1,56.9,49.6,50.5,141.5,132.7,121.6,142.8,107.3
717,48.4,56.0,56.8,49.6,50.4,141,132.6,121.6,142.3,106.8
718,48.2,55.9,56.6,49.5,50.3,140.7,132.5,121.4,141.7,106.4
719,48.2,55.7,56.5,49.3,50.2,140.3,132.3,121.3,141.2,106.1
720,48.1,55.7,56.4,49.3,50.1,139.9,132.3,121.2,140.7,105.6
721,48,55.6,56.3,49.3,50.1,139.4,132.2,121.1,140.3,105.2
722,47.9,55.4,56.1,49.1,49.9,139,132.1,121,139.8,104.8
723,47.8,55.3,56,49.1,49.8,138.6,132,120.8,139.2,104.4
724,47.8,55.2,55.8,49,49.7,138.2,131.9,120.8,138.8,104.1
725,47.6,55.1,55.8,49,49.6,137.8,131.9,120.7,138.3,103.6
726,47.6,55.1,55.7,48.9,49.6,137.4,131.7,120.7,137.8,103.3
727,47.5,55.0,55.5,48.8,49.4,137,131.6,120.5,137.3,103
728,47.4,54.8,55.4,48.7,49.4,136.6,131.6,120.4,136.8,102.5
729,47.3,54.8,55.3,48.6,49.3,136.2,131.4,120.3,136.4,102.2
730,47.2,54.6,55.1,48.5,49.2,135.9,131.3,120.3,135.9,101.9
731,47.2,54.5,55,48.4,49.1,135.5,131.2,120.2,135.4,101.6
732,47,54.3,54.9,48.2,49,135.1,131.1,120.1,134.9,101.3
733,47,54.2,54.8,48.2,49,134.8,131,120.1,134.4,101
734,47,54.1,54.7,48.1,48.8,134.6,130.9,120,134,100.7
735,46.9,54.0,54.6,48.1,48.8,134.3,130.8,120,133.5,100.4
736,46.8,53.9,54.5,47.9,48.6,134.2,130.7,119.9,133,100.1
737,46.7,53.7,54.4,47.9,48.6,134,130.6,119.8,132.6,99.9
738,46.6,53.7,54.2,47.8,48.5,133.9,130.5,119.7,132.1,99.7
739,46.6,53.5,54.1,47.8,48.4,133.9,130.4,119.7,131.7,99.5
740,46.5,53.5,54,47.6,48.2,133.8,130.3,119.7,131.2,99.4
741,46.4,53.4,53.9,47.6,48.2,133.7,130.1,119.6,130.8,99.2
742,46.2,53.2,53.7,47.5,48.1,133.7,130.1,119.6,130.3,99.1
743,46.2,53.1,53.6,47.4,48,133.8,130,119.5,129.8,98.9
744,46.1,53.1,53.5,47.3,48,133.8,129.8,119.4,129.5,98.8
745,46.1,53.0,53.4,47.2,47.9,133.7,129.8,119.4,129,98.7
746,46.1,52.8,53.4,47.2,47.8,133.8,129.7,119.4,128.6,98.7
747,45.9,52.6,53.2,47,47.6,133.8,129.5,119.4,128.2,98.5
748,45.9,52.6,53.1,46.9,47.6,133.8,129.4,119.3,127.8,98.4
749,45.7,52.5,52.9,46.9,47.5,133.8,129.2,119.3,127.4,98.4
750,45.6,52.4,52.9,46.9,47.5,133.8,129.1,119.2,127,98.2
751,45.6,52.3,52.8,46.8,47.3,133.8,129,119.2,126.5,98.2
752,45.5,52.3,52.6,46.7,47.2,133.6,128.7,119.1,126,98
753,45.5,52.2,52.6,46.7,47.2,133.6,128.5,119,125.6,98
754,45.4,52.0,52.5,46.6,47.2,133.7,128.4,119,125.2,97.9
755,45.4,51.9,52.3,46.4,47.1,133.6,128.1,119,124.8,97.7
756,45.2,51.8,52.2,46.3,46.9,133.6,127.9,119,124.3,97.7
757,45.2,51.7,52.2,46.3,46.9,133.6,127.7,118.9,123.9,97.6
758,45.2,51.6,52,46.2,46.8,133.6,127.4,118.8,123.5,97.4
759,45,51.5,51.9,46.1,46.7,133.6,127.2,118.8,123.1,97.3
760,44.9,51.4,51.9,46.1,46.6,133.6,127,118.8,122.7,97.2
761,44.9,51.3,51.7,46,46.6,133.4,126.7,118.8,122.3,97
762,44.8,51.3,51.6,45.9,46.4,133.4,126.3,118.7,121.9,96.8
763,44.7,51.1,51.5,45.9,46.4,133.4,126,118.6,121.4,96.7
764,44.7,51.0,51.4,45.8,46.2,133.3,125.8,118.6,121.1,96.5
765,44.6,50.9,51.3,45.6,46.2,133.3,125.4,118.6,120.8,96.4
766,44.5,50.8,51.2,45.6,46.1,133.2,125.1,118.5,120.3,96.2
767,44.4,50.7,51.1,45.5,46.1,133,124.8,118.4,120,96
768,44.3,50.7,51,45.5,46,133,124.4,118.4,119.7,95.8
769,44.3,50.6,50.9,45.4,45.9,133,124,118.3,119.3,95.6
770,44.1,50.5,50.8,45.4,45.8,132.8,123.7,118.3,119,95.4
771,44.1,50.4,50.7,45.2,45.7,132.7,123.2,118.3,118.8,95.2
772,44.1,50.2,50.7,45.2,45.6,132.7,122.9,118.3,118.5,95.1
773,44,50.2,50.6,45.1,45.6,132.6,122.6,118.2,118.3,94.8
774,44,50.1,50.5,45,45.5,132.3,122.2,118.1,118,94.6
775,43.9,50.0,50.4,45,45.5,132.3,121.8,118,117.7,94.4
776,43.9,50.0,50.3,45,45.5,132.2,121.3,117.9,117.5,94.2
777,43.8,49.9,50.2,44.9,45.4,131.9,120.9,117.9,117.2,93.9
778,43.7,49.7,50.1,44.9,45.3,131.8,120.5,117.8,116.9,93.8
779,43.7,49.6,50,44.8,45.2,131.6,120.1,117.7,116.7,93.6
780,43.5,49.6,49.9,44.7,45.2,131.4,119.7,117.7,116.6,93.3
781,43.5,49.5,49.9,44.6,45.1,131.2,119.3,117.5,116.2,93.2
782,43.5,49.3,49.7,44.5,45,131,118.9,117.5,115.9,92.9
783,43.4,49.3,49.6,44.4,44.9,130.8,118.5,117.4,115.7,92.8
784,43.4,49.3,49.5,44.4,44.9,130.4,118.1,117.3,115.5,92.6
785,43.2,49.1,49.4,44.3,44.8,130.3,117.7,117.3,115.3,92.5
786,43.1,49.0,49.3,44.2,44.6,129.9,117.3,117.2,115,92.2
787,43.1,48.9,49.2,44.1,44.6,129.5,117,117,114.8,92.1
788,43,48.8,49.1,44.1,44.5,129.2,116.6,116.9,114.6,91.9
789,43,48.7,49.1,44,44.4,128.8,116.2,116.7,114.3,91.8
790,42.9,48.6,49,43.8,44.4,128.4,115.8,116.5,114.1,91.5
791,42.8,48.6,48.9,43.9,44.3,128,115.3,116.3,113.8,91.4
792,42.7,48.5,48.8,43.8,44.3,127.6,115,116,113.5,91.2
793,42.7,48.5,48.7,43.8,44.1,127.1,114.6,115.9,113.2,91
794,42.6,48.3,48.6,43.7,44.1,126.6,114.1,116.7,112.8,90.8
795,42.6,48.2,48.6,43.7,44.1,126.2,113.8,115.8,112.5,90.5
796,42.6,48.2,48.5,43.6,44.1,125.7,113.4,115.1,112.2,90.5
797,42.4,48.1,48.5,43.5,44,125.3,113,114.7,111.9,90.3
798,42.4,48.1,48.2,43.5,43.8,124.9,112.6,114.3,111.6,90.1
799,42.3,47.9,48.2,43.4,43.8,124.3,112.2,113.9,111.3,90
800,42.2,47.9,48.1,43.4,43.7,123.9,111.8,113.5,111,89.8
801,42.1,47.8,48,43.2,43.7,123.4,111.5,113.1,110.7,89.8
802,42.1,47.8,48,43.2,43.6,123,111.1,112.7,110.4,89.5
803,42.1,47.7,47.9,43.1,43.5,122.5,110.7,112.4,110,89.5
804,42.1,47.6,47.9,43.1,43.5,122,110.3,111.9,109.7,89.3
805,42,47.5,47.8,43,43.4,121.5,109.8,111.5,109.3,89
806,42,47.3,47.6,42.9,43.3,121,109.5,111.2,109,88.8
807,41.8,47.3,47.5,42.8,43.2,120.5,109.2,110.8,108.7,88.8
808,41.8,47.2,47.5,42.8,43.1,120.2,108.7,110.4,108.4,88.6
809,41.7,47.2,47.4,42.7,43.1,119.7,108.4,110.1,108.1,88.4
810,41.7,47.1,47.2,42.7,43,119.2,108.1,109.7,107.6,88.3
811,41.6,47.0,47.2,42.6,43,118.8,107.7,109.3,107.3,88.1
812,41.6,46.9,47.2,42.5,42.9,118.3,107.3,108.8,107,88
813,41.5,46.9,47.1,42.4,42.8,117.8,106.8,108.4,106.7,87.8
814,41.4,46.7,47,42.4,42.7,117.3,106.5,108.1,106.2,87.6
815,41.4,46.7,46.9,42.3,42.7,116.9,106.1,107.7,106,87.4
816,41.4,46.6,46.9,42.3,42.6,116.4,105.8,107.3,105.6,87.3
817,41.3,46.6,46.8,42.2,42.6,116,105.5,107,105.3,87.2
818,41.2,46.6,46.6,42.2,42.5,115.6,105.1,106.5,105,87
819,41.2,46.4,46.6,42.1,42.4,115.2,104.8,106.2,104.7,86.8
820,41.1,46.4,46.6,42.1,42.4,114.6,104.4,105.8,104.4,86.7
821,41.1,46.2,46.4,42,42.3,114.2,104,105.3,104,86.5
822,41.1,46.2,46.4,41.9,42.2,113.8,103.7,105,103.7,86.3
823,41,46.1,46.4,41.9,42.3,113.3,103.3,104.6,103.3,86.1
824,41,46.1,46.3,41.8,42.1,112.8,103,104.2,103.2,86
825,40.9,46.0,46.2,41.7,42.1,112.5,102.7,103.9,102.8,85.9
826,40.8,45.9,46,41.7,42,112,102.3,103.6,102.5,85.7
827,40.7,45.8,46,41.6,42,111.6,102,103.2,102.2,85.6
828,40.7,45.8,45.9,41.6,41.8,111.2,101.6,102.8,101.8,85.4
829,40.6,45.7,45.8,41.5,41.8,110.8,101.3,102.5,101.5,85.3
830,40.6,45.6,45.8,41.5,41.7,110.3,101,102.1,101.2,85.1
831,40.5,45.6,45.7,41.4,41.7,109.8,100.6,101.7,100.8,84.9
832,40.5,45.5,45.6,41.4,41.7,109.4,100.3,101.4,100.5,84.7
833,40.4,45.4,45.5,41.3,41.5,109,99.9,101,100.2,84.6
834,40.4,45.3,45.5,41.2,41.5,108.5,99.6,100.7,99.9,84.4
835,40.4,45.2,45.5,41.1,41.5,108.2,99.3,100.4,99.7,84.3
836,40.3,45.2,45.4,41.1,41.4,107.8,99.1,100,99.3,84.2
837,40.1,45.0,45.2,41,41.3,107.4,98.7,99.6,99,84.1
838,40.1,44.9,45.2,40.9,41.2,106.9,98.4,99.3,98.7,84
839,40,44.9,45,40.9,41.1,106.6,98.1,99,98.4,83.8
840,40,44.8,45,40.8,41.1,106.2,97.7,98.5,98,83.6
841,40,44.7,44.9,40.8,41,105.7,97.4,98.2,97.7,83.5
842,39.9,44.6,44.9,40.7,41,105.3,97,97.8,97.4,83.3
843,39.8,44.6,44.7,40.7,40.9,105,96.7,97.6,97.1,83.2
844,39.7,44.5,44.7,40.6,40.8,104.6,96.4,97.2,96.8,83.1
845,39.7,44.4,44.6,40.4,40.7,104.2,96.1,96.9,96.5,82.9
846,39.7,44.3,44.5,40.4,40.7,103.8,95.8,96.5,96.2,82.8
847,39.5,44.3,44.4,40.4,40.6,103.5,95.5,96.3,95.9,82.6
848,39.5,44.2,44.4,40.3,40.6,103,95.2,96,95.6,82.5
849,39.5,44.1,44.3,40.3,40.5,102.6,94.8,95.5,95.2,82.3
850,39.4,44.1,44.2,40.2,40.4,102.2,94.5,95.3,94.9,82.2
851,39.3,44.0,44.1,40.1,40.4,101.8,94.2,94.8,94.6,82
852,39.3,43.8,44.1,40.1,40.4,101.5,93.9,94.6,94.3,81.9
853,39.2,43.8,44,40,40.3,101.2,93.6,94.2,93.9,81.7
854,39.2,43.8,43.8,40,40.2,100.7,93.2,93.9,93.8,81.6
855,39.1,43.7,43.8,39.9,40.1,100.4,92.9,93.6,93.3,81.4
856,39,43.6,43.8,39.8,40.1,99.9,92.7,93.2,93.1,81.2
857,39,43.6,43.7,39.8,40.1,99.6,92.4,92.9,92.9,81.1
858,39,43.5,43.6,39.7,40,99.3,92.1,92.6,92.5,81
859,38.9,43.4,43.5,39.7,39.9,98.8,91.8,92.2,92.2,80.9
860,38.8,43.4,43.5,39.6,39.9,98.5,91.5,92,92,80.8
861,38.7,43.3,43.4,39.6,39.8,98.1,91.2,91.6,91.7,80.5
862,38.7,43.1,43.4,39.6,39.8,97.8,90.9,91.3,91.5,80.5
863,38.7,43.1,43.4,39.4,39.7,97.5,90.7,91.2,91.2,80.3
864,38.6,43.1,43.2,39.4,39.7,97.2,90.4,90.8,90.8,80.2
865,38.6,43.1,43.1,39.3,39.7,96.7,90.1,90.5,90.6,80.2
866,38.5,42.9,43.1,39.3,39.6,96.4,89.8,90.2,90.3,80
867,38.5,42.9,43.1,39.3,39.5,96.1,89.5,89.9,90,79.9
868,38.5,42.9,43,39.3,39.5,95.6,89.2,89.6,89.6,79.7
869,38.4,42.7,42.9,39.2,39.4,95.4,88.8,89.4,89.5,79.6
870,38.3,42.7,42.7,39.2,39.3,95,88.5,89.1,89.2,79.4
871,38.3,42.6,42.7,39,39.3,94.7,88.3,88.8,88.8,79.3
872,38.2,42.6,42.7,39,39.2,94.4,88,88.5,88.6,79.2
873,38.2,42.6,42.7,39,39.3,94.1,87.7,88.3,88.3,79
874,38.2,42.4,42.7,39,39.2,93.7,87.4,88.1,88.1,78.9
875,38.2,42.4,42.6,39,39.2,93.4,87.1,87.8,87.8,78.8
876,38.2,42.4,42.6,38.9,39.1,93.1,86.9,87.6,87.5,78.6
877,38,42.3,42.4,38.7,39,92.8,86.6,87.3,87.2,78.5
878,38,42.2,42.4,38.7,39,92.4,86.3,87.2,87,78.3
879,37.9,42.1,42.3,38.6,38.9,92.2,86,87,86.7,78.2
880,37.9,42.1,42.3,38.6,38.9,91.9,85.8,86.8,86.4,78.1
881,37.9,42.0,42.1,38.6,38.8,91.5,85.5,86.6,86.2,78
882,37.8,42.0,42.1,38.5,38.7,91.2,85.3,86.4,86,77.9
883,37.7,42.0,42.1,38.6,38.7,90.9,85,86.3,85.6,77.7
884,37.7,42.0,42.1,38.5,38.7,90.7,84.8,86.1,85.4,77.6
885,37.7,41.8,42,38.5,38.6,90.4,84.6,85.9,85.2,77.5
886,37.6,41.8,41.9,38.4,38.6,90.1,84.2,85.6,84.9,77.3
887,37.6,41.7,41.9,38.4,38.5,89.8,84,85.5,84.6,77.1
888,37.6,41.7,41.8,38.3,38.5,89.5,83.6,85.3,84.3,77.1
889,37.5,41.5,41.7,38.2,38.4,89.2,83.4,85.2,84.1,76.9
890,37.4,41.5,41.7,38.2,38.4,88.9,83.2,85.1,83.8,76.8
891,37.4,41.5,41.7,38.1,38.4,88.6,82.9,84.9,83.6,76.7
892,37.3,41.4,41.6,38.1,38.3,88.4,82.6,84.7,83.3,76.5
893,37.3,41.4,41.5,38.1,38.2,88.1,82.4,84.6,83.1,76.4
894,37.3,41.4,41.5,38.1,38.2,87.8,82.2,84.4,82.8,76.3
895,37.3,41.2,41.5,38,38.1,87.5,81.9,84.3,82.6,76.2
896,37.2,41.2,41.4,38,38.1,87.3,81.7,84.1,82.3,76.1
897,37.1,41.1,41.3,38,38.1,87,81.4,84,82.1,76
898,37.1,41.2,41.4,38,38.1,86.8,81.2,83.9,81.9,75.9
899,,,,,,86.6,80.9,83.7,81.6,75.8
900,,,,,,86.3,80.7,83.6,81.4,75.7
901,,,,,,86,80.5,83.4,81.1,75.6
902,,,,,,85.8,80.3,83.3,80.9,75.4
903,,,,,,85.6,80,83.1,80.6,75.3
904,,,,,,85.3,79.7,82.9,80.5,75.2
905,,,,,,85.1,79.5,82.7,80.2,75
906,,,,,,84.9,79.3,82.5,79.9,75
907,,,,,,84.6,79.1,82.3,79.7,74.8
908,,,,,,84.3,78.8,82.1,79.5,74.7
909,,,,,,84.1,78.6,81.9,79.2,74.7
910,,,,,,83.9,78.3,81.7,78.9,74.5
911,,,,,,83.6,78.1,81.5,78.8,74.4
912,,,,,,83.4,77.9,81.2,78.5,74.2
913,,,,,,83.2,77.7,81.1,78.2,74.1
914,,,,,,83,77.4,80.9,78,74
915,,,,,,82.8,77.3,80.7,77.8,74
916,,,,,,82.6,77,80.5,77.6,73.9
917,,,,,,82.3,76.8,80.3,77.4,73.7
918,,,,,,82.1,76.5,80,77.1,73.6
919,,,,,,81.9,76.4,79.8,76.9,73.5
920,,,,,,81.7,76.1,79.6,76.7,73.4
921,,,,,,81.4,75.9,79.4,76.4,73.3
922,,,,,,81.2,75.8,79.2,76.2,73.2
923,,,,,,81.1,75.5,78.9,76,73
924,,,,,,80.8,75.3,78.7,75.8,73
925,,,,,,80.6,75.1,78.5,75.6,72.9
926,,,,,,80.4,74.9,78.2,75.3,72.7
927,,,,,,80.2,74.7,78,75.1,72.7
928,,,,,,80,74.5,77.8,74.8,72.5
929,,,,,,79.8,74.3,77.6,74.6,72.4
930,,,,,,79.5,74.1,77.4,74.4,72.3
931,,,,,,79.4,74,77.3,74.2,72.3
932,,,,,,79.2,73.8,77.1,74,72.1
933,,,,,,79,73.6,76.9,73.8,72.1
934,,,,,,78.8,73.3,76.7,73.6,72
935,,,,,,78.6,73.2,76.5,73.4,71.9
936,,,,,,78.5,73,76.4,73.2,71.8
937,,,,,,78.3,72.8,76.1,73,71.6
938,,,,,,78.1,72.7,75.9,72.8,71.5
939,,,,,,77.9,72.4,75.7,72.6,71.5
940,,,,,,77.7,72.3,75.5,72.4,71.3
941,,,,,,77.5,72.1,75.3,72.2,71.3
942,,,,,,77.3,71.8,75.1,72,71.2
943,,,,,,77.1,71.6,74.8,71.7,71.1
944,,,,,,76.8,71.4,74.7,71.5,71
945,,,,,,76.7,71.3,74.4,71.3,71
946,,,,,,76.5,71.1,74.2,71.2,71.1
947,,,,,,76.4,70.9,74,71,71
948,,,,,,76.1,70.7,73.9,70.8,71.2
949,,,,,,75.9,70.6,73.7,70.6,71.3
950,,,,,,75.8,70.3,73.5,70.4,71.3
951,,,,,,75.6,70.2,73.3,70.3,71.5
952,,,,,,75.4,70,73,70,71.7
953,,,,,,75.2,69.9,73,69.8,71.8
954,,,,,,75,69.7,72.7,69.6,72
955,,,,,,74.8,69.5,72.6,69.5,72.1
956,,,,,,74.7,69.3,72.3,69.4,72.3
957,,,,,,74.4,69.1,72.1,69.1,72.4
958,,,,,,74.2,68.9,71.9,68.9,72.6
959,,,,,,74.1,68.8,71.7,68.8,72.7
960,,,,,,73.9,68.5,71.5,68.6,73
961,,,,,,73.7,68.4,71.3,68.4,73.1
962,,,,,,73.5,68.2,71.2,68.2,73.3
963,,,,,,73.3,68,70.9,68,73.5
964,,,,,,73,67.8,70.8,67.8,73.7
965,,,,,,72.9,67.7,70.6,67.7,73.8
966,,,,,,72.7,67.5,70.4,67.5,74.1
967,,,,,,72.5,67.3,70.2,67.3,74.2
968,,,,,,72.3,67.2,70,67.2,74.3
969,,,,,,72.2,67.1,69.9,67.1,74.5
970,,,,,,72,66.9,69.7,66.9,74.7
971,,,,,,71.8,66.8,69.5,66.8,74.8
972,,,,,,71.6,66.6,69.3,66.6,74.9
973,,,,,,71.4,66.3,69.1,66.4,75
974,,,,,,71.2,66.2,69,66.2,75.1
975,,,,,,71,66,68.8,66,75.1
976,,,,,,70.9,65.8,68.6,65.8,75.1
977,,,,,,70.6,65.6,68.5,65.6,75.3
978,,,,,,70.5,65.4,68.3,65.4,75.3
979,,,,,,70.3,65.3,68.1,65.3,75.3
980,,,,,,70.1,65.1,67.8,65.1,75.3
981,,,,,,69.9,65,67.7,64.9,75.3
982,,,,,,69.7,64.8,67.6,64.8,75.3
983,,,,,,69.5,64.7,67.3,64.7,75.2
984,,,,,,69.4,64.5,67.2,64.5,75.1
985,,,,,,69.3,64.5,67.1,64.5,75.1
986,,,,,,69.1,64.2,66.9,64.2,74.9
987,,,,,,68.9,64,66.8,64,74.8
988,,,,,,68.6,63.9,66.6,63.8,74.7
989,,,,,,68.5,63.8,66.3,63.7,74.4
990,,,,,,68.3,63.5,66.3,63.5,74.3
991,,,,,,68.1,63.4,66,63.4,74.1
992,,,,,,67.9,63.2,65.9,63.2,73.9
993,,,,,,67.7,63.1,65.7,63,73.8
994,,,,,,67.5,62.9,65.6,62.8,73.5
995,,,,,,67.3,62.7,65.4,62.8,73.3
996,,,,,,67.2,62.6,65.3,62.6,73
997,,,,,,66.9,62.4,65,62.4,72.8
998,,,,,,66.8,62.3,64.8,62.3,72.6
999,,,,,,66.6,62.1,64.7,62.1,72.4
1000,,,,,,66.5,61.9,64.5,62,72.2
1001,,,,,,66.3,61.9,64.4,61.8,72
1002,,,,,,66.1,61.8,64.2,61.8,71.7
1003,,,,,,65.9,61.6,64,61.6,71.5
1004,,,,,,65.7,61.4,63.8,61.5,71.2
1005,,,,,,65.6,61.2,63.7,61.3,71
1006,,,,,,65.3,61.1,63.4,61.1,70.7
1007,,,,,,65.2,60.9,63.4,60.9,70.5
1008,,,,,,65,60.8,63.2,60.8,70.3
1009,,,,,,64.8,60.7,63.1,60.7,70.1
1010,,,,,,64.7,60.5,62.9,60.5,69.9
1011,,,,,,64.5,60.4,62.8,60.4,69.6
1012,,,,,,64.3,60.3,62.7,60.2,69.5
1013,,,,,,64.2,60.1,62.5,60.1,69.3
1014,,,,,,64,59.9,62.4,59.9,69.1
1015,,,,,,63.8,59.8,62.1,59.8,68.8
1016,,,,,,63.7,59.6,62.1,59.7,68.6
1017,,,,,,63.5,59.5,61.8,59.5,68.3
1018,,,,,,63.3,59.3,61.7,59.3,68
1019,,,,,,63.2,59.2,61.5,59.2,67.9
1020,,,,,,63.1,59,61.4,59,67.7
1021,,,,,,62.8,59,61.2,58.9,67.5
1022,,,,,,62.7,58.9,61.1,58.8,67.4
1023,,,,,,62.6,58.7,61,58.7,67.2
1024,,,,,,62.4,58.6,60.8,58.6,66.9
1025,,,,,,62.2,58.4,60.7,58.4,66.7
1026,,,,,,62.1,58.3,60.5,58.3,66.5
1027,,,,,,61.9,58.1,60.4,58.1,66.3
1028,,,,,,61.8,58,60.2,58,66.1
1029,,,,,,61.5,58,60.1,58,65.9
1030,,,,,,61.4,57.8,59.9,57.8,65.7
1031,,,,,,61.2,57.7,59.8,57.7,65.6
1032,,,,,,61.1,57.5,59.7,57.5,65.3
1033,,,,,,61,57.4,59.5,57.4,65.2
1034,,,,,,60.7,57.2,59.4,57.2,65
1035,,,,,,60.6,57,59.2,57.1,64.8
1036,,,,,,60.5,56.9,59.1,56.9,64.6
1037,,,,,,60.4,56.9,59,56.8,64.4
1038,,,,,,60.2,56.7,58.9,56.7,64.2
1039,,,,,,60,56.6,58.8,56.6,64.1
1040,,,,,,59.9,56.5,58.7,56.5,63.9
1041,,,,,,59.8,56.4,58.6,56.3,63.8
1042,,,,,,59.6,56.2,58.4,56.2,63.5
1043,,,,,,59.5,56.1,58.3,56,63.3
1044,,,,,,59.3,55.9,58.1,55.9,63.1
1045,,,,,,59.2,55.8,58,55.8,63
1046,,,,,,59,55.7,57.9,55.7,62.8
1047,,,,,,58.9,55.6,57.7,55.6,62.7
1048,,,,,,58.7,55.5,57.7,55.5,62.5
1049,,,,,,58.7,55.4,57.5,55.3,62.4
1050,,,,,,58.5,55.2,57.4,55.2,62.2
1051,,,,,,58.3,55.2,57.3,55.1,62
1052,,,,,,58.3,55.1,57.2,55.1,61.8
1053,,,,,,58.1,55,57,54.9,61.8
1054,,,,,,58,54.9,56.9,54.8,61.6
1055,,,,,,57.8,54.8,56.8,54.6,61.4
1056,,,,,,57.8,54.6,56.7,54.6,61.3
1057,,,,,,57.6,54.5,56.6,54.5,61.1
1058,,,,,,57.5,54.5,56.5,54.3,61
1059,,,,,,57.4,54.3,56.4,54.2,60.8
1060,,,,,,57.3,54.2,56.3,54.1,60.7
1061,,,,,,57.1,54.1,56.1,53.9,60.5
1062,,,,,,57,54,56,53.9,60.4
1063,,,,,,56.8,53.8,55.8,53.7,60.1
1064,,,,,,56.6,53.7,55.7,53.6,60
1065,,,,,,56.6,53.6,55.6,53.5,59.9
1066,,,,,,56.4,53.5,55.5,53.4,59.7
1067,,,,,,56.3,53.4,55.4,53.3,59.6
1068,,,,,,56.2,53.3,55.3,53.2,59.5
1069,,,,,,56,53.2,55.2,53.1,59.3
1070,,,,,,55.9,53.1,55.1,53,59.2
1071,,,,,,55.8,53,54.9,52.9,59
1072,,,,,,55.7,52.9,54.9,52.8,58.9
1073,,,,,,55.6,52.8,54.8,52.8,58.8
1074,,,,,,55.4,52.7,54.8,52.6,58.7
1075,,,,,,55.4,52.6,54.6,52.5,58.6
1076,,,,,,55.2,52.5,54.5,52.3,58.4
1077,,,,,,55.1,52.4,54.3,52.2,58.3
1078,,,,,,54.9,52.3,54.2,52.2,58.1
1079,,,,,,54.9,52.2,54.2,52.1,58
1080,,,,,,54.8,52.2,54,52,57.9
1081,,,,,,54.6,52,54,52,57.7
1082,,,,,,54.6,51.9,53.9,51.9,57.7
1083,,,,,,54.4,51.8,53.8,51.8,57.6
1084,,,,,,54.3,51.8,53.7,51.7,57.5
1085,,,,,,54.2,51.7,53.6,51.6,57.4
1086,,,,,,54.2,51.6,53.5,51.4,57.2
1087,,,,,,53.9,51.4,53.4,51.3,57
1088,,,,,,53.9,51.4,53.2,51.3,56.9
1089,,,,,,53.8,51.3,53.2,51.2,56.8
1090,,,,,,53.5,51.2,53.1,51.1,56.6
1091,,,,,,53.5,51.1,52.9,51,56.5
1092,,,,,,53.4,51,52.8,50.8,56.4
1093,,,,,,53.2,50.8,52.8,50.8,56.3
1094,,,,,,53.2,50.8,52.7,50.8,56.3
1095,,,,,,53.2,50.8,52.7,50.6,56.1
1096,,,,,,53.1,50.6,52.5,50.5,56
1097,,,,,,52.9,50.6,52.5,50.4,55.9
1098,,,,,,52.8,50.5,52.3,50.4,55.8
1099,,,,,,52.7,50.4,52.2,50.4,55.7
1100,,,,,,52.5,50.4,52.1,50.2,55.5
1101,,,,,,52.5,50.2,52,50.1,55.4
1102,,,,,,52.2,50.1,51.9,49.9,55.3
1103,,,,,,52.2,50,51.8,49.9,55.2
1104,,,,,,52.1,49.9,51.8,49.7,55.1
1105,,,,,,52,49.7,51.6,49.7,54.9
1106,,,,,,51.9,49.7,51.4,49.6,54.9
1107,,,,,,51.8,49.6,51.4,49.5,54.8
1108,,,,,,51.7,49.6,51.4,49.5,54.7
1109,,,,,,51.5,49.5,51.2,49.4,54.6
1110,,,,,,51.4,49.4,51.1,49.4,54.5
1111,,,,,,51.4,49.3,51.1,49.2,54.3
1112,,,,,,51.2,49.2,50.9,49.1,54.2
1113,,,,,,51.1,49.1,50.8,49,54.2
1114,,,,,,51,49,50.8,48.9,54
1115,,,,,,51,48.9,50.7,48.8,53.9
1116,,,,,,50.8,48.8,50.5,48.7,53.9
1117,,,,,,50.7,48.7,50.5,48.6,53.7
1118,,,,,,50.7,48.7,50.4,48.5,53.5
1119,,,,,,50.5,48.5,50.2,48.4,53.4
1120,,,,,,50.4,48.5,50.2,48.4,53.4
1121,,,,,,50.3,48.4,50.1,48.3,53.2
1122,,,,,,50.2,48.4,50,48.2,53.1
1123,,,,,,50.1,48.2,49.9,48.2,53
1124,,,,,,49.9,48.2,49.7,48.1,52.8
1125,,,,,,49.9,48.1,49.7,48.1,52.8
1126,,,,,,49.8,48.1,49.6,47.9,52.7
1127,,,,,,49.6,47.9,49.4,47.8,52.6
1128,,,,,,49.6,47.8,49.4,47.7,52.5
1129,,,,,,49.4,47.8,49.3,47.6,52.4
1130,,,,,,49.4,47.6,49.2,47.6,52.3
1131,,,,,,49.3,47.5,49.1,47.5,52.2
1132,,,,,,49.3,47.5,49.1,47.5,52.2
1133,,,,,,49.1,47.5,49,47.4,52
1134,,,,,,49.1,47.3,48.9,47.3,52
1135,,,,,,49,47.3,48.8,47.3,51.9
1136,,,,,,48.9,47.2,48.8,47.1,51.7
1137,,,,,,48.7,47.1,48.7,47,51.6
1138,,,,,,48.7,47,48.6,47,51.4
1139,,,,,,48.6,47,48.4,46.9,51.4
1140,,,,,,48.5,46.9,48.4,46.9,51.3
1141,,,,,,48.4,46.8,48.4,46.7,51.2
1142,,,,,,48.4,46.7,48.3,46.7,51.1
1143,,,,,,48.2,46.7,48.2,46.6,51
1144,,,,,,48.2,46.6,48.1,46.5,50.9
1145,,,,,,48.1,46.5,48.1,46.4,50.8
1146,,,,,,48,46.4,47.9,46.3,50.7
1147,,,,,,47.9,46.3,47.9,46.2,50.6
1148,,,,,,47.8,46.2,47.8,46.2,50.5
1149,,,,,,47.8,46.2,47.7,46.1,50.4
1150,,,,,,47.6,46,47.6,46,50.4
1151,,,,,,47.5,46,47.6,46,50.2
1152,,,,,,47.5,45.9,47.4,45.9,50.1
1153,,,,,,47.3,45.9,47.3,45.8,50
1154,,,,,,47.3,45.8,47.3,45.8,49.9
1155,,,,,,47.2,45.7,47.2,45.7,49.8
1156,,,,,,47,45.6,47.2,45.6,49.7
1157,,,,,,47,45.6,47,45.6,49.6
1158,,,,,,47,45.5,46.9,45.5,49.6
1159,,,,,,46.9,45.5,46.9,45.4,49.4
1160,,,,,,46.8,45.4,46.8,45.3,49.4
1161,,,,,,46.7,45.3,46.7,45.3,49.3
1162,,,,,,46.6,45.3,46.7,45.2,49.1
1163,,,,,,46.5,45.2,46.6,45.1,49.1
1164,,,,,,46.4,45.2,46.5,45,49
1165,,,,,,46.3,45,46.4,45,48.9
1166,,,,,,46.2,44.9,46.3,44.9,48.8
1167,,,,,,46.1,44.9,46.2,44.9,48.7
1168,,,,,,46,44.8,46.1,44.7,48.7
1169,,,,,,45.9,44.7,46.1,44.7,48.6
1170,,,,,,45.9,44.6,46,44.6,48.5
1171,,,,,,45.8,44.6,45.9,44.6,48.4
1172,,,,,,45.7,44.5,45.9,44.6,48.3
1173,,,,,,45.6,44.4,45.8,44.4,48.2
1174,,,,,,45.5,44.4,45.6,44.3,48.1
1175,,,,,,45.5,44.3,45.6,44.3,48.1
1176,,,,,,45.5,44.3,45.6,44.2,48
1177,,,,,,45.3,44.2,45.5,44.1,47.9
1178,,,,,,45.3,44.1,45.5,44.1,47.7
1179,,,,,,45.2,44,45.3,44,47.6
1180,,,,,,45.2,43.9,45.3,44,47.5
1181,,,,,,45,43.9,45.2,43.9,47.5
1182,,,,,,44.9,43.8,45.2,43.8,47.3
1183,,,,,,44.9,43.7,45,43.8,47.3
1184,,,,,,44.8,43.7,44.9,43.7,47.3
1185,,,,,,44.7,43.6,44.9,43.6,47.2
1186,,,,,,44.7,43.6,44.9,43.6,47.2
1187,,,,,,44.6,43.5,44.8,43.5,47.1
1188,,,,,,44.6,43.5,44.7,43.5,47
1189,,,,,,44.5,43.4,44.6,43.4,46.9
1190,,,,,,44.4,43.3,44.6,43.4,46.8
1191,,,,,,44.3,43.2,44.5,43.3,46.7
1192,,,,,,44.2,43.2,44.4,43.2,46.6
1193,,,,,,44.1,43.1,44.3,43.1,46.5
1194,,,,,,44,43.1,44.3,43.1,46.4
1195,,,,,,44,43,44.3,42.9,46.4
1196,,,,,,43.9,42.9,44.2,42.9,46.3
1197,,,,,,43.8,42.9,44.1,42.9,46.2
1198,,,,,,43.8,42.9,44,42.8,46.1
1199,,,,,,43.7,42.7,44,42.7,46.1
1200,,,,,,43.6,42.6,43.9,42.7,46
1201,,,,,,43.6,42.6,43.8,42.6,45.9
1202,,,,,,43.5,42.6,43.8,42.6,45.8
1203,,,,,,43.5,42.5,43.8,42.6,45.7
1204,,,,,,43.4,42.4,43.7,42.4,45.7
1205,,,,,,43.3,42.4,43.7,42.4,45.6
1206,,,,,,43.2,42.3,43.6,42.4,45.5
1207,,,,,,43.2,42.2,43.6,42.3,45.5
1208,,,,,,43.1,42.2,43.5,42.3,45.3
1209,,,,,,43,42.1,43.4,42.3,45.3
1210,,,,,,42.9,42.1,43.4,42.1,45.3
1211,,,,,,42.9,42,43.3,42.1,45.2
1212,,,,,,42.9,41.9,43.3,42,45.1
1213,,,,,,42.7,41.9,43.2,42,45
1214,,,,,,42.7,41.8,43.1,41.9,45
1215,,,,,,42.6,41.8,43.1,41.9,44.9
1216,,,,,,42.6,41.8,42.9,41.9,44.9
1217,,,,,,42.4,41.7,42.9,41.7,44.8
1218,,,,,,42.4,41.6,42.9,41.7,44.7
1219,,,,,,42.4,41.6,42.8,41.7,44.7
1220,,,,,,42.3,41.6,42.8,41.7,44.7
1221,,,,,,42.2,41.5,42.7,41.6,44.6
1222,,,,,,42.2,41.5,42.6,41.6,44.5
1223,,,,,,42.1,41.4,42.6,41.5,44.5
1224,,,,,,42.1,41.4,42.6,41.5,44.4
1225,,,,,,41.9,41.3,42.5,41.4,44.3
1226,,,,,,42,41.3,42.4,41.4,44.3
1227,,,,,,41.9,41.2,42.3,41.3,44.2
1228,,,,,,41.9,41.2,42.3,41.3,44.1
1229,,,,,,41.8,41.2,42.3,41.2,44.1
1230,,,,,,41.8,41.2,42.3,41.1,44
1231,,,,,,41.7,41.1,42.1,41.1,44
1232,,,,,,41.7,41.1,42.1,41.1,44
1233,,,,,,41.6,40.9,42,40.9,43.8
1234,,,,,,41.5,40.8,41.9,40.9,43.8
1235,,,,,,41.5,40.8,41.9,40.9,43.7
1236,,,,,,41.4,40.8,41.9,40.8,43.7
1237,,,,,,41.4,40.6,41.8,40.8,43.7
1238,,,,,,41.2,40.6,41.7,40.7,43.6
1239,,,,,,41.2,40.6,41.7,40.6,43.5
1240,,,,,,41.2,40.6,41.6,40.6,43.5
1241,,,,,,41.1,40.4,41.6,40.5,43.5
1242,,,,,,41.1,40.4,41.5,40.5,43.4
1243,,,,,,41.1,40.4,41.6,40.4,43.4
1244,,,,,,40.9,40.3,41.5,40.4,43.3
1245,,,,,,40.9,40.3,41.5,40.4,43.3
1246,,,,,,40.9,40.3,41.4,40.3,43.2
1247,,,,,,40.9,40.2,41.4,40.3,43.2
1248,,,,,,40.8,40.2,41.2,40.2,43.1
1249,,,,,,40.8,40.2,41.2,40.1,43.1
1250,,,,,,40.8,40.1,41.2,40.1,43.1
1251,,,,,,40.7,40.1,41.2,40.1,43.1
1252,,,,,,40.6,40,41.1,40,42.9
1253,,,,,,40.6,40,41.1,40,42.9
1254,,,,,,40.6,39.9,41,39.9,42.8
1255,,,,,,40.5,39.8,40.9,39.9,42.8
1256,,,,,,40.4,39.8,40.9,39.9,42.7
1257,,,,,,40.4,39.8,40.9,39.8,42.7
1258,,,,,,40.3,39.8,40.9,39.8,42.6
1259,,,,,,40.2,39.7,40.8,39.8,42.6
1260,,,,,,40.2,39.6,40.8,39.7,42.6
1261,,,,,,40.2,39.7,40.6,39.7,42.6
1262,,,,,,40.1,39.6,40.6,39.6,42.5
1263,,,,,,40,39.5,40.6,39.5,42.4
1264,,,,,,40,39.5,40.6,39.5,42.4
1265,,,,,,39.9,39.5,40.4,39.5,42.3
1266,,,,,,39.8,39.4,40.4,39.5,42.3
1267,,,,,,39.8,39.3,40.4,39.3,42.2
1268,,,,,,39.8,39.2,40.3,39.3,42.2
1269,,,,,,39.8,39.2,40.3,39.3,42.1
1270,,,,,,39.7,39.2,40.1,39.2,42
1271,,,,,,39.6,39.2,40.2,39.2,42
1272,,,,,,39.6,39,40.1,39.1,42
1273,,,,,,39.5,39,40,39.1,41.9
1274,,,,,,39.5,39,40,39.1,41.9
1275,,,,,,39.5,39,40,39,41.8
1276,,,,,,39.4,38.9,39.8,39,41.8
1277,,,,,,39.5,39,40,39,41.8
1278,,,,,,39.3,38.9,39.9,39,41.8
1279,,,,,,39.2,38.9,39.8,38.9,41.7
1280,,,,,,39.3,38.8,39.8,38.9,41.6
1281,,,,,,39.2,38.8,39.8,38.8,41.6
1282,,,,,,39,38.7,39.6,38.7,41.6
1283,,,,,,39.1,38.7,39.6,38.7,41.5
1284,,,,,,39,38.6,39.5,38.7,41.4
1285,,,,,,39,38.7,39.5,38.7,41.5
1286,,,,,,39,38.5,39.5,38.6,41.4
1287,,,,,,38.9,38.5,39.5,38.5,41.4
1288,,,,,,38.8,38.5,39.4,38.5,41.3
1289,,,,,,38.8,38.4,39.4,38.5,41.3
1290,,,,,,38.8,38.4,39.3,38.4,41.2
1291,,,,,,38.7,38.4,39.3,38.4,41.2
1292,,,,,,38.7,38.4,39.2,38.4,41.2
1293,,,,,,38.6,38.2,39.2,38.4,41.1
1294,,,,,,38.5,38.2,39.2,38.2,41.1
1295,,,,,,38.5,38.2,39.2,38.2,41
1296,,,,,,38.5,38.1,39.1,38.1,40.9
1297,,,,,,38.5,38.1,39,38.1,40.9
1298,,,,,,38.5,38.1,39,38.1,40.9
1299,,,,,,38.4,38,38.9,38.1,40.9
1300,,,,,,38.4,38,38.9,38,40.9
1301,,,,,,38.4,37.9,38.9,38,40.8
1302,,,,,,38.3,37.8,38.8,37.9,40.8
1303,,,,,,38.3,37.8,38.8,37.9,40.7
1304,,,,,,38.2,37.8,38.8,37.8,40.6
1305,,,,,,38.1,37.7,38.7,37.8,40.6
1306,,,,,,38.2,37.7,38.7,37.7,40.6
1307,,,,,,38.1,37.7,38.6,37.7,40.5
1308,,,,,,38.1,37.7,38.5,37.7,40.4
1309,,,,,,38.1,37.7,38.5,37.7,40.4
1310,,,,,,38,37.6,38.5,37.7,40.4
1311,,,,,,38,37.6,38.5,37.7,40.3
1312,,,,,,37.9,37.6,38.4,37.6,40.3
1313,,,,,,37.9,37.5,38.4,37.6,40.3
1314,,,,,,37.7,37.5,38.4,37.5,40.2
1315,,,,,,37.7,37.4,38.2,37.5,40.2
1316,,,,,,37.7,37.3,38.2,37.4,40.1
1317,,,,,,37.7,37.4,38.2,37.4,40.1
1318,,,,,,37.6,37.4,38.1,37.4,40.1
1319,,,,,,37.5,37.3,38.1,37.3,39.9
1320,,,,,,37.4,37.2,38.1,37.3,39.9
1321,,,,,,37.5,37.2,38.1,37.3,39.9
1322,,,,,,37.4,37.1,38.1,37.3,39.9
1323,,,,,,37.4,37.1,38,37.1,39.8
1324,,,,,,37.4,37,37.9,37.1,39.8
1325,,,,,,37.3,37,37.8,37.1,39.7
1326,,,,,,37.3,37,37.7,37,39.7
1327,,,,,,37.3,36.9,37.7,37,39.6
1328,,,,,,37.1,36.9,37.7,37,39.5
1329,,,,,,37.1,36.8,37.7,37,39.5
1330,,,,,,37.1,36.8,37.6,37,39.5
1331,,,,,,37,36.7,37.5,36.9,39.4
1332,,,,,,37,36.7,37.4,36.8,39.4
1333,,,,,,36.9,36.7,37.4,36.8,39.3
1334,,,,,,37,36.7,37.5,36.8,39.4
1335,,,,,,37,36.7,37.4,36.7,39.3
1336,,,,,,36.9,36.6,37.4,36.7,39.3
1337,,,,,,36.8,36.5,37.4,36.6,39.2
1338,,,,,,36.8,36.5,37.3,36.6,39.2
1339,,,,,,36.7,36.5,37.3,36.6,39.1
1340,,,,,,36.7,36.5,37.2,36.5,39.1
1341,,,,,,36.6,36.4,37.2,36.6,39
1342,,,,,,36.6,36.3,37.1,36.5,38.9
1343,,,,,,36.5,36.3,37.1,36.5,39
1344,,,,,,36.5,36.3,37.1,36.5,38.9
1345,,,,,,36.5,36.3,37,36.4,38.9
1346,,,,,,36.5,36.3,37.1,36.4,38.8
1347,,,,,,36.4,36.2,37,36.3,38.8
1348,,,,,,36.4,36.2,37,36.3,38.8
1349,,,,,,36.3,36.1,37,36.2,38.7
1350,,,,,,36.3,36.2,36.9,36.3,38.7
1351,,,,,,36.2,36,36.8,36.2,38.6
1352,,,,,,36.2,36,36.7,36.2,38.5
1353,,,,,,36.2,36,36.7,36.1,38.5
1354,,,,,,36.2,36,36.7,36.1,38.5
1355,,,,,,36.1,35.9,36.6,36.1,38.4
1356,,,,,,36,35.8,36.6,36,38.4
1357,,,,,,36,35.9,36.6,36,38.4
1358,,,,,,36,35.8,36.6,35.9,38.3
1359,,,,,,36,35.8,36.5,35.9,38.2
1360,,,,,,36,35.7,36.5,35.9,38.2
1361,,,,,,35.9,35.7,36.4,35.8,38.2
1362,,,,,,35.8,35.7,36.4,35.8,38.1
1363,,,,,,35.8,35.7,36.3,35.8,38.1
1364,,,,,,35.8,35.7,36.3,35.7,38.1
1365,,,,,,35.7,35.6,36.3,35.8,38.1
1366,,,,,,35.7,35.6,36.2,35.7,38.1
1367,,,,,,35.7,35.5,36.2,35.7,37.9
1368,,,,,,35.7,35.5,36.2,35.7,37.8
1369,,,,,,35.6,35.5,36.2,35.5,37.9
1370,,,,,,35.5,35.4,36.2,35.6,37.8
1371,,,,,,35.5,35.4,36.1,35.5,37.8
1372,,,,,,35.5,35.4,36,35.5,37.7
1373,,,,,,35.5,35.3,36,35.4,37.7
1374,,,,,,35.4,35.3,36,35.4,37.7
1375,,,,,,35.4,35.2,36,35.4,37.6
1376,,,,,,35.4,35.3,35.9,35.4,37.6
1377,,,,,,35.3,35.2,35.9,35.4,37.5
1378,,,,,,35.3,35.2,35.8,35.3,37.5
1379,,,,,,35.3,35.2,35.7,35.3,37.4
1380,,,,,,35.2,35,35.7,35.2,37.4
1381,,,,,,35.2,35,35.7,35.3,37.4
1382,,,,,,35.2,35.1,35.7,35.2,37.4
1383,,,,,,35.1,35,35.7,35.2,37.4
1384,,,,,,35.1,35,35.7,35.2,37.3
1385,,,,,,35,35,35.6,35.1,37.3
1386,,,,,,35,34.9,35.6,35,37.3
1387,,,,,,35,34.9,35.5,35,37.1
1388,,,,,,35,34.9,35.5,35,37.1
1389,,,,,,34.9,34.9,35.4,35,37.1
1390,,,,,,34.9,34.8,35.4,35,37.1
1391,,,,,,34.9,34.8,35.4,35,37.1
1392,,,,,,34.8,34.8,35.4,35,37
1393,,,,,,34.8,34.7,35.3,34.9,36.9
1394,,,,,,34.8,34.7,35.4,34.9,37
1395,,,,,,34.7,34.7,35.3,34.9,37
1396,,,,,,34.7,34.7,35.3,34.9,36.9
1397,,,,,,34.7,34.7,35.3,34.8,36.9
1398,,,,,,34.7,34.6,35.2,34.7,36.9
1399,,,,,,34.7,34.6,35.2,34.7,36.8
1400,,,,,,34.6,34.6,35.1,34.6,36.7
1401,,,,,,34.6,34.5,35.1,34.6,36.7
1402,,,,,,34.6,34.4,35,34.6,36.6
1403,,,,,,34.5,34.4,35,34.6,36.6
1404,,,,,,34.5,34.4,35,34.6,36.6
1405,,,,,,34.5,34.3,35,34.6,36.6
1406,,,,,,34.4,34.4,34.9,34.4,36.5
1407,,,,,,34.4,34.3,35,34.6,36.5
1408,,,,,,34.4,34.4,35,34.5,36.5
1409,,,,,,34.3,34.3,34.9,34.5,36.5
1410,,,,,,34.3,34.4,34.9,34.5,36.5
1411,,,,,,34.3,34.3,34.8,34.4,36.4
1412,,,,,,34.3,34.3,34.8,34.4,36.4
1413,,,,,,34.3,34.3,34.8,34.4,36.3
1414,,,,,,34.3,34.3,34.7,34.4,36.3
1415,,,,,,34.2,34.2,34.6,34.3,36.3
1416,,,,,,34.2,34.2,34.6,34.3,36.3
1417,,,,,,34.1,34.1,34.6,34.3,36.2
1418,,,,,,34.1,34.1,34.6,34.3,36.2
1419,,,,,,34,34,34.6,34.3,36.1
1420,,,,,,33.9,33.9,34.5,34.1,36.1
1421,,,,,,33.9,33.9,34.6,34.1,36.1
1422,,,,,,33.9,33.9,34.5,34.1,36
1423,,,,,,33.9,33.9,34.4,33.9,36
1424,,,,,,33.9,33.9,34.4,33.9,36
1425,,,,,,33.9,33.8,34.4,33.9,35.9
1426,,,,,,33.8,33.8,34.3,33.9,35.9
1427,,,,,,33.8,33.8,34.3,33.9,35.8
1428,,,,,,33.8,33.8,34.3,33.9,35.8
1429,,,,,,33.7,33.8,34.3,33.8,35.8
1430,,,,,,33.7,33.7,34.3,33.8,35.8
1431,,,,,,33.8,33.7,34.2,33.8,35.7
1432,,,,,,33.6,33.6,34.2,33.8,35.7
1433,,,,,,33.6,33.7,34.2,33.8,35.7
1434,,,,,,33.7,33.7,34.1,33.8,35.7
1435,,,,,,33.6,33.6,34.1,33.8,35.7
1436,,,,,,33.6,33.6,34.1,33.6,35.7
1437,,,,,,33.6,33.6,34.1,33.7,35.6
1438,,,,,,33.6,33.6,34,33.6,35.6
1439,,,,,,33.5,33.6,34.1,33.6,35.6
1440,,,,,,33.6,33.5,34.1,33.6,35.6
1441,,,,,,33.5,33.5,34.1,33.6,35.5
1442,,,,,,33.5,33.4,34,33.6,35.5
1443,,,,,,33.5,33.5,34,33.6,35.4
1444,,,,,,33.5,33.4,33.9,33.5,35.4
1445,,,,,,33.4,33.3,33.9,33.5,35.4
1446,,,,,,33.4,33.3,33.8,33.5,35.4
1447,,,,,,33.3,33.3,33.9,33.5,35.3
1448,,,,,,33.3,33.3,33.8,33.5,35.3
1449,,,,,,33.2,33.3,33.8,33.5,35.2
1450,,,,,,33.2,33.3,33.8,33.5,35.2
1451,,,,,,33.2,33.2,33.8,33.4,35.2
1452,,,,,,33.1,33.3,33.7,33.3,35.2
1453,,,,,,33.2,33.2,33.7,33.3,35.2
1454,,,,,,33.1,33.2,33.6,33.3,35.1
1455,,,,,,33.1,33.1,33.6,33.3,35
1456,,,,,,33.1,33.1,33.6,33.3,35
1457,,,,,,33.1,33.1,33.6,33.2,35
1458,,,,,,33,33,33.6,33.1,35
1459,,,,,,33,33,33.6,33.1,35
1460,,,,,,33,33,33.6,33.1,34.9
1461,,,,,,32.9,33,33.6,33.1,35
1462,,,,,,32.9,32.9,33.5,33,34.9
1463,,,,,,33,33,33.5,33.1,34.8
1464,,,,,,32.9,32.9,33.5,33,34.7
1465,,,,,,33,33,33.4,33,34.7
1466,,,,,,33,33,33.3,33,34.7
1467,,,,,,32.8,33,33.3,33,34.7
1468,,,,,,32.8,32.9,33.3,33,34.7
1469,,,,,,32.8,32.9,33.3,33,34.7
1470,,,,,,32.8,32.8,33.3,33,34.7
1471,,,,,,32.8,32.9,33.3,33,34.7
1472,,,,,,32.8,32.8,33.3,33,34.7
1473,,,,,,32.7,32.8,33.2,32.9,34.7
1474,,,,,,32.7,32.8,33.2,32.9,34.6
1475,,,,,,32.7,32.7,33.1,32.7,34.5
1476,,,,,,32.7,32.7,33.1,32.8,34.6
1477,,,,,,32.6,32.6,33.1,32.8,34.5
1478,,,,,,32.6,32.6,33.1,32.7,34.4
1479,,,,,,32.6,32.7,33.1,32.7,34.4
1480,,,,,,32.6,32.6,33.1,32.7,34.4
1481,,,,,,32.6,32.6,33,32.7,34.4
1482,,,,,,32.5,32.6,33,32.7,34.3
1483,,,,,,32.5,32.5,33,32.7,34.3
1484,,,,,,32.5,32.6,33,32.7,34.4
1485,,,,,,32.5,32.6,33,32.7,34.3
1486,,,,,,32.5,32.6,33,32.6,34.3
1487,,,,,,32.5,32.5,33,32.6,34.3
1488,,,,,,32.5,32.6,33,32.6,34.3
1489,,,,,,32.5,32.5,33,32.6,34.3
1490,,,,,,32.4,32.3,32.9,32.5,34.1
1491,,,,,,32.3,32.3,32.9,32.5,34.1
1492,,,,,,32.4,32.3,32.9,32.5,34.1
1493,,,,,,32.3,32.3,32.8,32.5,34.1
1494,,,,,,32.3,32.3,32.8,32.4,34.1
1495,,,,,,32.3,32.3,32.7,32.4,34
1496,,,,,,32.3,32.3,32.7,32.4,34
1497,,,,,,32.2,32.3,32.7,32.4,34
1498,,,,,,32.2,32.3,32.6,32.3,33.9
1499,,,,,,32.2,32.2,32.6,32.3,33.9
1500,,,,,,32.1,32.2,32.6,32.3,33.9
1501,,,,,,32.2,32.2,32.7,32.3,33.9
1502,,,,,,32.2,32.2,32.6,32.3,33.9
1503,,,,,,32.2,32.2,32.6,32.3,33.9
1504,,,,,,32.1,32.1,32.6,32.2,33.9
1505,,,,,,32.1,32.2,32.6,32.2,33.8
1506,,,,,,32.1,32.1,32.6,32.2,33.8
1507,,,,,,32.1,32,32.5,32.2,33.8
1508,,,,,,32,32,32.5,32.2,33.6
1509,,,,,,32,32,32.5,32.2,33.6
1510,,,,,,32,32,32.5,32.2,33.6
1511,,,,,,32,32,32.5,32.2,33.7
1512,,,,,,31.9,32,32.5,32.2,33.6
1513,,,,,,32,32,32.5,32.1,33.6
1514,,,,,,31.9,32,32.3,32.2,33.6
1515,,,,,,31.9,32,32.3,32.1,33.6
1516,,,,,,31.9,32,32.3,32.1,33.6
1517,,,,,,31.9,31.9,32.2,32,33.6
1518,,,,,,31.9,31.9,32.3,32,33.5
1519,,,,,,31.9,31.9,32.3,32,33.5
1520,,,,,,31.9,31.9,32.3,32,33.5
1521,,,,,,31.9,31.9,32.3,31.9,33.5
1522,,,,,,31.8,31.9,32.2,32,33.5
1523,,,,,,31.8,31.8,32.2,31.9,33.3
1524,,,,,,31.8,31.7,32.2,31.9,33.3
1525,,,,,,31.7,31.7,32.2,31.9,33.3
1526,,,,,,31.7,31.7,32.2,31.9,33.3
1527,,,,,,31.6,31.7,32.1,31.8,33.3
1528,,,,,,31.7,31.7,32.1,31.9,33.3
1529,,,,,,31.7,31.7,32.1,31.8,33.3
1530,,,,,,31.7,31.7,32.1,31.8,33.3
1531,,,,,,31.6,31.7,32.1,31.8,33.2
1532,,,,,,31.6,31.6,32,31.8,33.2
1533,,,,,,31.6,31.6,32,31.7,33.2
1534,,,,,,31.6,31.6,32,31.8,33.2
1535,,,,,,31.6,31.6,32,31.7,33.1
1536,,,,,,31.6,31.6,31.9,31.7,33.1
1537,,,,,,31.6,31.6,31.9,31.7,33.1
1538,,,,,,31.6,31.6,31.9,31.7,33
1539,,,,,,31.5,31.6,31.9,31.7,33
1540,,,,,,31.4,31.5,31.9,31.6,33
1541,,,,,,31.4,31.5,31.9,31.6,33
1542,,,,,,31.4,31.4,31.9,31.6,33
1543,,,,,,31.4,31.4,31.7,31.6,33
1544,,,,,,31.4,31.4,31.8,31.6,32.9
1545,,,,,,31.3,31.4,31.8,31.6,32.8
1546,,,,,,31.2,31.4,31.7,31.6,32.8
1547,,,,,,31.3,31.3,31.7,31.5,32.9
1548,,,,,,31.2,31.4,31.7,31.5,32.8
1549,,,,,,31.2,31.4,31.7,31.5,32.8
1550,,,,,,31.2,31.3,31.7,31.5,32.8
1551,,,,,,31.3,31.4,31.7,31.6,32.8
1552,,,,,,31.3,31.4,31.7,31.6,32.8
1553,,,,,,31.3,31.4,31.6,31.5,32.7
1554,,,,,,31.2,31.3,31.7,31.4,32.7
1555,,,,,,31.2,31.3,31.6,31.5,32.7
1556,,,,,,31.2,31.3,31.6,31.5,32.7
1557,,,,,,31.2,31.2,31.6,31.4,32.6
1558,,,,,,31.2,31.2,31.6,31.4,32.6
1559,,,,,,31.2,31.2,31.6,31.4,32.6
1560,,,,,,31.1,31.2,31.6,31.4,32.6
1561,,,,,,31.1,31.2,31.6,31.3,32.6
1562,,,,,,31.1,31.2,31.5,31.3,32.5
1563,,,,,,31.1,31.2,31.5,31.3,32.5
1564,,,,,,31.1,31.2,31.4,31.2,32.5
1565,,,,,,31,31.1,31.4,31.2,32.4
1566,,,,,,31,31.1,31.4,31.2,32.5
1567,,,,,,31,31,31.4,31.2,32.5
1568,,,,,,30.9,31,31.4,31.1,32.4
1569,,,,,,30.9,31,31.4,31.1,32.3
1570,,,,,,30.9,30.9,31.4,31.1,32.3
1571,,,,,,30.9,30.9,31.3,31.1,32.3
1572,,,,,,30.9,30.9,31.2,31.1,32.3
1573,,,,,,30.9,30.9,31.3,31.1,32.3
1574,,,,,,30.9,30.9,31.2,31.1,32.2
1575,,,,,,30.9,30.9,31.2,31.1,32.2
1576,,,,,,30.9,30.9,31.2,31.1,32.2
1577,,,,,,30.8,30.9,31.2,31.1,32.2
1578,,,,,,30.9,30.9,31.2,31.1,32.2
1579,,,,,,30.8,30.9,31.1,31.1,32.2
1580,,,,,,30.9,30.9,31.2,31,32.2
1581,,,,,,30.8,30.8,31.1,31.1,32.2
1582,,,,,,30.8,30.9,31.1,31,32.1
1583,,,,,,30.8,30.9,31.1,30.9,32
1584,,,,,,30.7,30.8,31.1,30.9,32
1585,,,,,,30.7,30.9,31.1,30.9,32
1586,,,,,,30.7,30.8,31.1,30.9,32
1587,,,,,,30.7,30.8,31.1,30.9,32
1588,,,,,,30.6,30.8,31,30.9,32
1589,,,,,,30.6,30.8,31.1,30.9,32
1590,,,,,,30.6,30.8,31,30.9,32
1591,,,,,,30.6,30.7,30.9,30.9,31.9
1592,,,,,,30.6,30.8,31,30.9,32
1593,,,,,,30.6,30.8,31,30.9,31.9
1594,,,,,,30.6,30.7,30.9,30.9,31.9
1595,,,,,,30.6,30.7,30.9,30.9,31.9
1596,,,,,,30.6,30.7,30.9,30.9,31.9
1597,,,,,,30.6,30.6,31,30.9,31.9
1598,,,,,,30.5,30.6,30.9,30.8,31.9
1599,,,,,,30.5,30.6,30.9,30.8,31.8
1600,,,,,,30.5,30.6,30.9,30.7,31.8
1601,,,,,,30.5,30.5,30.9,30.8,31.8
1602,,,,,,30.5,30.5,30.9,30.7,31.8
1603,,,,,,30.5,30.5,30.9,30.7,31.7
1604,,,,,,30.4,30.5,30.9,30.6,31.7
1605,,,,,,30.5,30.5,30.9,30.6,31.7
1606,,,,,,30.4,30.5,30.8,30.6,31.7
1607,,,,,,30.4,30.4,30.8,30.6,31.7
1608,,,,,,30.4,30.4,30.8,30.6,31.6
1609,,,,,,30.4,30.4,30.7,30.6,31.6
1610,,,,,,30.4,30.4,30.7,30.6,31.6
1611,,,,,,30.4,30.4,30.8,30.5,31.6
1612,,,,,,30.4,30.4,30.7,30.5,31.6
1613,,,,,,30.4,30.4,30.6,30.5,31.6
1614,,,,,,30.3,30.3,30.7,30.5,31.6
1615,,,,,,30.3,30.3,30.6,30.5,31.6
1616,,,,,,30.4,30.4,30.6,30.5,31.6
1617,,,,,,30.3,30.3,30.7,30.5,31.5
1618,,,,,,30.3,30.3,30.6,30.5,31.5
1619,,,,,,30.3,30.3,30.6,30.5,31.6
1620,,,,,,30.3,30.4,30.6,30.5,31.6
1621,,,,,,30.3,30.4,30.6,30.5,31.5
1622,,,,,,30.2,30.2,30.5,30.4,31.4
1623,,,,,,30.3,30.3,30.6,30.5,31.4
1624,,,,,,30.2,30.4,30.5,30.5,31.5
1625,,,,,,30.2,30.3,30.5,30.5,31.4
1626,,,,,,30.2,30.3,30.5,30.5,31.4
1627,,,,,,30.1,30.3,30.5,30.5,31.3
1628,,,,,,30.1,30.3,30.5,30.5,31.3
1629,,,,,,30.1,30.3,30.5,30.5,31.3
1630,,,,,,30.1,30.3,30.5,30.4,31.3
1631,,,,,,30.1,30.2,30.4,30.4,31.2
1632,,,,,,30.1,30.2,30.4,30.5,31.3
1633,,,,,,30.1,30.2,30.4,30.4,31.3
1634,,,,,,30.1,30.2,30.4,30.4,31.3
1635,,,,,,30.1,30.2,30.5,30.4,31.2
1636,,,,,,30.1,30.1,30.4,30.3,31.3
1637,,,,,,30.2,30.1,30.4,30.3,31.2
1638,,,,,,30.1,30.1,30.4,30.3,31.3
1639,,,,,,30,30.1,30.3,30.2,31.2
1640,,,,,,30.1,30,30.3,30.2,31.2
1641,,,,,,30,30,30.3,30.2,31.2
1642,,,,,,30,30.1,30.3,30.3,31.1
1643,,,,,,30,30.1,30.3,30.3,31.1
1644,,,,,,30,30.1,30.3,30.3,31.1
1645,,,,,,30,30.1,30.3,30.3,31.2
1646,,,,,,29.9,30,30.2,30.2,31.1
1647,,,,,,30,30,30.3,30.2,31.1
1648,,,,,,29.9,30,30.2,30.1,31.1
1649,,,,,,29.9,30,30.1,30.1,31.1
1650,,,,,,29.9,30,30.1,30.1,31.1
1651,,,,,,29.8,30,30.2,30.1,31.1
1652,,,,,,30,29.9,30.3,30.1,31
1653,,,,,,29.8,29.9,30.1,30.1,31
1654,,,,,,29.8,29.9,30.1,30.1,31
1655,,,,,,29.8,29.9,30.1,30.1,31
1656,,,,,,29.8,29.9,30.1,30.1,30.9
1657,,,,,,29.8,29.9,30.1,30.1,30.9
1658,,,,,,29.8,29.9,30.1,30.1,30.9
1659,,,,,,29.8,30,30.1,30.1,31
1660,,,,,,29.8,29.8,30.1,30.1,30.9
1661,,,,,,29.8,29.8,30.1,30.1,30.9
1662,,,,,,29.8,29.8,30.1,30,30.9
1663,,,,,,29.8,29.8,30.1,30,30.9
1664,,,,,,29.8,29.8,30.1,30,30.9
1665,,,,,,29.8,29.8,30.1,30,30.9
1666,,,,,,29.8,29.8,30.1,30,30.9
1667,,,,,,29.8,29.8,30.1,30,30.9
1668,,,,,,29.7,29.8,30,30,30.8
1669,,,,,,29.7,29.8,30,30,30.8
1670,,,,,,29.7,29.8,30,30,30.9
1671,,,,,,29.7,29.8,30,30,30.8
1672,,,,,,29.7,29.8,30,30,30.8
1673,,,,,,29.7,29.8,30,30,30.8
1674,,,,,,29.7,29.8,30,30,30.8
1675,,,,,,29.7,29.8,30,29.9,30.8
1676,,,,,,29.7,29.7,30,29.8,30.7
1677,,,,,,29.7,29.7,30,29.8,30.8
1678,,,,,,29.7,29.7,30,29.8,30.7
1679,,,,,,29.6,29.7,29.8,29.8,30.7
1680,,,,,,29.5,29.7,29.8,29.8,30.6
1681,,,,,,29.5,29.7,29.8,29.8,30.6
1682,,,,,,29.5,29.7,29.9,29.9,30.6
1683,,,,,,29.5,29.7,29.9,29.9,30.6
1684,,,,,,29.6,29.7,29.8,29.8,30.6
1685,,,,,,29.5,29.6,29.8,29.8,30.6
1686,,,,,,29.5,29.5,29.8,29.8,30.6
1687,,,,,,29.5,29.5,29.8,29.7,30.6
1688,,,,,,29.5,29.5,29.8,29.8,30.6
1689,,,,,,29.5,29.5,29.8,29.8,30.6
1690,,,,,,29.5,29.6,29.8,29.8,30.6