Time,sample_1,sample_2,sample_3,sample_4,sample_5,sample_6,sample_7,sample_8,sample_9,sample_10,,,,
0,262.0,230.2,218.6,184.0,170.7,27.4,27.4,27.3,27.2,28.4,,,,
1,265.4,235.1,225.1,194.1,183.6,27.4,27.4,27.3,27.2,28.4,,,,
2,268.3,239.6,230.9,203.0,194.8,27.3,27.4,27.3,27.2,28.4,,,,
3,270.9,243.5,236.4,210.6,204.5,27.4,27.4,27.3,27.2,28.4,,,,
4,273.3,247.1,241.3,217.3,212.9,27.3,27.4,27.3,27.2,28.4,,,,
5,275.5,250.4,246.0,223.2,220.4,27.3,27.4,27.2,27.2,28.4,,,,
6,277.5,253.3,250.2,228.3,226.8,27.3,27.4,27.2,27.2,28.4,,,,
7,279.4,256.1,254.1,232.9,232.6,27.3,27.4,27.2,27.2,28.4,,,,
8,281.0,258.5,257.7,236.9,237.7,27.3,27.4,27.3,27.2,28.4,,,,
9,282.6,260.8,261.1,240.5,242.3,27.3,27.4,27.2,27.2,28.4,,,,
10,284.0,262.8,264.1,243.8,246.3,27.3,27.4,27.2,27.2,28.4,,,,
11,285.3,264.7,267.2,246.7,249.9,27.3,27.3,27.2,27.2,28.4,,,,
12,286.6,266.5,269.8,249.4,253.1,27.3,27.3,27.2,27.2,28.4,,,,
13,287.8,268.1,272.3,251.8,256.1,27.3,27.3,27.2,27.2,28.3,,,,
14,289.0,269.6,274.7,254.0,258.7,27.3,27.3,27.2,27.2,28.4,,,,
15,290.0,271.1,276.8,256.0,261.2,27.3,27.3,27.2,27.2,28.3,,,,
16,291.0,272.3,278.8,257.7,263.3,27.3,27.3,27.2,27.2,28.3,,,,
17,291.9,273.6,280.7,259.4,265.4,27.2,27.3,27.2,27.2,28.3,,,,
18,292.8,274.8,282.5,261.0,267.3,27.3,27.3,27.2,27.2,28.3,,,,
19,293.7,275.9,284.2,262.4,269.0,27.2,27.3,27.2,27.2,28.3,,,,
20,294.5,276.9,285.7,263.8,270.5,27.2,27.3,27.2,27.2,28.3,,,,
21,295.2,278.0,287.2,265.1,272.0,27.2,27.3,27.2,27.2,28.3,,,,
22,296.0,278.8,288.6,266.4,273.4,27.2,27.3,27.2,27.2,28.3,,,,
23,296.7,279.8,289.9,267.5,274.7,27.2,27.3,27.2,27.2,28.3,,,,
24,297.4,280.6,291.2,268.6,275.9,27.2,27.3,27.2,27.2,28.3,,,,
25,298.1,281.4,292.4,269.6,277.0,27.2,27.2,27.2,27.2,28.3,,,,
26,298.7,282.1,293.5,270.5,278.0,27.2,27.3,27.2,27.2,28.3,,,,
27,299.3,282.9,294.5,271.5,279.0,27.2,27.2,27.2,27.2,28.3,,,,
28,299.9,283.6,295.5,272.3,280.0,27.2,27.2,27.2,27.1,28.3,,,,
29,300.5,284.3,296.4,273.2,280.8,27.2,27.2,27.2,27.2,28.2,,,,
30,301.0,284.9,297.3,274.0,281.6,27.2,27.2,27.2,27.1,28.3,,,,
31,301.5,285.5,298.2,274.8,282.5,27.2,27.2,27.2,27.1,28.2,,,,
32,302.1,286.1,299.0,275.5,283.2,27.2,27.2,27.2,27.1,28.2,,,,
33,302.5,286.7,299.7,276.3,284.0,27.2,27.2,27.2,27.1,28.2,,,,
34,303.0,287.3,300.5,277.0,284.7,27.2,27.2,27.1,27.1,28.2,,,,
35,303.5,287.8,301.2,277.7,285.3,27.2,27.2,27.2,27.1,28.2,,,,
36,304.0,288.3,301.9,278.4,286.0,27.2,27.2,27.1,27.1,28.2,,,,
37,304.4,288.9,302.5,279.0,286.6,27.2,27.2,27.1,27.2,28.2,,,,
38,304.9,289.4,303.2,279.7,287.2,27.2,27.2,27.1,27.1,28.2,,,,
39,305.3,289.9,303.8,280.2,287.8,27.2,27.2,27.1,27.1,28.2,,,,
40,305.7,290.3,304.4,280.8,288.3,27.2,27.2,27.1,27.1,28.2,,,,
41,306.1,290.8,304.9,281.4,288.9,27.2,27.2,27.1,27.1,28.2,,,,
42,306.5,291.2,305.5,282.0,289.5,27.2,27.2,27.1,27.1,28.2,,,,
43,306.9,291.7,306.0,282.5,290.0,27.2,27.2,27.1,27.1,28.1,,,,
44,307.2,292.1,306.5,283.1,290.4,27.1,27.2,27.1,27.1,28.2,,,,
45,307.6,292.5,307.0,283.6,290.9,27.1,27.2,27.1,27.1,28.2,,,,
46,308.0,292.9,307.4,284.1,291.4,27.1,27.2,27.1,27.1,28.1,,,,
47,308.3,293.3,307.9,284.6,291.8,27.1,27.2,27.1,27.1,28.1,,,,
48,308.7,293.6,308.3,285.0,292.3,27.1,27.2,27.1,27.1,28.1,,,,
49,309.0,294.0,308.7,285.5,292.7,27.1,27.1,27.1,27.1,28.1,,,,
50,309.4,294.4,309.2,286.0,293.1,27.1,27.1,27.1,27.1,28.1,,,,
51,309.7,294.7,309.6,286.5,293.5,27.1,27.1,27.1,27.1,28.1,,,,
52,310.0,295.1,309.9,286.9,293.9,27.4,27.1,27.1,27.1,28.1,,,,
53,310.3,295.4,310.3,287.4,294.3,44.3,27.1,27.0,27.1,28.1,,,,
54,310.6,295.7,310.6,287.9,294.7,71.7,27.2,27.0,27.1,28.1,,,,
55,310.9,296.0,311.0,288.3,295.1,100.1,27.1,27.0,27.1,28.1,,,,
56,311.2,296.3,311.3,288.8,295.4,125.3,27.2,27.0,27.1,28.1,,,,
57,311.4,296.7,311.6,289.2,295.7,147.1,33.3,27.0,27.0,28.1,,,,
58,311.7,297.0,312.0,289.6,296.0,165.5,55.6,27.1,27.1,28.0,,,,
59,312.0,297.3,312.3,290.0,296.4,180.9,78.3,27.0,27.1,28.0,,,,
60,312.3,297.6,312.7,290.4,296.7,193.6,97.8,27.0,27.1,28.0,,,,
61,312.6,297.9,313.0,290.9,297.1,204.3,114.5,27.0,27.1,28.0,,,,
62,312.8,298.2,313.3,291.2,297.4,213.2,130.9,27.5,27.1,28.0,,,,
63,313.1,298.4,313.6,291.6,297.8,220.8,142.5,42.7,27.1,28.0,,,,
64,313.3,298.7,313.9,291.9,298.0,227.2,152.5,66.0,27.1,28.0,,,,
65,313.6,299.0,314.1,292.3,298.4,232.7,163.1,88.4,27.1,28.0,,,,
66,313.8,299.2,314.4,292.7,298.6,237.4,173.7,108.6,27.2,28.1,,,,
67,314.1,299.5,314.7,293.1,298.9,241.4,183.0,125.5,41.2,28.1,,,,
68,314.3,299.7,314.9,293.4,299.2,244.9,190.6,142.2,62.1,30.1,,,,
69,314.5,300.0,315.2,293.8,299.5,248.1,197.7,156.2,81.5,47.1,,,,
70,314.7,300.3,315.4,294.2,299.8,250.8,204.3,167.1,98.7,71.1,,,,
71,314.9,300.5,315.7,294.5,300.1,253.1,209.7,177.2,114.2,94.0,,,,
72,315.2,300.8,315.9,294.8,300.4,255.2,214.7,186.3,128.0,115.6,,,,
73,315.3,301.0,316.2,295.2,300.6,256.9,219.2,194.4,140.6,134.0,,,,
74,315.5,301.2,316.4,295.5,300.9,258.5,223.4,201.6,151.8,149.3,,,,
75,315.8,301.5,316.7,295.8,301.1,260.0,227.1,208.2,162.0,162.4,,,,
76,316.0,301.7,316.9,296.1,301.4,261.3,230.4,214.1,171.1,173.4,,,,
77,316.2,301.9,317.1,296.4,301.7,262.6,233.4,219.4,179.3,182.9,,,,
78,316.4,302.2,317.4,296.8,301.9,263.7,236.1,224.1,186.7,191.2,,,,
79,316.6,302.4,317.6,297.1,302.2,264.8,238.6,228.3,193.5,198.4,,,,
80,316.8,302.6,317.8,297.4,302.4,265.7,240.8,232.3,199.8,204.7,,,,
81,317.0,302.9,318.1,297.8,302.7,266.7,242.9,235.8,205.5,210.1,,,,
82,317.2,303.1,318.3,298.1,302.9,267.5,244.7,239.1,210.6,215.0,,,,
83,317.5,303.3,318.5,298.4,303.2,268.3,246.4,242.0,215.3,219.2,,,,
84,317.7,303.6,318.7,298.7,303.5,269.0,247.9,244.7,219.7,223.0,,,,
85,317.9,303.8,319.0,299.1,303.8,269.7,249.3,247.2,223.7,226.4,,,,
86,318.1,304.0,319.2,299.3,304.0,270.4,250.5,249.5,227.2,229.4,,,,
87,318.3,304.2,319.4,299.6,304.2,271.0,251.7,251.7,230.6,232.1,,,,
88,318.5,304.5,319.6,300.0,304.5,271.6,252.8,253.6,233.7,234.4,,,,
89,318.8,304.7,319.9,300.3,304.8,272.2,253.8,255.4,236.5,236.4,,,,
90,319.0,304.9,320.1,300.7,305.0,272.8,254.8,257.1,239.2,238.3,,,,
91,319.2,305.2,320.3,300.9,305.3,273.4,255.7,258.6,241.5,240.0,,,,
92,319.4,305.4,320.6,301.3,305.6,274.0,256.5,260.1,243.8,241.4,,,,
93,319.7,305.6,320.8,301.6,305.8,274.6,257.3,261.5,246.0,242.9,,,,
94,319.9,305.9,321.1,301.9,306.1,275.2,258.0,262.8,247.9,244.2,,,,
95,320.1,306.1,321.3,302.3,306.3,275.7,258.8,264.0,249.6,245.4,,,,
96,320.4,306.3,321.6,302.6,306.6,276.4,259.6,265.3,251.5,246.5,,,,
97,320.6,306.5,321.8,302.9,306.8,276.9,260.2,266.4,253.0,247.6,,,,
98,320.9,306.8,322.0,303.2,307.1,277.5,260.8,267.4,254.5,248.6,,,,
99,321.2,307.0,322.3,303.6,307.3,278.1,261.4,268.5,256.0,249.5,,,,
100,321.5,307.2,322.5,303.9,307.6,278.7,262.0,269.4,257.3,250.3,,,,
101,321.7,307.5,322.8,304.2,307.9,279.3,262.5,270.4,258.5,251.2,,,,
102,322.0,307.7,323.1,304.6,308.2,279.9,263.1,271.3,259.7,252.0,,,,
103,322.3,308.0,323.3,304.9,308.5,280.5,263.6,272.1,260.8,252.8,,,,
104,322.5,308.3,323.6,305.2,308.8,281.1,264.1,272.9,262.0,253.5,,,,
105,322.9,308.5,323.9,305.6,309.1,281.7,264.6,273.8,263.0,254.2,,,,
106,323.2,308.8,324.2,305.9,309.4,282.4,265.2,274.7,264.0,255.0,,,,
107,323.4,309.1,324.5,306.3,309.6,283.1,265.7,275.4,265.0,255.7,,,,
108,323.8,309.3,324.8,306.3,310.0,283.8,266.2,276.3,266.0,256.3,,,,
109,324.1,309.6,325.1,306.4,310.3,284.5,266.8,277.0,266.9,257.0,,,,
110,324.4,309.9,325.4,306.7,310.5,285.1,267.2,277.9,267.8,257.6,,,,
111,324.8,310.2,325.7,307.0,310.9,285.9,267.8,278.6,268.7,258.3,,,,
112,325.1,310.4,326.0,307.3,311.2,286.6,268.3,279.4,269.5,259.0,,,,
113,325.5,310.7,326.3,307.6,311.4,287.4,268.8,280.2,270.4,259.7,,,,
114,325.8,311.0,326.6,307.9,311.8,288.1,269.3,280.9,271.2,260.4,,,,
115,326.1,311.2,326.9,308.1,312.1,288.9,269.8,281.7,272.0,261.0,,,,
116,326.5,311.5,327.2,308.1,312.4,289.8,270.4,282.5,272.8,261.6,,,,
117,326.9,311.9,327.6,307.9,312.8,290.6,270.8,283.3,273.7,262.4,,,,
118,327.2,312.2,328.0,307.3,313.1,291.4,271.4,284.1,274.5,263.0,,,,
119,327.6,312.5,328.3,306.7,313.5,292.3,272.0,284.8,275.2,263.7,,,,
120,328.0,312.8,328.7,305.8,313.8,293.1,272.5,285.6,276.0,264.3,,,,
121,328.4,313.2,329.1,304.8,314.1,294.1,273.0,286.4,276.8,265.0,,,,
122,328.8,313.5,329.5,303.7,314.2,295.0,273.6,287.2,277.6,265.7,,,,
123,329.2,313.9,329.8,302.4,314.1,295.8,274.2,288.0,278.4,266.4,,,,
124,329.6,314.3,330.3,301.1,313.7,296.7,274.8,288.9,279.2,267.2,,,,
125,330.1,314.6,330.7,299.7,312.9,297.7,275.3,289.7,280.0,267.8,,,,
126,330.5,315.0,331.1,298.3,312.0,298.6,275.9,290.5,280.7,268.5,,,,
127,331.0,315.3,331.5,296.7,310.8,299.5,276.5,291.3,281.5,269.1,,,,
128,331.4,315.7,332.0,295.2,309.6,300.5,277.1,292.2,282.3,269.9,,,,
129,331.9,316.2,332.4,293.7,308.2,301.4,277.7,293.0,283.1,270.5,,,,
130,332.4,316.6,332.9,292.1,306.7,302.4,278.3,293.8,283.8,271.3,,,,
131,332.8,317.0,333.4,290.5,305.2,303.3,278.9,294.6,284.6,272.0,,,,
132,333.3,317.4,333.8,288.9,303.6,304.3,279.5,295.4,285.4,272.7,,,,
133,333.7,317.9,334.3,287.2,302.0,305.2,280.1,296.2,286.2,273.4,,,,
134,334.3,318.3,334.7,285.5,300.3,306.2,280.7,297.0,286.9,274.1,,,,
135,334.7,318.7,335.2,283.9,298.6,307.1,281.3,297.9,287.7,274.8,,,,
136,335.2,319.2,335.4,282.2,296.9,308.0,281.9,298.7,288.5,275.5,,,,
137,335.8,319.6,335.2,280.6,295.2,309.0,282.5,299.5,289.3,276.2,,,,
138,336.3,320.0,334.7,278.9,293.6,309.9,283.1,300.3,290.0,276.9,,,,
139,336.8,320.5,333.8,277.3,291.8,310.8,283.6,301.1,290.8,277.5,,,,
140,337.3,321.1,332.7,275.6,290.1,311.6,284.2,301.9,291.6,278.3,,,,
141,337.8,321.3,331.4,274.0,288.3,312.5,284.8,302.6,292.3,278.9,,,,
142,338.4,321.2,329.9,272.3,286.6,313.4,285.4,303.4,293.0,279.6,,,,
143,339.0,320.8,328.7,270.7,284.9,314.3,285.9,304.2,293.8,280.2,,,,
144,339.5,320.1,327.4,269.2,283.2,315.1,286.5,304.9,294.5,280.9,,,,
145,340.1,319.3,326.0,267.6,281.6,315.9,287.1,305.6,295.2,281.6,,,,
146,340.5,318.3,324.4,266.1,279.9,316.7,287.6,306.4,295.9,282.1,,,,
147,340.9,317.2,322.7,264.5,278.2,317.5,288.1,307.0,296.5,282.8,,,,
148,340.7,316.0,321.1,263.0,276.5,318.2,288.7,307.7,297.2,283.4,,,,
149,340.2,314.6,319.4,261.5,274.9,319.0,289.2,308.4,297.9,284.0,,,,
150,339.4,313.2,317.7,260.1,273.3,319.7,289.8,309.1,298.5,284.6,,,,
151,338.3,311.7,316.0,258.7,271.6,320.3,290.3,309.7,299.2,285.2,,,,
152,336.9,310.3,314.2,257.3,270.1,321.0,290.8,310.4,299.8,285.8,,,,
153,335.4,308.7,312.4,255.9,268.5,321.7,291.3,311.0,300.5,286.4,,,,
154,333.7,307.2,310.6,254.5,266.9,322.4,291.8,311.6,301.1,286.9,,,,
155,332.0,305.6,308.8,253.1,265.3,323.0,292.3,312.2,301.7,287.5,,,,
156,330.2,304.0,307.0,251.7,263.8,323.5,292.8,312.8,302.3,288.0,,,,
157,328.4,302.4,305.3,250.3,262.3,324.2,293.3,313.5,302.9,288.5,,,,
158,326.5,300.7,303.5,249.0,260.8,324.8,293.8,314.1,303.5,289.1,,,,
159,324.6,299.1,301.7,247.6,259.3,325.4,294.2,314.6,304.0,289.6,,,,
160,322.6,297.4,299.9,246.4,257.8,325.9,294.7,315.2,304.6,290.1,,,,
161,320.7,295.8,298.2,245.1,256.4,326.4,295.1,315.7,305.2,290.7,,,,
162,318.7,294.2,296.4,243.8,254.9,327.0,295.5,316.3,305.7,291.2,,,,
163,316.8,292.5,294.7,242.6,253.5,327.4,296.0,316.8,306.2,291.7,,,,
164,314.8,290.9,293.0,241.2,252.1,328.0,296.4,317.3,306.7,292.2,,,,
165,312.8,289.3,291.3,240.0,250.7,328.4,296.8,317.8,307.2,292.7,,,,
166,310.8,287.5,289.6,238.7,249.3,328.9,297.2,318.3,307.7,293.1,,,,
167,308.8,285.9,287.8,237.5,248.0,329.4,297.7,318.8,308.3,293.6,,,,
168,306.8,284.3,286.1,236.2,246.6,329.8,298.1,319.2,308.8,294.0,,,,
169,304.9,282.7,284.5,235.1,245.3,330.2,298.4,319.7,309.3,294.5,,,,
170,302.9,281.0,282.8,233.8,243.9,330.7,298.8,320.1,309.7,294.9,,,,
171,301.0,279.4,281.2,232.6,242.6,331.1,299.2,320.6,310.2,295.3,,,,
172,299.1,277.8,279.5,231.3,241.2,331.5,299.6,321.0,310.6,295.7,,,,
173,297.2,276.3,277.9,230.2,239.9,331.9,300.0,321.5,311.1,296.1,,,,
174,295.3,274.7,276.3,229.0,238.6,332.3,300.4,321.9,311.5,296.6,,,,
175,293.4,273.1,274.7,227.8,237.3,332.7,300.7,322.3,311.9,297.0,,,,
176,291.6,271.6,273.1,226.6,236.0,333.0,301.1,322.7,312.3,297.4,,,,
177,289.7,270.0,271.5,225.4,234.8,333.4,301.5,323.1,312.8,297.8,,,,
178,287.9,268.5,269.9,224.1,233.5,333.7,301.8,323.4,313.2,298.3,,,,
179,286.1,267.0,268.4,223.0,232.3,334.0,302.2,323.8,313.7,298.6,,,,
180,284.3,265.4,266.9,221.8,231.0,334.4,302.4,324.2,314.1,299.0,,,,
181,282.5,263.9,265.3,220.7,229.8,334.7,302.8,324.6,314.4,299.3,,,,
182,280.7,262.4,263.8,219.6,228.6,335.0,303.2,325.0,314.8,299.7,,,,
183,279.0,260.9,262.3,218.5,227.4,335.3,303.5,325.3,315.2,300.1,,,,
184,277.2,259.5,260.8,217.4,226.2,335.6,303.8,325.6,315.6,300.5,,,,
185,275.5,257.9,259.4,216.4,225.0,335.9,304.1,325.9,315.9,300.8,,,,
186,273.8,256.6,257.9,215.4,223.8,336.1,304.4,326.3,316.3,301.2,,,,
187,272.1,255.1,256.5,214.5,222.7,336.4,304.7,326.6,316.7,301.5,,,,
188,270.5,253.7,255.1,213.7,221.5,336.7,305.0,326.9,317.0,301.9,,,,
189,268.9,252.3,253.6,212.9,220.4,337.0,305.3,327.2,317.3,302.2,,,,
190,267.2,250.9,252.2,212.1,219.2,337.2,305.6,327.5,317.7,302.5,,,,
191,265.6,249.5,250.8,211.4,218.1,337.4,305.9,327.8,318.0,302.9,,,,
192,264.0,248.1,249.5,210.7,216.9,337.6,306.2,328.0,318.3,303.2,,,,
193,262.4,246.8,248.1,210.1,215.8,337.9,306.4,328.3,318.6,303.6,,,,
194,260.8,245.4,246.8,209.6,214.7,338.1,306.7,328.6,319.0,303.8,,,,
195,259.2,244.1,245.4,209.0,213.6,338.3,307.0,328.9,319.2,304.1,,,,
196,257.7,242.8,244.1,208.5,212.5,338.4,307.2,329.1,319.6,304.3,,,,
197,256.2,241.4,242.8,208.1,211.4,338.7,307.5,329.4,319.8,304.5,,,,
198,254.6,240.1,241.4,207.7,210.3,338.8,307.8,329.7,319.7,304.6,,,,
199,253.2,238.9,240.1,207.3,209.3,339.1,308.0,330.0,319.4,304.4,,,,
200,251.7,237.6,238.9,206.8,208.2,339.2,308.3,330.2,318.8,304.0,,,,
201,250.2,236.3,237.6,206.4,207.2,339.3,308.6,330.5,318.1,303.4,,,,
202,248.8,235.0,236.3,205.9,206.2,339.5,308.8,330.7,317.1,302.5,,,,
203,247.4,233.8,235.1,205.5,205.2,339.6,309.1,330.9,316.1,301.6,,,,
204,246.0,232.5,233.8,205.1,204.2,339.8,309.4,331.2,315.0,300.5,,,,
205,244.5,231.3,232.6,204.6,203.2,339.9,309.6,331.3,313.8,299.3,,,,
206,243.2,230.1,231.3,204.2,202.2,340.0,309.8,331.3,312.5,298.2,,,,
207,241.8,228.9,230.2,203.7,201.3,340.2,310.1,330.9,311.3,296.7,,,,
208,240.3,227.7,228.9,203.3,200.3,340.3,310.3,330.3,310.0,295.2,,,,
209,239.0,226.5,227.8,202.8,199.3,340.4,310.4,329.4,308.6,293.7,,,,
210,237.6,225.3,226.6,202.4,198.4,340.5,310.7,328.3,307.2,292.1,,,,
211,236.3,224.1,225.4,201.9,197.4,340.5,310.8,327.2,305.8,290.5,,,,
212,235.0,223.0,224.2,201.4,196.5,340.1,310.6,325.7,304.3,288.9,,,,
213,233.7,221.8,223.1,200.9,195.5,339.4,310.2,324.1,302.8,287.4,,,,
214,232.4,220.7,221.9,200.5,194.6,338.4,309.6,322.7,301.3,285.9,,,,
215,231.0,219.5,220.8,200.0,193.7,337.3,308.7,321.2,299.8,284.3,,,,
216,229.8,218.4,219.6,199.5,192.7,335.9,307.5,319.7,298.4,282.6,,,,
217,228.5,217.2,218.5,198.9,191.8,334.4,306.7,318.5,296.8,281.0,,,,
218,227.3,216.0,217.3,198.4,190.8,332.7,305.6,317.0,295.3,279.4,,,,
219,226.0,214.9,216.2,197.8,189.9,331.0,304.3,315.3,293.7,277.8,,,,
220,224.8,213.8,215.0,197.3,189.0,329.1,303.0,313.7,292.2,276.2,,,,
221,223.6,212.6,213.9,196.7,188.1,327.2,301.7,312.0,290.7,274.6,,,,
222,222.3,211.6,212.8,196.2,187.2,325.4,300.3,310.4,289.1,273.0,,,,
223,221.1,210.5,211.8,195.7,186.3,323.5,299.0,308.8,287.6,271.5,,,,
224,219.9,209.4,210.7,195.1,185.4,321.6,297.5,307.0,286.0,269.9,,,,
225,218.8,208.3,209.6,194.6,184.6,319.7,296.1,305.4,284.6,268.4,,,,
226,217.5,207.3,208.6,194.0,183.7,317.8,294.7,303.7,283.1,266.9,,,,
227,216.4,206.3,207.6,193.4,182.9,315.8,293.2,302.0,281.6,265.3,,,,
228,215.2,205.3,206.6,192.9,182.0,313.9,291.7,300.3,280.0,263.8,,,,
229,214.1,204.3,205.6,192.3,181.2,311.9,290.2,298.6,278.5,262.3,,,,
230,213.0,203.3,204.6,191.8,180.4,310.0,288.7,297.0,277.0,260.8,,,,
231,211.8,202.3,203.6,191.2,179.6,308.1,287.2,295.3,275.6,259.4,,,,
232,210.7,201.3,202.6,190.6,178.7,306.2,285.7,293.7,274.1,257.9,,,,
233,209.6,200.3,201.6,190.1,178.0,304.3,284.2,292.0,272.6,256.4,,,,
234,208.5,199.4,200.7,189.6,177.2,302.4,282.7,290.4,271.2,255.0,,,,
235,207.5,198.4,199.7,189.0,176.4,300.6,281.2,288.7,269.7,253.6,,,,
236,206.4,197.4,198.7,188.4,175.6,298.7,279.7,287.0,268.3,252.2,,,,
237,205.3,196.5,197.7,187.9,174.8,296.9,278.2,285.4,266.9,250.7,,,,
238,204.3,195.5,196.8,187.3,174.0,295.1,276.8,283.8,265.4,249.4,,,,
239,203.2,194.6,195.9,186.8,173.2,293.3,275.3,282.2,264.0,248.0,,,,
240,202.2,193.7,194.9,186.2,172.4,291.5,273.8,280.6,262.6,246.6,,,,
241,201.1,192.7,194.0,185.6,171.6,289.6,272.3,279.1,261.2,245.3,,,,
242,200.1,191.8,193.0,185.1,170.9,287.9,270.9,277.5,259.9,243.9,,,,
243,199.1,190.9,192.1,184.5,170.1,286.2,269.5,276.0,258.4,242.6,,,,
244,198.1,190.0,191.2,183.9,169.4,284.5,268.0,274.5,257.1,241.2,,,,
245,197.2,189.1,190.3,183.4,168.6,282.8,266.6,272.9,255.8,240.0,,,,
246,196.3,188.2,189.4,182.8,167.8,281.0,265.1,271.4,254.4,238.6,,,,
247,195.4,187.4,188.5,182.2,167.0,279.4,263.7,269.9,253.1,237.3,,,,
248,194.6,186.5,187.7,181.6,166.3,277.7,262.3,268.5,251.8,236.0,,,,
249,193.9,185.6,186.8,181.1,165.6,276.0,260.9,267.0,250.5,234.8,,,,
250,193.1,184.8,186.0,180.5,164.8,274.4,259.6,265.5,249.2,233.5,,,,
251,192.5,183.9,185.1,180.0,164.1,272.8,258.2,264.0,247.9,232.3,,,,
252,192.0,183.1,184.3,179.4,163.4,271.2,256.8,262.6,246.6,231.0,,,,
253,191.4,182.3,183.4,178.7,162.7,269.6,255.5,261.2,245.4,229.9,,,,
254,191.0,181.4,182.5,178.2,161.9,268.0,254.2,259.8,244.1,228.6,,,,
255,190.6,180.6,181.7,177.5,161.2,266.5,252.8,258.3,242.9,227.4,,,,
256,190.3,179.8,180.8,177.0,160.5,264.9,251.5,257.0,241.6,226.2,,,,
257,190.0,178.9,180.0,176.4,159.8,263.4,250.2,255.6,240.4,225.0,,,,
258,189.8,178.1,179.2,175.8,159.1,261.8,248.9,254.2,239.2,223.9,,,,
259,189.5,177.3,178.4,175.2,158.4,260.4,247.6,252.9,238.0,222.7,,,,
260,189.3,176.5,177.6,174.6,157.7,258.9,246.4,251.5,236.7,221.6,,,,
261,189.1,175.7,176.8,174.0,157.0,257.4,245.1,250.2,235.6,220.5,,,,
262,188.9,174.9,176.0,173.5,156.3,256.0,243.8,248.6,234.5,219.3,,,,
263,188.6,174.1,175.2,172.8,155.6,254.6,242.7,247.3,233.2,218.1,,,,
264,188.4,173.4,174.4,172.2,155.0,253.1,241.4,246.0,232.1,217.0,,,,
265,188.1,172.6,173.7,171.6,154.3,251.7,240.1,244.7,230.9,215.9,,,,
266,187.8,171.8,172.8,171.0,153.6,250.3,239.0,243.5,229.8,214.8,,,,
267,187.5,171.0,172.1,170.4,153.0,249.0,237.8,242.2,228.7,213.8,,,,
268,187.2,170.3,171.3,169.9,152.3,247.6,236.6,241.0,227.6,212.7,,,,
269,186.8,169.5,170.6,169.2,151.7,246.3,235.4,239.7,226.5,211.6,,,,
270,186.5,168.7,169.8,168.6,151.1,244.9,234.3,238.5,225.4,210.6,,,,
271,186.1,168.0,169.0,168.1,150.4,243.5,233.1,237.3,224.2,209.6,,,,
272,185.7,167.3,168.3,167.5,149.8,242.2,232.0,236.1,223.2,208.5,,,,
273,185.3,166.5,167.6,166.9,149.2,240.9,230.8,234.9,222.1,207.5,,,,
274,184.9,165.8,166.9,166.3,148.6,239.6,229.7,233.7,221.1,206.5,,,,
275,184.5,165.1,166.1,165.7,148.0,238.3,228.6,232.5,220.0,205.5,,,,
276,184.1,164.4,165.4,165.1,147.4,237.1,227.5,231.4,218.9,204.5,,,,
277,183.6,163.7,164.8,164.6,146.8,235.8,226.4,230.2,217.8,203.5,,,,
278,183.2,163.0,164.1,164.1,146.2,234.6,225.3,229.1,216.8,202.6,,,,
279,182.7,162.3,163.4,163.5,145.7,233.3,224.2,227.9,215.8,201.6,,,,
280,182.2,161.6,162.7,162.9,145.1,232.1,223.2,226.8,214.8,200.7,,,,
281,181.7,160.9,162.0,162.4,144.6,230.8,222.1,225.6,213.7,199.7,,,,
282,181.2,160.2,161.3,161.8,144.1,229.6,221.0,224.5,212.7,198.7,,,,
283,180.7,159.5,160.6,161.3,143.6,228.4,220.0,223.4,211.7,197.8,,,,
284,180.2,158.8,159.9,160.7,143.1,227.2,218.9,222.3,210.7,196.8,,,,
285,179.7,158.1,159.2,160.1,142.6,226.1,217.8,221.2,209.8,195.9,,,,
286,179.2,157.4,158.5,159.5,142.2,224.9,216.8,220.2,208.8,195.0,,,,
287,178.7,156.7,157.8,159.0,141.8,223.8,215.7,219.1,207.9,194.0,,,,
288,178.2,156.1,157.2,158.4,141.4,222.6,214.7,218.0,206.9,193.1,,,,
289,177.7,155.4,156.5,157.8,141.0,221.5,213.7,216.9,205.9,192.2,,,,
290,177.1,154.8,155.8,157.3,140.7,220.3,212.7,215.9,205.0,191.3,,,,
291,176.6,154.1,155.2,156.7,140.4,219.2,211.7,214.8,204.1,190.4,,,,
292,176.0,153.5,154.5,156.2,140.1,218.0,210.7,213.8,203.1,189.5,,,,
293,175.5,152.8,153.9,155.6,139.9,216.9,209.7,212.7,202.1,188.6,,,,
294,174.9,152.2,153.2,155.1,139.6,215.8,208.7,211.6,201.2,187.8,,,,
295,174.4,151.6,152.6,154.5,139.4,214.7,207.8,210.6,200.3,186.9,,,,
296,173.8,151.0,152.0,153.9,139.1,213.6,206.7,209.6,199.4,186.0,,,,
297,173.3,150.3,151.4,153.4,138.9,212.5,205.8,208.6,198.4,185.1,,,,
298,172.7,149.7,150.8,152.8,138.7,211.4,204.8,207.6,197.5,184.3,,,,
299,172.1,149.1,150.1,152.3,138.5,210.3,203.9,206.6,196.6,183.4,,,,
300,171.6,148.4,149.5,151.8,138.4,209.3,202.9,205.6,195.8,182.6,,,,
301,171.0,147.8,148.9,151.3,138.2,208.2,202.0,204.6,194.9,181.8,,,,
302,170.4,147.2,148.3,150.7,138.0,207.2,201.0,203.6,194.0,180.9,,,,
303,169.9,146.6,147.7,150.2,137.9,206.2,200.1,202.6,193.1,180.1,,,,
304,169.3,146.0,147.1,149.6,137.7,205.1,199.2,201.7,192.2,179.3,,,,
305,168.7,145.4,146.5,149.1,137.6,204.1,198.2,200.7,191.4,178.5,,,,
306,168.2,144.8,145.9,148.5,137.5,203.1,197.3,199.8,190.5,177.7,,,,
307,167.6,144.2,145.4,148.0,137.4,202.1,196.5,198.8,189.7,176.9,,,,
308,167.0,143.6,144.8,147.5,137.3,201.1,195.6,197.8,189.0,176.1,,,,
309,166.5,143.0,144.2,146.9,137.2,200.1,194.8,196.9,188.5,175.3,,,,
310,165.9,142.4,143.6,146.4,137.1,199.1,193.9,196.0,188.1,174.5,,,,
311,165.4,141.8,143.0,145.9,137.0,198.0,193.1,195.1,187.8,173.7,,,,
312,164.8,141.3,142.5,145.4,136.9,197.0,192.3,194.1,187.6,172.9,,,,
313,164.3,140.7,141.9,144.9,136.8,196.0,191.5,193.2,187.4,172.1,,,,
314,163.7,140.2,141.3,144.4,136.7,195.0,190.7,192.4,187.2,171.3,,,,
315,163.2,139.6,140.8,143.9,136.6,194.0,189.9,191.5,187.1,170.6,,,,
316,162.6,139.1,140.3,143.4,136.5,193.1,189.2,190.6,186.9,169.7,,,,
317,162.1,138.5,139.8,143.0,136.4,192.1,188.4,189.7,186.7,169.0,,,,
318,161.5,138.0,139.2,142.6,136.3,191.2,187.6,188.9,186.5,168.3,,,,
319,161.0,137.5,138.6,142.1,136.3,190.2,186.8,188.0,186.3,167.5,,,,
320,160.4,136.9,138.1,141.7,136.2,189.3,186.0,187.2,186.1,166.8,,,,
321,159.9,136.4,137.6,141.3,136.1,188.4,185.3,186.3,185.8,166.0,,,,
322,159.3,135.9,137.1,140.9,136.1,187.5,184.5,185.5,185.6,165.3,,,,
323,158.8,135.3,136.5,140.6,136.0,186.6,183.7,184.7,185.3,164.6,,,,
324,158.2,134.8,136.0,140.3,136.0,185.7,183.0,183.9,185.1,163.9,,,,
325,157.7,134.3,135.4,140.0,135.9,184.8,182.2,183.1,184.8,163.2,,,,
326,157.1,133.8,134.9,139.7,135.8,183.9,181.4,182.3,184.5,162.5,,,,
327,156.5,133.2,134.4,139.5,135.7,183.0,180.7,181.5,184.2,161.8,,,,
328,156.0,132.7,133.9,139.2,135.7,182.2,179.9,180.7,184.0,161.1,,,,
329,155.4,132.2,133.4,139.0,135.6,181.3,179.2,179.9,183.7,160.4,,,,
330,154.8,131.7,132.8,138.7,135.6,180.5,178.4,179.1,183.4,159.7,,,,
331,154.3,131.2,132.3,138.5,135.5,179.7,177.7,178.3,183.1,159.1,,,,
332,153.7,130.7,131.8,138.3,135.4,178.8,176.9,177.6,182.8,158.4,,,,
333,153.1,130.2,131.3,138.1,135.4,178.0,176.1,176.8,182.5,157.7,,,,
334,152.6,129.7,130.9,137.9,135.3,177.2,175.4,176.1,182.2,157.1,,,,
335,152.0,129.2,130.3,137.7,135.3,176.4,174.6,175.3,181.9,156.4,,,,
336,151.5,128.7,129.9,137.6,135.3,175.7,173.8,174.6,181.6,155.8,,,,
337,150.9,128.2,129.3,137.4,135.2,175.0,173.1,173.9,181.3,155.1,,,,
338,150.4,127.8,128.8,137.2,135.1,174.3,172.2,173.1,181.0,154.5,,,,
339,149.8,127.3,128.3,137.0,135.1,173.7,171.4,172.4,180.7,153.9,,,,
340,149.3,126.8,127.9,136.8,135.0,173.2,170.6,171.6,180.3,153.2,,,,
341,148.7,126.4,127.4,136.7,135.0,172.7,169.7,170.9,180.0,152.6,,,,
342,148.2,125.9,126.9,136.5,134.9,172.4,168.9,170.1,179.7,152.0,,,,
343,147.7,125.4,126.4,136.3,134.9,172.2,168.1,169.4,179.3,151.4,,,,
344,147.1,124.9,126.0,136.1,134.8,172.1,167.4,168.7,179.0,150.8,,,,
345,146.6,124.4,125.5,136.0,134.7,172.0,166.6,168.0,178.8,150.2,,,,
346,146.1,124.0,125.0,135.8,134.7,172.0,165.9,167.3,178.4,149.6,,,,
347,145.6,123.5,124.6,135.7,134.6,171.9,165.2,166.6,178.0,149.0,,,,
348,145.0,123.0,124.1,135.5,134.6,171.9,164.5,165.9,177.6,148.4,,,,
349,144.5,122.6,123.6,135.3,134.5,171.9,163.8,165.2,177.3,147.8,,,,
350,144.0,122.1,123.2,135.2,134.5,171.8,163.1,164.5,176.9,147.2,,,,
351,143.4,121.7,122.8,135.0,134.4,171.7,162.4,163.8,176.5,146.6,,,,
352,142.9,121.2,122.3,134.9,134.4,171.6,161.7,163.2,176.2,146.0,,,,
353,142.4,120.8,121.9,134.7,134.4,171.4,161.0,162.5,175.8,145.5,,,,
354,141.9,120.3,121.4,134.6,134.3,171.2,160.4,161.9,175.4,144.9,,,,
355,141.4,119.9,121.0,134.4,134.2,171.0,159.7,161.2,175.1,144.3,,,,
356,140.9,119.5,120.5,134.3,134.2,170.8,159.1,160.6,174.7,143.7,,,,
357,140.4,119.0,120.1,134.1,134.1,170.6,158.4,159.9,174.3,143.2,,,,
358,139.9,118.6,119.7,133.9,134.1,170.4,157.8,159.3,173.9,142.6,,,,
359,139.5,118.3,119.4,133.8,134.1,170.1,157.2,158.7,173.5,142.0,,,,
360,139.0,117.8,118.9,133.6,134.0,169.9,156.6,158.0,173.1,141.5,,,,
361,138.5,117.4,118.5,133.4,134.0,169.6,155.9,157.4,172.7,140.9,,,,
362,138.0,117.0,118.1,133.2,133.9,169.4,155.3,156.8,172.3,140.4,,,,
363,137.5,116.6,117.7,133.0,133.9,169.1,154.7,156.2,171.9,139.9,,,,
364,137.0,116.1,117.3,132.8,133.8,168.8,154.1,155.6,171.5,139.3,,,,
365,136.5,115.7,116.9,132.6,133.7,168.5,153.5,154.9,171.1,138.8,,,,
366,136.0,115.3,116.5,132.3,133.7,168.2,152.9,154.3,170.7,138.3,,,,
367,135.5,114.9,116.1,132.1,133.6,167.8,152.3,153.7,170.3,137.7,,,,
368,135.0,114.5,115.6,131.9,133.6,167.5,151.7,153.1,169.8,137.2,,,,
369,134.6,114.1,115.2,131.6,133.5,167.1,151.2,152.5,169.4,136.7,,,,
370,134.1,113.7,114.8,131.4,133.4,166.8,150.6,152.0,169.0,136.2,,,,
371,133.7,113.3,114.4,131.1,133.4,166.4,150.0,151.4,168.6,135.6,,,,
372,133.2,112.9,114.0,130.8,133.3,166.0,149.4,150.8,168.2,135.1,,,,
373,132.7,112.4,113.6,130.6,133.3,165.7,148.8,150.2,167.8,134.6,,,,
374,132.2,112.1,113.2,130.2,133.2,165.3,148.2,149.6,167.4,134.1,,,,
375,131.7,111.7,112.8,129.9,133.1,164.9,147.6,149.0,166.9,133.6,,,,
376,131.2,111.3,112.4,129.6,133.1,164.5,147.0,148.3,166.5,133.1,,,,
377,130.8,110.9,112.0,129.3,133.0,164.1,146.4,147.7,166.0,132.5,,,,
378,130.4,110.5,111.6,128.9,132.9,163.7,145.7,147.1,165.6,132.0,,,,
379,129.9,110.1,111.2,128.6,132.8,163.3,145.2,146.5,165.1,131.5,,,,
380,129.4,109.7,110.8,128.2,132.8,162.9,144.6,145.9,164.7,131.0,,,,
381,128.9,109.3,110.4,127.8,132.7,162.4,143.9,145.3,164.2,130.4,,,,
382,128.5,108.9,110.0,127.4,132.6,162.0,143.4,144.7,163.8,129.9,,,,
383,128.0,108.6,109.6,127.0,132.6,161.6,142.8,144.1,163.3,129.4,,,,
384,127.6,108.2,109.2,126.6,132.5,161.2,142.2,143.5,162.9,128.9,,,,
385,127.2,107.8,108.8,126.2,132.4,160.8,141.7,143.0,162.4,128.4,,,,
386,126.7,107.4,108.5,125.8,132.3,160.4,141.1,142.4,162.0,127.9,,,,
387,126.3,107.1,108.1,125.3,132.2,160.0,140.6,141.8,161.5,127.4,,,,
388,125.9,106.7,107.8,124.9,132.2,159.6,140.1,141.3,161.1,126.9,,,,
389,125.4,106.3,107.3,124.4,132.1,159.1,139.5,140.8,160.6,126.4,,,,
390,124.9,105.9,107.0,124.0,132.0,158.7,139.0,140.2,160.2,126.0,,,,
391,124.5,105.6,106.7,123.5,131.9,158.3,138.5,139.7,159.7,125.5,,,,
392,124.1,105.2,106.3,123.1,131.8,157.9,138.0,139.1,159.3,125.0,,,,
393,123.6,104.9,105.9,122.6,131.7,157.5,137.5,138.6,158.8,124.5,,,,
394,123.2,104.5,105.6,122.1,131.6,157.1,137.1,138.1,158.3,124.1,,,,
395,122.8,104.1,105.3,121.6,131.5,156.7,136.6,137.6,157.9,123.6,,,,
396,122.3,103.8,104.9,121.1,131.4,156.3,136.2,137.0,157.4,123.2,,,,
397,121.8,103.4,104.5,120.6,131.3,155.8,135.8,136.5,157.0,122.7,,,,
398,121.4,103.1,104.2,120.1,131.2,155.4,135.5,136.0,156.5,122.2,,,,
399,120.9,102.7,103.9,119.7,131.1,155.0,135.2,135.5,156.0,121.8,,,,
400,120.5,102.4,103.5,119.2,131.0,154.6,134.9,135.0,155.6,121.4,,,,
401,120.1,102.0,103.2,118.7,130.8,154.2,134.7,134.5,155.1,120.9,,,,
402,119.6,101.7,102.8,118.2,130.7,153.7,134.5,134.0,154.7,120.5,,,,
403,119.2,101.4,102.5,117.7,130.6,153.3,134.3,133.5,154.2,120.0,,,,
404,118.8,101.0,102.2,117.2,130.4,152.9,134.2,133.0,153.8,119.6,,,,
405,118.4,100.7,101.8,116.7,130.3,152.4,134.0,132.5,153.3,119.2,,,,
406,118.0,100.3,101.5,116.2,130.2,152.0,133.9,132.0,152.8,118.8,,,,
407,117.6,100.0,101.2,115.7,130.0,151.6,133.7,131.5,152.3,118.4,,,,
408,117.1,99.6,100.8,115.2,129.9,151.2,133.6,131.1,151.9,117.9,,,,
409,116.7,99.4,100.5,114.8,129.7,150.7,133.5,130.6,151.4,117.5,,,,
410,116.3,99.5,100.1,114.3,129.5,150.4,133.5,130.2,151.1,117.2,,,,
411,115.9,100.0,99.8,113.8,129.4,149.9,133.3,129.6,150.5,116.6,,,,
412,115.5,100.7,99.5,113.4,129.1,149.4,133.2,129.1,150.0,116.2,,,,
413,115.1,101.6,99.2,112.9,129.0,149.0,133.1,128.6,149.5,115.8,,,,
414,114.7,102.4,98.9,112.5,128.8,148.7,133.1,128.3,149.2,115.5,,,,
415,114.3,103.3,98.5,112.0,128.6,148.3,133.0,127.9,148.7,115.2,,,,
416,113.9,104.0,98.3,111.6,128.4,147.8,132.9,127.4,148.2,114.8,,,,
417,113.6,104.7,97.9,111.1,128.2,147.3,132.9,126.9,147.8,114.4,,,,
418,113.2,105.3,97.6,110.7,128.0,146.9,132.8,126.5,147.3,114.0,,,,
419,112.8,105.9,97.2,110.3,127.8,146.5,132.7,126.1,146.8,113.6,,,,
420,112.4,106.3,96.9,109.8,127.6,146.0,132.7,125.6,146.3,113.2,,,,
421,112.0,106.8,96.6,109.4,127.4,145.6,132.6,125.3,145.8,112.8,,,,
422,111.7,107.1,96.3,108.9,127.1,145.1,132.5,124.8,145.4,112.4,,,,
423,111.3,107.4,96.0,108.5,126.9,144.7,132.4,124.5,144.9,112.0,,,,
424,110.9,107.7,95.7,108.1,126.6,144.3,132.4,124.2,144.4,111.6,,,,
425,110.5,107.9,95.3,107.6,126.4,143.8,132.3,123.8,144.0,111.2,,,,
426,110.2,108.2,95.1,107.2,126.1,143.4,132.3,123.6,143.5,110.8,,,,
427,109.8,108.4,94.7,106.8,125.9,143.0,132.2,123.3,143.0,110.4,,,,
428,109.4,108.5,94.4,106.4,125.5,142.5,132.1,123.1,142.5,110.1,,,,
429,109.0,108.7,94.1,106.0,125.2,142.1,132.0,122.9,142.1,109.7,,,,
430,108.7,108.8,93.8,105.6,124.9,141.6,132.0,122.7,141.6,109.3,,,,
431,108.3,108.9,93.5,105.2,124.5,141.2,131.9,122.5,141.1,108.9,,,,
432,108.0,109.0,93.2,104.7,124.1,140.8,131.8,122.3,140.7,108.6,,,,
433,107.6,109.1,92.8,104.3,123.7,140.4,131.8,122.2,140.3,108.2,,,,
434,107.3,109.1,92.6,103.9,123.3,140.0,131.7,122.1,139.8,107.8,,,,
435,107.0,109.2,92.2,103.5,122.9,139.5,131.6,121.9,139.3,107.4,,,,
436,106.7,109.2,91.9,103.1,122.5,139.1,131.5,121.9,138.9,107.1,,,,
437,106.6,109.3,91.6,102.7,122.1,138.7,131.5,121.7,138.4,106.7,,,,
438,106.5,109.3,91.3,102.3,121.6,138.3,131.4,121.7,138.0,106.3,,,,
439,106.5,109.3,91.0,102.0,121.2,137.8,131.3,121.6,137.6,105.9,,,,
440,106.7,109.4,90.7,101.6,120.7,137.5,131.2,121.5,137.1,105.6,,,,
441,107.1,109.4,90.4,101.2,120.2,137.1,131.2,121.5,136.6,105.2,,,,
442,107.4,109.4,90.1,100.8,119.8,136.7,131.2,121.4,136.2,104.9,,,,
443,107.8,109.4,89.8,100.4,119.3,136.3,131.1,121.3,135.8,104.5,,,,
444,108.1,109.4,89.5,100.0,118.8,136.0,131.0,121.2,135.3,104.1,,,,
445,108.4,109.4,89.2,99.6,118.4,135.7,130.9,121.1,134.9,103.8,,,,
446,108.7,109.4,88.9,99.2,117.9,135.4,130.8,121.0,134.4,103.5,,,,
447,108.8,109.4,88.6,98.9,117.4,135.1,130.8,120.9,134.0,103.1,,,,
448,109.0,109.4,88.3,98.6,116.9,134.9,130.7,120.9,133.6,102.7,,,,
449,109.2,109.3,88.0,98.2,116.5,134.7,130.6,120.8,133.1,102.4,,,,
450,109.3,109.3,87.8,97.8,116.0,134.5,130.5,120.7,132.7,102.1,,,,
451,109.4,109.3,87.5,97.4,115.5,134.4,130.4,120.6,132.3,101.7,,,,
452,109.5,109.3,87.2,97.0,115.1,134.2,130.3,120.6,131.8,101.5,,,,
453,109.6,109.2,87.0,96.7,114.6,134.1,130.2,120.5,131.4,101.2,,,,
454,109.6,109.2,86.7,96.3,114.1,134.0,130.1,120.5,131.0,100.8,,,,
455,109.6,109.2,86.4,96.0,113.7,133.9,130.0,120.4,130.6,100.5,,,,
456,109.7,109.1,86.2,95.6,113.2,133.8,129.8,120.4,130.2,100.2,,,,
457,109.7,109.1,85.9,95.3,112.8,133.7,129.7,120.3,129.7,99.9,,,,
458,109.7,109.0,85.7,94.9,112.3,133.6,129.6,120.2,129.3,99.7,,,,
459,109.7,108.9,85.4,94.6,111.9,133.6,129.4,120.2,128.9,99.4,,,,
460,109.7,108.9,85.1,94.3,111.4,133.6,129.3,120.1,128.4,99.2,,,,
461,109.7,108.8,84.9,93.9,110.9,133.5,129.1,120.1,128.0,98.9,,,,
462,109.7,108.8,84.7,93.6,110.5,133.5,128.9,120.1,127.6,98.7,,,,
463,109.7,108.8,84.4,93.2,110.1,133.5,128.7,120.0,127.2,98.5,,,,
464,109.7,108.7,84.1,92.9,109.6,133.4,128.5,120.0,126.7,98.3,,,,
465,109.6,108.6,83.9,92.6,109.2,133.4,128.3,120.0,126.3,98.1,,,,
466,109.6,108.5,83.6,92.3,108.8,133.4,128.1,119.9,125.9,98.0,,,,
467,109.6,108.5,83.4,91.9,108.3,133.4,127.8,119.9,125.5,97.8,,,,
468,109.6,108.4,83.2,91.6,107.9,133.3,127.5,119.8,125.0,97.7,,,,
469,109.5,108.3,82.9,91.2,107.4,133.3,127.2,119.8,124.6,97.6,,,,
470,109.5,108.3,82.6,91.0,107.0,133.2,126.9,119.7,124.2,97.5,,,,
471,109.4,108.2,82.4,90.6,106.6,133.2,126.5,119.7,123.9,97.4,,,,
472,109.4,108.1,82.2,90.3,106.2,133.1,126.2,119.7,123.6,97.3,,,,
473,109.3,108.0,82.0,90.0,105.8,133.1,125.8,119.6,123.3,97.2,,,,
474,109.3,107.9,81.8,89.7,105.4,133.0,125.4,119.6,123.0,97.2,,,,
475,109.2,107.9,81.6,89.4,105.0,133.0,125.0,119.6,122.8,97.1,,,,
476,109.2,107.8,81.4,89.1,104.6,132.9,124.6,119.5,122.5,97.1,,,,
477,109.1,107.7,81.2,88.8,104.2,132.9,124.2,119.5,122.2,97.0,,,,
478,109.1,107.6,81.0,88.5,103.8,132.8,123.7,119.4,122.0,96.9,,,,
479,109.0,107.6,80.9,88.1,103.4,132.7,123.3,119.4,121.8,96.8,,,,
480,108.9,107.5,80.7,87.9,103.0,132.6,122.9,119.4,121.6,96.8,,,,
481,108.8,107.4,80.6,87.6,102.6,132.6,122.4,119.3,121.4,96.7,,,,
482,108.8,107.3,80.5,87.3,102.3,132.5,122.0,119.3,121.2,96.6,,,,
483,108.7,107.3,80.4,87.1,101.9,132.4,121.6,119.2,121.0,96.5,,,,
484,108.6,107.2,80.3,86.7,101.6,132.2,121.1,119.2,120.8,96.4,,,,
485,108.6,107.2,80.2,86.4,101.2,132.1,120.7,119.1,120.6,96.3,,,,
486,108.5,107.1,80.1,86.2,100.8,132.0,120.2,119.1,120.4,96.1,,,,
487,108.3,107.1,80.0,85.9,100.4,131.8,119.8,119.0,120.2,96.0,,,,
488,108.2,107.0,80.0,85.6,100.0,131.7,119.4,118.9,120.0,95.9,,,,
489,108.2,107.0,80.0,85.3,99.6,131.5,118.9,118.9,119.7,95.8,,,,
490,108.0,106.9,79.9,85.0,99.3,131.3,118.5,118.8,119.5,95.7,,,,
491,107.9,106.8,79.8,84.8,98.9,131.2,118.1,118.8,119.2,95.5,,,,
492,107.8,106.7,79.8,84.5,98.6,130.9,117.6,118.7,118.8,95.3,,,,
493,107.7,106.7,79.7,84.2,98.2,130.6,117.1,118.6,118.5,95.2,,,,
494,107.5,106.6,79.7,83.9,97.8,130.4,116.7,118.6,118.2,95.0,,,,
495,107.4,106.5,79.6,83.7,97.5,130.1,116.2,118.5,117.9,94.9,,,,
496,107.2,106.4,79.5,83.4,97.1,129.7,115.8,118.4,117.5,94.7,,,,
497,107.1,106.4,79.5,83.1,96.7,129.4,115.4,118.3,117.2,94.5,,,,
498,107.0,106.3,79.4,82.9,96.4,129.0,115.0,118.2,116.8,94.4,,,,
499,106.8,106.3,79.3,82.6,96.0,128.6,114.6,118.2,116.5,94.2,,,,
500,106.7,106.2,79.3,82.4,95.7,128.1,114.1,118.1,116.1,94.1,,,,
501,106.5,106.1,79.2,82.1,95.3,127.7,113.7,117.9,115.7,93.9,,,,
502,106.3,106.0,79.2,81.8,95.0,127.3,113.3,117.8,115.3,93.7,,,,
503,106.1,106.0,79.2,81.6,94.6,126.8,112.9,117.7,115.0,93.5,,,,
504,105.9,105.9,79.1,81.3,94.3,126.3,112.5,117.6,114.6,93.3,,,,
505,105.7,105.8,79.0,81.0,93.9,125.8,112.1,117.5,114.2,93.1,,,,
506,105.6,105.7,78.9,80.7,93.6,125.3,111.7,117.3,113.8,93.0,,,,
507,105.4,105.6,78.9,80.5,93.2,124.8,111.3,117.1,113.5,92.8,,,,
508,105.1,105.6,78.8,80.2,92.9,124.3,110.9,116.9,113.1,92.6,,,,
509,104.9,105.5,78.7,80.0,92.6,123.8,110.5,116.6,112.7,92.5,,,,
510,104.6,105.4,78.7,79.7,92.3,123.3,110.1,116.3,112.3,92.3,,,,
511,104.3,105.3,78.5,79.5,91.9,122.8,109.7,116.0,111.9,92.1,,,,
512,104.1,105.3,78.6,79.3,91.7,122.3,109.3,115.7,111.6,91.9,,,,
513,103.8,105.2,78.4,79.0,91.2,121.8,108.9,115.4,111.1,91.7,,,,
514,103.5,105.2,78.4,78.9,91.1,121.3,108.6,115.1,110.8,91.6,,,,
515,103.1,105.1,78.4,78.6,90.8,120.8,108.2,114.8,110.4,91.4,,,,
516,102.7,104.9,78.2,78.3,90.4,120.3,107.8,114.5,110.0,91.2,,,,
517,102.4,104.9,78.2,78.1,90.2,119.8,107.4,114.1,109.6,91.1,,,,
518,102.0,104.8,78.1,77.9,89.8,119.3,107.1,113.8,109.3,90.9,,,,
519,101.6,104.7,78.1,77.6,89.6,118.8,106.7,113.5,108.9,90.7,,,,
520,101.2,104.6,78.0,77.4,89.2,118.3,106.3,113.1,108.5,90.6,,,,
521,100.8,104.5,77.9,77.2,88.9,117.8,105.9,112.7,108.1,90.5,,,,
522,100.4,104.4,77.8,76.9,88.7,117.3,105.6,112.4,107.8,90.3,,,,
523,100.0,104.3,77.7,76.7,88.3,116.9,105.2,112.0,107.4,90.1,,,,
524,99.5,104.2,77.6,76.4,88.0,116.4,104.8,111.7,107.1,90.0,,,,
525,99.2,104.1,77.6,76.2,87.8,115.9,104.5,111.3,106.7,89.8,,,,
526,98.7,104.0,77.5,76.0,87.5,115.4,104.1,110.9,106.3,89.6,,,,
527,98.3,104.0,77.4,75.7,87.2,115.0,103.8,110.5,105.9,89.5,,,,
528,97.9,103.9,77.3,75.5,86.9,114.5,103.4,110.2,105.6,89.3,,,,
529,97.5,103.8,77.2,75.2,86.7,114.1,103.1,109.8,105.2,89.2,,,,
530,97.1,103.6,77.1,75.0,86.4,113.6,102.7,109.4,104.9,89.0,,,,
531,96.7,103.5,77.0,74.8,86.2,113.2,102.4,109.1,104.5,88.8,,,,
532,96.3,103.4,76.9,74.5,85.9,112.7,102.1,108.7,104.1,88.7,,,,
533,95.9,103.3,76.8,74.3,85.6,112.3,101.7,108.4,103.8,88.5,,,,
534,95.5,103.2,76.8,74.1,85.3,111.9,101.4,108.0,103.5,88.4,,,,
535,95.2,103.1,76.7,73.9,85.0,111.5,101.1,107.6,103.1,88.3,,,,
536,94.8,103.0,76.6,73.7,84.8,111.0,100.7,107.2,102.8,88.1,,,,
537,94.4,102.9,76.5,73.5,84.5,110.6,100.4,106.9,102.4,88.0,,,,
538,94.0,102.7,76.4,73.3,84.3,110.2,100.1,106.5,102.1,87.9,,,,
539,93.7,102.6,76.3,73.0,84.0,109.8,99.7,106.2,101.7,87.7,,,,
540,93.3,102.4,76.2,72.8,83.7,109.3,99.4,105.8,101.4,87.5,,,,
541,92.9,102.3,76.1,72.6,83.4,108.9,99.1,105.5,101.1,87.4,,,,
542,92.6,102.2,76.0,72.4,83.2,108.5,98.7,105.1,100.7,87.2,,,,
543,92.2,102.0,75.9,72.2,82.9,108.1,98.4,104.8,100.4,87.1,,,,
544,91.8,101.9,75.8,72.0,82.7,107.7,98.1,104.4,100.0,87.0,,,,
545,91.4,101.7,75.7,71.8,82.4,107.3,97.8,104.0,99.7,86.8,,,,
546,91.1,101.6,75.6,71.6,82.2,106.9,97.5,103.7,99.4,86.7,,,,
547,90.8,101.4,75.4,71.4,81.9,106.5,97.1,103.3,99.0,86.5,,,,
548,90.4,101.2,75.3,71.2,81.6,106.0,96.8,103.0,98.7,86.4,,,,
549,90.1,101.0,75.2,71.0,81.4,105.6,96.5,102.6,98.4,86.3,,,,
550,89.7,100.7,75.2,70.8,81.1,105.3,96.1,102.3,98.0,86.1,,,,
551,89.4,100.5,75.1,70.6,80.9,104.9,95.9,102.0,97.7,86.0,,,,
552,89.0,100.2,75.0,70.4,80.6,104.4,95.5,101.6,97.3,85.8,,,,
553,88.7,99.9,74.8,70.2,80.4,104.0,95.2,101.3,97.0,85.6,,,,
554,88.3,99.6,74.7,70.0,80.1,103.6,94.9,101.0,96.6,85.5,,,,
555,88.0,99.3,74.6,69.8,79.9,103.2,94.6,100.6,96.3,85.3,,,,
556,87.7,99.0,74.5,69.6,79.6,102.8,94.3,100.2,96.0,85.2,,,,
557,87.3,98.7,74.4,69.5,79.4,102.4,94.0,99.9,95.7,85.0,,,,
558,87.1,98.4,74.4,69.2,79.2,102.0,93.7,99.6,95.4,84.9,,,,
559,86.7,98.0,74.3,69.1,78.9,101.6,93.4,99.2,95.1,84.8,,,,
560,86.4,97.7,74.2,68.9,78.7,101.3,93.0,98.9,94.8,84.6,,,,
561,86.1,97.3,74.1,68.7,78.5,100.9,92.8,98.5,94.4,84.5,,,,
562,85.8,96.9,74.0,68.5,78.3,100.5,92.5,98.3,94.1,84.3,,,,
563,85.5,96.6,73.9,68.3,78.0,100.1,92.2,97.9,93.8,84.2,,,,
564,85.2,96.3,73.8,68.1,77.8,99.7,91.9,97.6,93.5,84.0,,,,
565,84.8,96.0,73.8,67.9,77.6,99.3,91.5,97.2,93.2,83.9,,,,
566,84.6,95.6,73.7,67.7,77.4,99.0,91.3,96.9,92.9,83.8,,,,
567,84.3,95.2,73.6,67.5,77.1,98.6,91.0,96.6,92.6,83.6,,,,
568,84.0,94.9,73.6,67.4,76.9,98.2,90.7,96.3,92.3,83.5,,,,
569,83.6,94.5,73.5,67.2,76.7,97.9,90.4,96.0,92.0,83.3,,,,
570,83.4,94.2,73.5,67.0,76.4,97.5,90.2,95.7,91.7,83.2,,,,
571,83.1,93.8,73.4,66.8,76.2,97.2,89.9,95.4,91.4,83.1,,,,
572,82.8,93.5,73.4,66.7,76.0,96.8,89.6,95.1,91.1,83.0,,,,
573,82.5,93.1,73.3,66.5,75.7,96.4,89.3,94.8,90.8,82.8,,,,
574,82.2,92.8,73.3,66.3,75.7,96.1,89.0,94.5,90.5,82.7,,,,
575,81.9,92.4,73.2,66.2,75.5,95.8,88.8,94.2,90.3,82.6,,,,
576,81.6,92.1,73.2,66.0,75.2,95.5,88.5,93.9,90.0,82.5,,,,
577,81.3,91.7,73.2,65.8,74.9,95.2,88.2,93.6,89.7,82.3,,,,
578,81.1,91.4,73.2,65.6,74.7,94.8,88.0,93.3,89.4,82.2,,,,
579,80.8,91.1,73.1,65.5,74.4,94.5,87.7,93.0,89.1,82.1,,,,
580,80.5,90.7,73.1,65.3,74.3,94.2,87.4,92.8,88.8,82.0,,,,
581,80.2,90.4,73.1,65.2,74.0,93.9,87.2,92.5,88.5,81.8,,,,
582,80.0,90.0,73.1,65.0,73.8,93.6,86.9,92.2,88.2,81.7,,,,
583,79.7,89.7,73.0,64.8,73.6,93.2,86.6,91.9,88.0,81.6,,,,
584,79.4,89.3,73.0,64.6,73.5,93.0,86.4,91.6,87.7,81.4,,,,
585,79.2,89.0,73.0,64.5,73.3,92.7,86.2,91.3,87.4,81.3,,,,
586,78.9,88.6,73.0,64.3,73.1,92.3,85.9,91.1,87.2,81.1,,,,
587,78.6,88.3,72.9,64.1,72.8,92.0,85.6,90.8,86.9,81.0,,,,
588,78.4,88.0,72.9,64.0,72.6,91.7,85.3,90.5,86.6,80.9,,,,
589,78.1,87.7,72.9,63.9,72.4,91.4,85.1,90.3,86.4,80.7,,,,
590,77.8,87.3,72.9,63.7,72.2,91.1,84.8,90.0,86.1,80.6,,,,
591,77.6,87.0,72.9,63.5,72.0,90.8,84.6,89.7,85.9,80.5,,,,
592,77.4,86.7,72.9,63.4,71.8,90.5,84.4,89.5,85.6,80.4,,,,
593,77.1,86.4,72.8,63.2,71.6,90.2,84.1,89.2,85.3,80.2,,,,
594,76.8,86.1,72.8,63.0,71.4,90.0,83.9,88.9,85.1,80.1,,,,
595,76.6,85.8,72.8,62.9,71.2,89.7,83.6,88.7,84.8,80.0,,,,
596,76.3,85.4,72.8,62.7,71.0,89.4,83.4,88.4,84.6,79.9,,,,
597,76.0,85.1,72.8,62.6,70.9,89.1,83.2,88.2,84.3,79.8,,,,
598,75.8,84.8,72.8,62.4,70.7,88.8,82.9,88.0,84.1,79.7,,,,
599,75.5,84.5,72.7,62.3,70.5,88.5,82.7,87.7,83.8,79.5,,,,
600,75.3,84.2,72.8,62.2,70.3,88.2,82.4,87.5,83.5,79.4,,,,
601,75.1,83.9,72.7,62.0,70.1,88.0,82.2,87.2,83.3,79.3,,,,
602,74.8,83.6,72.7,61.9,69.9,87.7,82.0,87.1,83.1,79.2,,,,
603,74.5,83.3,72.7,61.7,69.7,87.4,81.7,86.8,82.9,79.1,,,,
604,74.4,83.0,72.7,61.6,69.6,87.2,81.5,86.6,82.6,79.0,,,,
605,74.1,82.7,72.7,61.5,69.4,86.9,81.2,86.4,82.4,78.9,,,,
606,73.9,82.4,72.7,61.3,69.2,86.7,81.0,86.2,82.1,78.8,,,,
607,73.6,82.1,72.6,61.1,69.0,86.4,80.7,86.0,81.9,78.6,,,,
608,73.5,81.8,72.6,61.0,68.8,86.2,80.5,85.8,81.7,78.5,,,,
609,73.2,81.6,72.6,60.8,68.6,85.9,80.3,85.6,81.4,78.4,,,,
610,73.0,81.2,72.6,60.7,68.5,85.7,80.0,85.4,81.2,78.3,,,,
611,72.8,80.9,72.6,60.6,68.3,85.4,79.8,85.2,80.9,78.2,,,,
612,72.5,80.7,72.5,60.4,68.1,85.1,79.6,85.0,80.7,78.1,,,,
613,72.3,80.4,72.5,60.3,67.9,84.9,79.4,84.8,80.5,78.0,,,,
614,72.1,80.1,72.5,60.1,67.7,84.7,79.2,84.7,80.2,77.8,,,,
615,71.9,79.9,72.5,60.0,67.6,84.4,78.9,84.5,80.0,77.7,,,,
616,71.6,79.6,72.5,59.8,67.4,84.2,78.7,84.3,79.8,77.6,,,,
617,71.4,79.3,72.5,59.7,67.2,83.9,78.5,84.2,79.6,77.5,,,,
618,71.2,79.1,72.5,59.5,67.1,83.7,78.3,84.0,79.3,77.4,,,,
619,71.0,78.8,72.5,59.4,66.9,83.4,78.1,83.8,79.2,77.3,,,,
620,70.8,78.5,72.4,59.3,66.7,83.2,77.9,83.7,78.9,77.2,,,,
621,70.6,78.3,72.4,59.2,66.5,83.0,77.6,83.5,78.7,77.1,,,,
622,70.4,78.0,72.4,59.0,66.4,82.8,77.5,83.3,78.5,77.0,,,,
623,70.2,77.8,72.4,58.9,66.2,82.5,77.3,83.2,78.3,76.9,,,,
624,70.0,77.6,72.4,58.7,66.1,82.4,77.0,83.0,78.1,76.8,,,,
625,69.8,77.3,72.3,58.6,65.9,82.1,76.8,82.9,77.8,76.6,,,,
626,69.6,77.1,72.3,58.5,65.7,81.9,76.6,82.7,77.6,76.5,,,,
627,69.4,76.8,72.3,58.4,65.6,81.7,76.4,82.5,77.4,76.4,,,,
628,69.1,76.5,72.3,58.2,65.4,81.5,76.2,82.4,77.2,76.3,,,,
629,69.0,76.3,72.3,58.1,65.3,81.3,76.0,82.3,77.0,76.2,,,,
630,68.7,76.0,72.2,57.9,65.2,81.1,75.7,82.1,76.8,76.1,,,,
631,68.5,75.8,72.2,57.8,65.0,80.9,75.6,81.9,76.6,76.0,,,,
632,68.3,75.5,72.2,57.7,64.8,80.7,75.3,81.7,76.4,75.8,,,,
633,68.1,75.3,72.2,57.5,64.7,80.5,75.2,81.6,76.2,75.8,,,,
634,67.9,75.1,72.2,57.4,64.5,80.3,75.0,81.4,75.9,75.8,,,,
635,67.7,74.8,72.1,57.3,64.4,80.1,74.9,81.3,75.8,75.9,,,,
636,67.5,74.5,72.1,57.1,64.2,79.9,74.6,81.0,75.5,75.5,,,,
637,67.3,74.3,72.1,57.0,64.1,79.8,74.5,80.9,75.4,75.5,,,,
638,67.2,74.1,72.1,56.9,63.9,79.6,74.3,80.7,75.2,75.3,,,,
639,67.0,73.8,72.1,56.7,63.8,79.4,74.1,80.6,75.0,75.2,,,,
640,66.8,73.6,72.0,56.6,63.6,79.2,73.9,80.4,74.8,75.2,,,,
641,66.6,73.4,72.0,56.5,63.5,79.1,73.7,80.2,74.6,75.1,,,,
642,66.4,73.2,72.0,56.3,63.3,78.9,73.6,80.0,74.4,75.0,,,,
643,66.3,73.0,72.0,56.2,63.1,78.7,73.4,79.8,74.2,74.9,,,,
644,66.1,72.7,72.0,56.1,63.0,78.5,73.2,79.7,74.0,74.8,,,,
645,65.9,72.5,71.9,56.0,62.8,78.4,73.0,79.5,73.8,74.6,,,,
646,65.7,72.3,71.9,55.9,62.7,78.2,72.8,79.3,73.6,74.6,,,,
647,65.6,72.0,71.9,55.8,62.5,78.0,72.6,79.1,73.4,74.4,,,,
648,65.4,71.9,71.9,55.6,62.4,77.8,72.4,78.9,73.2,74.4,,,,
649,65.2,71.6,71.8,55.5,62.3,77.6,72.2,78.7,73.0,74.3,,,,
650,65.0,71.4,71.8,55.4,62.1,77.4,72.0,78.5,72.8,74.2,,,,
651,64.8,71.2,71.7,55.3,62.0,77.2,71.9,78.4,72.6,74.1,,,,
652,64.7,71.0,71.7,55.2,61.8,77.0,71.7,78.1,72.4,74.0,,,,
653,64.5,70.8,71.7,55.1,61.7,76.9,71.5,77.9,72.2,73.9,,,,
654,64.3,70.5,71.6,54.9,61.6,76.6,71.3,77.8,72.0,73.8,,,,
655,64.1,70.4,71.6,54.8,61.4,76.5,71.1,77.6,71.8,73.7,,,,
656,64.0,70.2,71.5,54.7,61.3,76.3,70.9,77.4,71.6,73.6,,,,
657,63.8,69.9,71.5,54.6,61.1,76.1,70.7,77.2,71.5,73.5,,,,
658,63.6,69.7,71.4,54.5,61.0,75.8,70.5,77.0,71.3,73.4,,,,
659,63.4,69.6,71.4,54.4,60.8,75.7,70.4,76.8,71.1,73.3,,,,
660,63.3,69.4,71.4,54.3,60.7,75.5,70.2,76.6,70.9,73.2,,,,
661,63.1,69.2,71.3,54.2,60.5,75.3,70.1,76.4,70.7,73.1,,,,
662,62.9,69.0,71.2,54.0,60.4,75.2,69.9,76.2,70.5,73.0,,,,
663,62.8,68.8,71.2,53.9,60.2,74.9,69.7,76.0,70.4,72.9,,,,
664,62.6,68.5,71.1,53.8,60.1,74.8,69.6,75.8,70.2,72.8,,,,
665,62.4,68.4,71.1,53.7,59.9,74.6,69.4,75.6,70.0,72.7,,,,
666,62.3,68.1,71.0,53.6,59.8,74.4,69.2,75.3,69.8,72.6,,,,
667,62.1,68.0,70.9,53.5,59.6,74.2,69.0,75.2,69.6,72.5,,,,
668,61.9,67.7,70.8,53.4,59.5,74.0,68.8,75.0,69.5,72.5,,,,
669,61.8,67.5,70.7,53.2,59.4,73.9,68.6,74.8,69.3,72.4,,,,
670,61.6,67.4,70.7,53.1,59.2,73.6,68.5,74.6,69.1,72.2,,,,
671,61.6,67.3,70.7,53.1,59.2,73.5,68.3,74.4,68.9,72.1,,,,
672,61.4,67.0,70.4,52.9,59.0,73.3,68.1,74.2,68.7,72.1,,,,
673,61.2,66.8,70.4,52.8,58.8,73.2,67.9,74.0,68.5,72.0,,,,
674,61.1,66.7,70.3,52.8,58.8,73.0,67.7,73.8,68.3,71.9,,,,
675,61.0,66.5,70.2,52.7,58.6,72.8,67.5,73.6,68.1,71.8,,,,
676,60.8,66.4,70.0,52.6,58.5,72.6,67.4,73.5,68.0,71.7,,,,
677,60.7,66.2,69.9,52.5,58.4,72.4,67.2,73.3,67.8,71.6,,,,
678,60.5,66.0,69.7,52.4,58.3,72.2,67.1,73.1,67.6,71.5,,,,
679,60.3,65.8,69.6,52.3,58.1,72.1,66.9,72.9,67.4,71.4,,,,
680,60.2,65.6,69.4,52.1,58.0,71.9,66.7,72.7,67.2,71.3,,,,
681,60.0,65.5,69.2,52.0,57.9,71.7,66.5,72.5,67.1,71.2,,,,
682,59.9,65.3,69.1,51.9,57.7,71.5,66.4,72.3,66.9,71.1,,,,
683,59.7,65.1,68.9,51.8,57.6,71.4,66.2,72.1,66.7,71.1,,,,
684,59.5,64.9,68.7,51.7,57.5,71.2,66.1,72.0,66.6,71.0,,,,
685,59.4,64.8,68.5,51.5,57.3,71.0,65.9,71.8,66.4,70.9,,,,
686,59.2,64.6,68.3,51.4,57.2,70.8,65.7,71.6,66.2,70.8,,,,
687,59.1,64.4,68.1,51.3,57.1,70.6,65.6,71.4,66.1,70.7,,,,
688,59.0,64.2,67.9,51.2,57.0,70.4,65.4,71.2,65.9,70.6,,,,
689,58.8,64.0,67.8,51.2,56.8,70.3,65.3,71.0,65.7,70.5,,,,
690,58.7,63.9,67.6,51.1,56.7,70.1,65.1,70.9,65.6,70.4,,,,
691,58.5,63.7,67.4,51.0,56.6,69.9,65.0,70.7,65.4,70.4,,,,
692,58.4,63.6,67.2,50.9,56.4,69.7,64.8,70.5,65.3,70.3,,,,
693,58.3,63.4,67.0,50.8,56.3,69.6,64.6,70.4,65.1,70.2,,,,
694,58.1,63.2,66.8,50.7,56.2,69.4,64.5,70.2,64.9,70.1,,,,
695,57.9,63.0,66.6,50.6,56.1,69.2,64.3,70.0,64.8,70.1,,,,
696,57.8,62.8,66.4,50.5,56.0,69.0,64.1,69.8,64.6,70.0,,,,
697,57.6,62.6,66.3,50.4,55.9,68.8,64.0,69.7,64.4,69.9,,,,
698,57.5,62.5,66.1,50.3,55.7,68.6,63.9,69.5,64.3,69.8,,,,
699,57.3,62.3,65.9,50.2,55.6,68.5,63.7,69.3,64.1,69.7,,,,
700,57.2,62.2,65.7,50.0,55.5,68.3,63.6,69.2,64.0,69.6,,,,
701,57.0,62.0,65.5,49.9,55.4,68.1,63.4,69.0,63.8,69.6,,,,
702,56.9,61.8,65.3,49.9,55.3,67.9,63.2,68.8,63.6,69.5,,,,
703,56.8,61.6,65.2,49.8,55.2,67.7,63.1,68.7,63.5,69.4,,,,
704,56.6,61.5,64.9,49.7,55.1,67.5,62.9,68.5,63.3,69.4,,,,
705,56.5,61.4,64.8,49.6,55.0,67.3,62.7,68.3,63.2,69.3,,,,
706,56.3,61.2,64.6,49.4,54.8,67.2,62.6,68.1,63.0,69.2,,,,
707,56.2,61.0,64.4,49.4,54.7,67.0,62.4,68.0,62.8,69.1,,,,
708,56.1,60.9,64.2,49.3,54.6,66.9,62.3,67.8,62.7,69.0,,,,
709,56.0,60.7,64.0,49.2,54.5,66.7,62.2,67.6,62.5,68.9,,,,
710,55.8,60.5,63.9,49.1,54.4,66.5,62.0,67.4,62.4,68.9,,,,
711,55.7,60.4,63.7,49.0,54.3,66.4,61.9,67.3,62.2,68.9,,,,
712,55.6,60.2,63.5,48.9,54.2,66.2,61.7,67.2,62.1,69.0,,,,
713,55.4,60.0,63.4,48.8,54.1,66.0,61.6,67.0,61.9,69.2,,,,
714,55.3,59.9,63.2,48.7,54.0,65.8,61.5,66.8,61.8,69.4,,,,
715,55.2,59.7,63.0,48.6,53.9,65.7,61.3,66.7,61.6,69.6,,,,
716,55.1,59.6,62.8,48.5,53.8,65.5,61.2,66.5,61.5,69.8,,,,
717,54.9,59.4,62.6,48.4,53.7,65.3,61.0,66.4,61.4,70.1,,,,
718,54.8,59.3,62.5,48.3,53.5,65.2,60.9,66.2,61.2,70.4,,,,
719,54.7,59.2,62.4,48.2,53.4,65.0,60.7,66.1,61.0,70.8,,,,
720,54.5,59.0,62.2,48.1,53.3,64.9,60.6,65.9,60.9,71.1,,,,
721,54.4,58.8,62.0,48.0,53.2,64.6,60.4,65.7,60.8,71.5,,,,
722,54.3,58.7,61.8,48.0,53.1,64.5,60.3,65.6,60.6,71.8,,,,
723,54.2,58.5,61.7,47.9,53.0,64.3,60.1,65.4,60.5,72.1,,,,
724,54.0,58.4,61.6,47.8,52.9,64.2,60.0,65.3,60.3,72.4,,,,
725,53.9,58.3,61.4,47.7,52.8,64.0,59.8,65.1,60.2,72.7,,,,
726,53.8,58.1,61.2,47.6,52.7,63.9,59.7,65.0,60.0,72.9,,,,
727,53.7,58.0,61.1,47.5,52.6,63.7,59.6,64.8,59.9,73.1,,,,
728,53.5,57.8,60.9,47.4,52.4,63.5,59.4,64.6,59.7,73.3,,,,
729,53.4,57.7,60.8,47.3,52.3,63.4,59.3,64.5,59.6,73.5,,,,
730,53.3,57.5,60.6,47.2,52.2,63.2,59.2,64.3,59.4,73.6,,,,
731,53.1,57.4,60.4,47.2,52.1,63.0,59.1,64.2,59.3,73.7,,,,
732,53.0,57.2,60.2,47.1,52.0,62.9,58.9,64.0,59.2,73.8,,,,
733,52.9,57.1,60.1,47.1,51.9,62.7,58.8,63.9,59.1,73.9,,,,
734,52.8,56.9,59.9,46.9,51.7,62.6,58.6,63.8,58.9,74.0,,,,
735,52.7,56.8,59.8,46.9,51.6,62.4,58.5,63.6,58.8,74.0,,,,
736,52.6,56.7,59.6,46.8,51.5,62.3,58.4,63.5,58.6,74.0,,,,
737,52.4,56.5,59.4,46.7,51.4,62.1,58.3,63.3,58.5,74.1,,,,
738,52.3,56.4,59.3,46.6,51.3,62.0,58.1,63.1,58.4,74.0,,,,
739,52.2,56.2,59.2,46.5,51.2,61.8,58.0,63.0,58.3,74.1,,,,
740,52.1,56.1,59.0,46.4,51.1,61.6,57.9,62.9,58.1,74.0,,,,
741,51.9,56.0,58.9,46.4,51.0,61.5,57.7,62.7,58.0,74.0,,,,
742,51.8,55.9,58.7,46.3,50.9,61.4,57.6,62.6,57.9,74.0,,,,
743,51.6,55.7,58.6,46.2,50.8,61.2,57.5,62.4,57.7,73.9,,,,
744,51.5,55.6,58.4,46.1,50.7,61.0,57.3,62.3,57.6,73.9,,,,
745,51.4,55.4,58.3,46.1,50.6,60.9,57.2,62.2,57.5,73.8,,,,
746,51.3,55.3,58.2,46.0,50.5,60.7,57.1,62.0,57.4,73.7,,,,
747,51.2,55.2,58.0,45.9,50.4,60.6,56.9,61.9,57.2,73.6,,,,
748,51.1,55.1,57.8,45.8,50.3,60.4,56.8,61.7,57.1,73.6,,,,
749,51.0,55.0,57.7,45.7,50.2,60.3,56.7,61.6,56.9,73.5,,,,
750,50.8,54.8,57.6,45.6,50.1,60.1,56.6,61.5,56.8,73.3,,,,
751,50.7,54.7,57.4,45.6,50.0,60.0,56.4,61.4,56.7,73.2,,,,
752,50.6,54.5,57.3,45.5,49.9,59.8,56.3,61.2,56.6,73.0,,,,
753,50.5,54.4,57.1,45.4,49.8,59.6,56.2,61.1,56.4,72.9,,,,
754,50.4,54.3,56.9,45.3,49.7,59.5,56.1,60.9,56.3,72.7,,,,
755,50.2,54.2,56.8,45.2,49.6,59.3,56.0,60.8,56.2,72.5,,,,
756,50.1,54.0,56.6,45.2,49.5,59.2,55.9,60.7,56.0,72.4,,,,
757,50.0,53.9,56.5,45.1,49.4,59.1,55.7,60.5,56.0,72.2,,,,
758,49.9,53.7,56.4,45.0,49.3,58.9,55.6,60.4,55.8,72.0,,,,
759,49.8,53.6,56.2,44.9,49.2,58.8,55.5,60.3,55.7,71.9,,,,
760,49.7,53.5,56.0,44.8,49.1,58.6,55.4,60.1,55.6,71.7,,,,
761,49.6,53.3,55.9,44.7,49.0,58.5,55.2,60.0,55.4,71.6,,,,
762,49.5,53.2,55.8,44.7,48.9,58.4,55.1,59.8,55.3,71.4,,,,
763,49.4,53.1,55.6,44.6,48.8,58.2,55.0,59.7,55.2,71.2,,,,
764,49.3,52.9,55.5,44.5,48.7,58.1,54.9,59.6,55.1,71.0,,,,
765,49.2,52.8,55.3,44.4,48.6,57.9,54.8,59.4,55.0,70.8,,,,
766,49.1,52.7,55.2,44.4,48.5,57.8,54.7,59.3,54.9,70.6,,,,
767,49.0,52.6,55.1,44.3,48.4,57.7,54.5,59.2,54.8,70.4,,,,
768,48.9,52.4,55.0,44.2,48.4,57.5,54.4,59.0,54.6,70.3,,,,
769,48.8,52.3,54.8,44.1,48.3,57.4,54.3,58.9,54.5,70.1,,,,
770,48.7,52.2,54.7,44.1,48.1,57.2,54.2,58.8,54.4,69.9,,,,
771,48.6,52.0,54.5,44.0,48.1,57.1,54.1,58.7,54.3,69.7,,,,
772,48.5,52.0,54.4,43.9,48.0,56.9,54.0,58.5,54.2,69.6,,,,
773,48.4,51.8,54.3,43.9,47.9,56.8,53.8,58.4,54.1,69.4,,,,
774,48.3,51.6,54.2,43.8,47.8,56.6,53.7,58.3,54.0,69.2,,,,
775,48.2,51.5,54.1,43.7,47.7,56.5,53.6,58.2,53.8,69.0,,,,
776,48.1,51.4,53.9,43.6,47.7,56.4,53.5,58.1,53.7,68.8,,,,
777,48.0,51.3,53.8,43.6,47.6,56.2,53.4,57.9,53.6,68.7,,,,
778,48.0,51.2,53.7,43.5,47.5,56.1,53.3,57.8,53.5,68.5,,,,
779,47.9,51.1,53.5,43.4,47.4,56.0,53.1,57.7,53.4,68.3,,,,
780,47.8,51.0,53.4,43.4,47.3,55.9,53.0,57.5,53.3,68.1,,,,
781,47.7,50.9,53.3,43.3,47.2,55.7,52.9,57.4,53.1,68.0,,,,
782,47.6,50.8,53.1,43.2,47.2,55.6,52.8,57.3,53.0,67.8,,,,
783,47.5,50.6,53.0,43.2,47.1,55.5,52.7,57.2,52.9,67.6,,,,
784,47.4,50.5,52.9,43.1,47.0,55.3,52.6,57.0,52.8,67.4,,,,
785,47.4,50.4,52.8,43.0,46.9,55.2,52.5,56.9,52.7,67.2,,,,
786,47.3,50.3,52.7,43.0,46.8,55.1,52.4,56.8,52.6,67.1,,,,
787,47.2,50.2,52.6,42.9,46.7,55.0,52.2,56.7,52.5,66.9,,,,
788,47.1,50.1,52.4,42.9,46.7,54.8,52.1,56.5,52.4,66.8,,,,
789,47.0,50.0,52.3,42.8,46.6,54.7,52.0,56.4,52.3,66.6,,,,
790,47.0,49.9,52.2,42.7,46.5,54.6,51.9,56.3,52.1,66.4,,,,
791,46.9,49.8,52.1,42.6,46.4,54.5,51.8,56.2,52.0,66.3,,,,
792,46.8,49.7,52.0,42.6,46.4,54.4,51.7,56.1,51.9,66.1,,,,
793,46.7,49.5,51.9,42.5,46.3,54.3,51.6,56.0,51.8,66.0,,,,
794,46.6,49.4,51.7,42.4,46.2,54.1,51.5,55.9,51.7,65.8,,,,
795,46.5,49.3,51.6,42.4,46.1,54.0,51.4,55.7,51.6,65.6,,,,
796,46.4,49.2,51.4,42.3,46.0,53.9,51.3,55.6,51.5,65.5,,,,
797,46.4,49.1,51.3,42.2,45.9,53.8,51.2,55.5,51.4,65.4,,,,
798,46.3,49.0,51.2,42.2,45.9,53.6,51.1,55.4,51.3,65.2,,,,
799,46.2,48.9,51.1,42.1,45.8,53.5,51.0,55.3,51.2,65.0,,,,
800,46.1,48.8,51.0,42.0,45.7,53.4,50.9,55.2,51.1,64.9,,,,
801,46.0,48.7,50.9,42.0,45.6,53.3,50.8,55.1,51.0,64.7,,,,
802,46.0,48.6,50.8,41.9,45.6,53.2,50.7,55.0,50.9,64.6,,,,
803,45.9,48.5,50.6,41.8,45.4,53.0,50.6,54.8,50.8,64.4,,,,
804,45.8,48.4,50.5,41.8,45.4,52.9,50.5,54.8,50.7,64.2,,,,
805,45.7,48.3,50.4,41.7,45.3,52.8,50.4,54.6,50.6,64.1,,,,
806,45.6,48.2,50.3,41.6,45.2,52.7,50.3,54.5,50.5,64.0,,,,
807,45.5,48.1,50.2,41.6,45.1,52.6,50.2,54.4,50.4,63.8,,,,
808,45.5,48.0,50.1,41.6,45.1,52.5,50.1,54.4,50.3,63.7,,,,
809,45.4,48.0,50.0,41.5,45.0,52.3,50.0,54.2,50.3,63.5,,,,
810,45.3,47.8,49.9,41.4,44.9,52.2,49.9,54.1,50.1,63.4,,,,
811,45.2,47.7,49.8,41.4,44.8,52.1,49.8,54.0,50.0,63.2,,,,
812,45.1,47.7,49.7,41.3,44.7,52.0,49.7,53.9,49.9,63.1,,,,
813,45.0,47.5,49.5,41.2,44.6,51.9,49.6,53.8,49.8,62.9,,,,
814,44.9,47.5,49.4,41.1,44.6,51.8,49.5,53.7,49.8,62.8,,,,
815,44.9,47.4,49.3,41.1,44.5,51.7,49.4,53.6,49.7,62.6,,,,
816,44.8,47.3,49.2,41.0,44.4,51.6,49.3,53.5,49.6,62.5,,,,
817,44.7,47.2,49.1,41.0,44.3,51.5,49.2,53.4,49.5,62.4,,,,
818,44.6,47.1,49.0,40.9,44.3,51.3,49.1,53.2,49.4,62.3,,,,
819,44.5,47.0,48.9,40.8,44.2,51.2,49.0,53.1,49.3,62.1,,,,
820,44.5,46.9,48.8,40.8,44.1,51.2,48.9,53.0,49.2,62.0,,,,
821,44.4,46.8,48.7,40.7,44.0,51.1,48.8,52.9,49.1,61.8,,,,
822,44.3,46.7,48.6,40.6,43.9,50.9,48.7,52.8,49.0,61.7,,,,
823,44.2,46.6,48.4,40.6,43.9,50.8,48.7,52.7,48.9,61.6,,,,
824,44.1,46.5,48.4,40.5,43.8,50.7,48.6,52.6,48.8,61.5,,,,
825,44.1,46.4,48.3,40.5,43.7,50.6,48.5,52.5,48.7,61.3,,,,
826,44.0,46.4,48.2,40.4,43.6,50.5,48.4,52.4,48.6,61.2,,,,
827,43.9,46.3,48.0,40.3,43.6,50.4,48.3,52.3,48.5,61.1,,,,
828,43.9,46.3,48.0,40.4,43.6,50.3,48.2,52.2,48.5,60.9,,,,
829,43.9,46.2,48.0,40.3,43.5,50.2,48.1,52.1,48.4,60.8,,,,
830,43.8,46.1,47.9,40.3,43.4,50.1,48.0,52.0,48.3,60.7,,,,
831,43.7,46.1,47.8,40.2,43.3,50.0,48.0,51.9,48.2,60.5,,,,
832,43.6,46.0,47.7,40.1,43.3,49.9,47.9,51.8,48.1,60.4,,,,
833,43.6,45.9,47.6,40.1,43.2,49.8,47.8,51.7,48.0,60.3,,,,
834,43.5,45.7,47.5,40.0,43.2,49.7,47.7,51.6,48.0,60.2,,,,
835,43.4,45.7,47.4,40.0,43.1,49.6,47.6,51.5,47.9,60.0,,,,
836,43.3,45.6,47.3,40.0,43.0,49.5,47.6,51.4,47.8,59.9,,,,
837,43.3,45.5,47.2,39.9,43.0,49.4,47.5,51.3,47.7,59.7,,,,
838,43.2,45.4,47.1,39.8,42.9,49.3,47.4,51.2,47.7,59.6,,,,
839,43.2,45.3,47.0,39.8,42.9,49.2,47.3,51.1,47.6,59.5,,,,
840,43.1,45.2,46.9,39.7,42.8,49.1,47.3,51.0,47.5,59.4,,,,
841,43.0,45.1,46.8,39.7,42.7,49.0,47.2,50.9,47.4,59.2,,,,
842,43.0,45.0,46.7,39.7,42.7,48.9,47.1,50.8,47.3,59.1,,,,
843,42.9,44.9,46.6,39.6,42.6,48.8,47.1,50.7,47.2,59.0,,,,
844,42.8,44.8,46.5,39.5,42.5,48.7,47.0,50.6,47.2,58.9,,,,
845,42.7,44.8,46.4,39.5,42.5,48.6,46.9,50.5,47.1,58.7,,,,
846,42.7,44.7,46.4,39.5,42.4,48.5,46.8,50.5,47.0,58.6,,,,
847,42.6,44.6,46.3,39.4,42.4,48.4,46.7,50.3,47.0,58.5,,,,
848,42.5,44.5,46.2,39.3,42.3,48.4,46.6,50.3,46.9,58.4,,,,
849,42.5,44.4,46.1,39.3,42.2,48.3,46.5,50.2,46.8,58.3,,,,
850,42.4,44.3,46.0,39.2,42.2,48.2,46.5,50.1,46.7,58.1,,,,
851,42.3,44.3,45.9,39.2,42.1,48.0,46.4,50.0,46.7,58.0,,,,
852,42.3,44.2,45.8,39.2,42.1,48.0,46.3,49.9,46.6,57.9,,,,
853,42.2,44.1,45.7,39.1,42.0,47.9,46.3,49.8,46.5,57.8,,,,
854,42.1,44.0,45.6,39.1,41.9,47.8,46.2,49.7,46.4,57.6,,,,
855,42.1,43.9,45.5,39.0,41.9,47.7,46.1,49.6,46.4,57.5,,,,
856,42.0,43.8,45.5,39.0,41.8,47.6,46.0,49.5,46.3,57.4,,,,
857,41.9,43.7,45.4,38.9,41.8,47.5,46.0,49.4,46.2,57.3,,,,
858,41.9,43.7,45.3,38.9,41.7,47.4,45.9,49.4,46.1,57.1,,,,
859,41.8,43.6,45.2,38.8,41.7,47.3,45.8,49.3,46.1,57.0,,,,
860,41.7,43.5,45.1,38.8,41.6,47.3,45.7,49.2,46.0,56.9,,,,
861,41.7,43.4,45.0,38.7,41.6,47.2,45.6,49.1,45.9,56.8,,,,
862,41.6,43.3,44.9,38.7,41.5,47.1,45.5,49.0,45.8,56.7,,,,
863,41.6,43.3,44.8,38.6,41.5,47.0,45.5,48.9,45.8,56.5,,,,
864,41.5,43.2,44.8,38.6,41.4,46.9,45.4,48.8,45.7,56.4,,,,
865,41.5,43.2,44.7,38.5,41.4,46.8,45.3,48.7,45.6,56.3,,,,
866,41.4,43.1,44.6,38.5,41.3,46.7,45.2,48.6,45.5,56.2,,,,
867,41.4,43.0,44.5,38.5,41.3,46.6,45.2,48.6,45.5,56.1,,,,
868,41.3,42.9,44.4,38.4,41.2,46.6,45.1,48.5,45.4,56.0,,,,
869,41.2,42.9,44.4,38.4,41.2,46.5,45.0,48.4,45.3,55.9,,,,
870,41.2,42.8,44.3,38.4,41.1,46.4,44.9,48.3,45.3,55.8,,,,
871,41.1,42.7,44.2,38.3,41.0,46.4,44.9,48.2,45.2,55.6,,,,
872,41.1,42.6,44.1,38.3,41.0,46.3,44.8,48.2,45.1,55.6,,,,
873,41.0,42.6,44.0,38.2,40.9,46.2,44.7,48.1,45.0,55.4,,,,
874,41.0,42.5,44.0,38.2,40.9,46.1,44.7,48.0,45.0,55.3,,,,
875,40.9,42.4,43.9,38.1,40.8,46.0,44.6,47.9,44.9,55.2,,,,
876,40.8,42.4,43.8,38.1,40.8,46.0,44.5,47.8,44.8,55.2,,,,
877,40.8,42.3,43.7,38.1,40.7,45.9,44.4,47.8,44.8,55.0,,,,
878,40.7,42.2,43.6,38.0,40.7,45.8,44.4,47.7,44.7,54.9,,,,
879,40.7,42.2,43.6,38.0,40.6,45.7,44.3,47.6,44.6,54.8,,,,
880,40.6,42.1,43.5,37.9,40.6,45.6,44.2,47.5,44.6,54.7,,,,
881,40.6,42.0,43.4,37.9,40.5,45.6,44.2,47.4,44.5,54.6,,,,
882,40.5,41.9,43.3,37.8,40.5,45.5,44.1,47.4,44.4,54.5,,,,
883,40.4,41.9,43.2,37.8,40.4,45.4,44.0,47.3,44.4,54.4,,,,
884,40.4,41.8,43.2,37.8,40.4,45.3,44.0,47.2,44.3,54.4,,,,
885,40.4,41.7,43.1,37.7,40.3,45.3,43.9,47.2,44.2,54.2,,,,
886,40.3,41.7,43.1,37.7,40.3,45.2,43.8,47.1,44.2,54.1,,,,
887,40.2,41.6,43.0,37.6,40.2,45.1,43.8,47.0,44.1,54.0,,,,
888,40.2,41.6,42.9,37.6,40.2,45.1,43.7,46.9,44.1,53.9,,,,
889,40.1,41.5,42.8,37.6,40.1,45.0,43.7,46.9,44.0,53.8,,,,
890,40.1,41.5,42.8,37.5,40.1,44.9,43.6,46.8,43.9,53.7,,,,
891,40.0,41.4,42.7,37.4,40.0,44.8,43.5,46.7,43.9,53.6,,,,
892,40.0,41.3,42.6,37.4,40.0,44.8,43.5,46.6,43.8,53.5,,,,
893,40.0,41.2,42.5,37.4,40.0,44.7,43.4,46.6,43.7,53.4,,,,
894,39.9,41.2,42.4,37.4,39.9,44.7,43.4,46.5,43.7,53.3,,,,
895,39.8,41.1,42.4,37.3,39.9,44.6,43.3,46.4,43.6,53.2,,,,
896,39.8,41.0,42.3,37.3,39.8,44.5,43.2,46.4,43.5,53.1,,,,
897,39.7,41.0,42.2,37.3,39.8,44.4,43.2,46.3,43.5,53.0,,,,
898,39.7,40.9,42.2,37.2,39.7,44.4,43.2,46.3,43.4,52.9,,,,
899,39.6,40.8,42.1,37.2,39.7,44.3,43.1,46.2,43.4,52.8,,,,
900,39.6,40.8,42.0,37.1,39.6,44.2,43.0,46.1,43.3,52.8,,,,
901,39.5,40.7,41.9,37.1,39.6,44.1,43.0,46.0,43.3,52.7,,,,
902,39.5,40.6,41.9,37.0,39.5,44.1,42.9,46.0,43.2,52.6,,,,
903,39.4,40.6,41.8,37.0,39.5,44.0,42.9,45.9,43.2,52.5,,,,
904,39.4,40.5,41.7,37.0,39.4,44.0,42.8,45.8,43.1,52.4,,,,
905,39.3,40.4,41.7,36.9,39.4,43.9,42.8,45.8,43.1,52.3,,,,
906,39.3,40.4,41.6,36.9,39.3,43.9,42.8,45.8,43.1,52.3,,,,
907,39.2,40.3,41.6,36.9,39.3,43.8,42.7,45.7,43.0,52.2,,,,
908,39.1,40.3,41.5,36.8,39.2,43.8,42.7,45.6,43.0,52.1,,,,
909,39.1,40.2,41.4,36.8,39.2,43.7,42.6,45.6,42.9,52.0,,,,
910,39.0,40.1,41.4,36.7,39.1,43.7,42.5,45.5,42.9,51.9,,,,
911,39.0,40.1,41.3,36.7,39.1,43.6,42.5,45.4,42.8,51.8,,,,
912,39.0,40.0,41.2,36.7,39.1,43.5,42.4,45.4,42.7,51.7,,,,
913,38.9,40.0,41.2,36.6,39.0,43.4,42.4,45.3,42.7,51.6,,,,
914,38.8,39.9,41.1,36.6,39.0,43.4,42.3,45.2,42.6,51.5,,,,
915,38.8,39.9,41.0,36.6,38.9,43.3,42.2,45.2,42.6,51.5,,,,
916,38.7,39.8,41.0,36.5,38.9,43.2,42.2,45.1,42.5,51.4,,,,
917,38.7,39.7,40.9,36.5,38.8,43.2,42.1,45.0,42.4,51.3,,,,
918,38.6,39.7,40.8,36.4,38.8,43.1,42.1,45.0,42.4,51.2,,,,
919,38.6,39.6,40.7,36.4,38.7,43.1,42.0,44.9,42.3,51.2,,,,
920,38.5,39.6,40.7,36.3,38.7,43.0,41.9,44.8,42.3,51.1,,,,
921,38.5,39.5,40.6,36.3,38.6,42.9,41.9,44.8,42.2,51.0,,,,
922,38.4,39.4,40.6,36.3,38.6,42.9,41.8,44.7,42.2,50.9,,,,
923,38.4,39.4,40.5,36.2,38.5,42.8,41.8,44.6,42.1,50.8,,,,
924,38.4,39.3,40.4,36.2,38.5,42.7,41.7,44.6,42.1,50.7,,,,
925,38.3,39.3,40.4,36.2,38.4,42.7,41.7,44.5,42.0,50.6,,,,
926,38.3,39.2,40.3,36.1,38.4,42.6,41.6,44.4,41.9,50.5,,,,
927,38.2,39.2,40.2,36.1,38.4,42.6,41.6,44.4,41.9,50.4,,,,
928,38.2,39.1,40.2,36.1,38.4,42.5,41.6,44.3,41.8,50.3,,,,
929,38.1,39.1,40.1,36.0,38.3,42.4,41.5,44.2,41.8,50.3,,,,
930,38.1,39.0,40.1,36.0,38.3,42.4,41.4,44.2,41.7,50.2,,,,
931,38.0,39.0,40.0,35.9,38.2,42.3,41.4,44.1,41.7,50.1,,,,
932,37.9,38.9,40.0,35.9,38.2,42.2,41.3,44.0,41.6,50.0,,,,
933,37.9,38.8,40.0,35.9,38.1,42.2,41.3,44.0,41.6,49.9,,,,
934,37.9,38.8,39.9,35.8,38.1,42.1,41.2,43.9,41.5,49.8,,,,
935,37.8,38.8,39.9,35.8,38.0,42.0,41.2,43.9,41.5,49.8,,,,
936,37.8,38.7,39.8,35.8,38.0,42.0,41.1,43.8,41.4,49.7,,,,
937,37.7,38.6,39.8,35.7,37.9,41.9,41.1,43.7,41.4,49.6,,,,
938,37.7,38.6,39.7,35.7,37.9,41.9,41.0,43.6,41.3,49.5,,,,
939,37.6,38.5,39.7,35.6,37.8,41.8,41.0,43.6,41.3,49.4,,,,
940,37.6,38.5,39.6,35.6,37.8,41.8,40.9,43.6,41.2,49.4,,,,
941,37.5,38.4,39.6,35.6,37.8,41.7,40.8,43.5,41.2,49.3,,,,
942,37.5,38.4,39.5,35.5,37.7,41.6,40.8,43.4,41.1,49.2,,,,
943,37.4,38.4,39.5,35.5,37.7,41.6,40.8,43.4,41.1,49.1,,,,
944,37.4,38.3,39.4,35.4,37.6,41.5,40.7,43.3,41.0,49.0,,,,
945,37.3,38.3,39.4,35.4,37.6,41.5,40.6,43.2,41.0,48.9,,,,
946,37.3,38.2,39.3,35.4,37.5,41.4,40.6,43.2,40.9,48.9,,,,
947,37.2,38.2,39.2,35.4,37.5,41.4,40.5,43.2,40.9,48.8,,,,
948,37.2,38.1,39.2,35.3,37.4,41.3,40.5,43.1,40.8,48.7,,,,
949,37.1,38.1,39.2,35.3,37.4,41.3,40.4,43.1,40.7,48.6,,,,
950,37.1,38.0,39.1,35.2,37.4,41.2,40.4,43.0,40.7,48.5,,,,
951,37.0,38.0,39.1,35.2,37.3,41.1,40.3,42.9,40.7,48.5,,,,
952,37.0,37.9,39.0,35.2,37.3,41.1,40.3,42.9,40.6,48.4,,,,
953,36.9,37.9,39.0,35.2,37.2,41.0,40.2,42.8,40.5,48.3,,,,
954,36.9,37.8,38.9,35.1,37.2,40.9,40.2,42.8,40.5,48.2,,,,
955,,,,,,40.9,40.1,42.7,40.4,48.1,,,,
956,,,,,,40.8,40.1,42.6,40.4,48.1,,,,
957,,,,,,40.8,40.0,42.6,40.3,48.0,,,,
958,,,,,,40.7,40.0,42.5,40.3,48.0,,,,
959,,,,,,40.7,40.0,42.5,40.2,47.9,,,,
960,,,,,,40.6,39.9,42.4,40.2,47.8,,,,
961,,,,,,40.5,39.9,42.3,40.2,47.8,,,,
962,,,,,,40.5,39.8,42.3,40.1,47.7,,,,
963,,,,,,40.4,39.8,42.2,40.0,47.6,,,,
964,,,,,,40.4,39.7,42.2,40.0,47.5,,,,
965,,,,,,40.3,39.7,42.1,40.0,47.5,,,,
966,,,,,,40.3,39.6,42.0,39.9,47.4,,,,
967,,,,,,40.2,39.6,42.0,39.9,47.3,,,,
968,,,,,,40.2,39.5,41.9,39.9,47.2,,,,
969,,,,,,40.1,39.5,41.9,39.8,47.2,,,,
970,,,,,,40.1,39.4,41.8,39.8,47.2,,,,
971,,,,,,40.0,39.4,41.8,39.7,47.1,,,,
972,,,,,,40.0,39.4,41.7,39.7,47.0,,,,
973,,,,,,40.0,39.3,41.7,39.6,46.9,,,,
974,,,,,,39.9,39.2,41.6,39.6,46.9,,,,
975,,,,,,39.9,39.2,41.6,39.5,46.8,,,,
976,,,,,,39.8,39.1,41.5,39.5,46.7,,,,
977,,,,,,39.7,39.1,41.5,39.4,46.7,,,,
978,,,,,,39.7,39.1,41.4,39.4,46.6,,,,
979,,,,,,39.6,39.0,41.4,39.3,46.5,,,,
980,,,,,,39.6,39.0,41.3,39.3,46.4,,,,
981,,,,,,39.6,38.9,41.2,39.2,46.4,,,,
982,,,,,,39.5,38.9,41.2,39.2,46.3,,,,
983,,,,,,39.5,38.8,41.1,39.1,46.2,,,,
984,,,,,,39.4,38.8,41.1,39.1,46.2,,,,
985,,,,,,39.4,38.7,41.0,39.0,46.1,,,,
986,,,,,,39.3,38.7,41.0,39.0,46.0,,,,
987,,,,,,39.3,38.6,40.9,38.9,45.9,,,,
988,,,,,,39.2,38.6,40.9,38.9,45.9,,,,
989,,,,,,39.2,38.5,40.8,38.9,45.8,,,,
990,,,,,,39.1,38.5,40.8,38.8,45.7,,,,
991,,,,,,39.1,38.4,40.7,38.8,45.6,,,,
992,,,,,,39.0,38.4,40.7,38.7,45.6,,,,
993,,,,,,39.0,38.4,40.6,38.7,45.5,,,,
994,,,,,,38.9,38.4,40.6,38.6,45.4,,,,
995,,,,,,38.9,38.3,40.5,38.6,45.4,,,,
996,,,,,,38.8,38.3,40.5,38.6,45.3,,,,
997,,,,,,38.8,38.2,40.4,38.5,45.2,,,,
998,,,,,,38.7,38.2,40.4,38.5,45.2,,,,
999,,,,,,38.7,38.1,40.3,38.4,45.1,,,,
1000,,,,,,38.7,38.1,40.3,38.4,45.0,,,,
1001,,,,,,38.6,38.1,40.2,38.4,44.9,,,,
1002,,,,,,38.6,38.0,40.2,38.3,44.9,,,,
1003,,,,,,38.5,38.0,40.1,38.3,44.8,,,,
1004,,,,,,38.5,38.0,40.1,38.3,44.8,,,,
1005,,,,,,38.4,37.9,40.0,38.2,44.7,,,,
1006,,,,,,38.4,37.9,40.0,38.2,44.6,,,,
1007,,,,,,38.4,37.8,40.0,38.1,44.5,,,,
1008,,,,,,38.4,37.8,39.9,38.1,44.5,,,,
1009,,,,,,38.3,37.8,39.9,38.1,44.5,,,,
1010,,,,,,38.3,37.7,39.8,38.0,44.4,,,,
1011,,,,,,38.2,37.7,39.8,38.0,44.3,,,,
1012,,,,,,38.2,37.6,39.7,38.0,44.3,,,,
1013,,,,,,38.2,37.6,39.7,37.9,44.2,,,,
1014,,,,,,38.1,37.5,39.6,37.9,44.1,,,,
1015,,,,,,38.0,37.5,39.6,37.8,44.1,,,,
1016,,,,,,38.0,37.5,39.6,37.8,44.0,,,,
1017,,,,,,38.0,37.4,39.5,37.8,44.0,,,,
1018,,,,,,37.9,37.4,39.4,37.7,43.9,,,,
1019,,,,,,37.9,37.3,39.4,37.7,43.8,,,,
1020,,,,,,37.8,37.3,39.4,37.6,43.8,,,,
1021,,,,,,37.8,37.3,39.3,37.6,43.7,,,,
1022,,,,,,37.8,37.2,39.2,37.6,43.7,,,,
1023,,,,,,37.7,37.2,39.2,37.5,43.6,,,,
1024,,,,,,37.7,37.1,39.2,37.5,43.5,,,,
1025,,,,,,37.6,37.1,39.1,37.4,43.5,,,,
1026,,,,,,37.6,37.1,39.1,37.4,43.4,,,,
1027,,,,,,37.6,37.0,39.0,37.4,43.4,,,,
1028,,,,,,37.5,37.0,39.0,37.3,43.3,,,,
1029,,,,,,37.5,37.0,38.9,37.3,43.3,,,,
1030,,,,,,37.4,36.9,38.9,37.3,43.2,,,,
1031,,,,,,37.4,36.9,38.9,37.2,43.2,,,,
1032,,,,,,37.3,36.8,38.8,37.2,43.1,,,,
1033,,,,,,37.3,36.8,38.8,37.1,43.1,,,,
1034,,,,,,37.3,36.8,38.7,37.1,43.0,,,,
1035,,,,,,37.2,36.7,38.7,37.1,43.0,,,,
1036,,,,,,37.2,36.7,38.6,37.0,42.9,,,,
1037,,,,,,37.1,36.7,38.6,37.0,42.9,,,,
1038,,,,,,37.1,36.6,38.5,37.0,42.8,,,,
1039,,,,,,37.1,36.6,38.5,36.9,42.7,,,,
1040,,,,,,37.0,36.6,38.5,36.9,42.7,,,,
1041,,,,,,37.0,36.5,38.4,36.9,42.6,,,,
1042,,,,,,36.9,36.5,38.4,36.8,42.6,,,,
1043,,,,,,36.9,36.4,38.4,36.8,42.5,,,,
1044,,,,,,36.9,36.4,38.3,36.8,42.5,,,,
1045,,,,,,36.8,36.4,38.3,36.7,42.4,,,,
1046,,,,,,36.8,36.4,38.3,36.7,42.4,,,,
1047,,,,,,36.8,36.3,38.2,36.6,42.3,,,,
1048,,,,,,36.7,36.3,38.2,36.6,42.2,,,,
1049,,,,,,36.7,36.3,38.1,36.6,42.2,,,,
1050,,,,,,36.6,36.2,38.1,36.5,42.2,,,,
1051,,,,,,36.6,36.2,38.1,36.5,42.1,,,,
1052,,,,,,36.6,36.2,38.0,36.5,42.1,,,,
1053,,,,,,36.5,36.1,38.0,36.5,42.0,,,,
1054,,,,,,36.5,36.1,37.9,36.4,42.0,,,,
1055,,,,,,36.5,36.1,37.9,36.4,41.9,,,,
1056,,,,,,36.4,36.0,37.9,36.3,41.9,,,,
1057,,,,,,36.4,36.0,37.8,36.3,41.8,,,,
1058,,,,,,36.4,36.0,37.8,36.3,41.8,,,,
1059,,,,,,36.3,35.9,37.7,36.3,41.7,,,,
1060,,,,,,36.3,35.9,37.7,36.2,41.7,,,,
1061,,,,,,36.3,35.9,37.7,36.2,41.6,,,,
1062,,,,,,36.2,35.8,37.6,36.2,41.6,,,,
1063,,,,,,36.2,35.8,37.6,36.1,41.6,,,,
1064,,,,,,36.1,35.8,37.5,36.1,41.5,,,,
1065,,,,,,36.1,35.7,37.5,36.0,41.5,,,,
1066,,,,,,36.1,35.7,37.5,36.0,41.4,,,,
1067,,,,,,36.0,35.7,37.4,36.0,41.4,,,,
1068,,,,,,36.0,35.7,37.4,35.9,41.3,,,,
1069,,,,,,36.0,35.6,37.3,35.9,41.3,,,,
1070,,,,,,35.9,35.6,37.3,35.9,41.2,,,,
1071,,,,,,35.9,35.6,37.3,35.9,41.2,,,,
1072,,,,,,35.9,35.5,37.2,35.8,41.1,,,,
1073,,,,,,35.8,35.5,37.2,35.8,41.1,,,,
1074,,,,,,35.8,35.4,37.2,35.8,41.1,,,,
1075,,,,,,35.8,35.4,37.1,35.7,41.0,,,,
1076,,,,,,35.7,35.4,37.1,35.7,41.0,,,,
1077,,,,,,35.7,35.4,37.1,35.7,40.9,,,,
1078,,,,,,35.7,35.3,37.0,35.6,40.9,,,,
1079,,,,,,35.6,35.3,37.0,35.6,40.9,,,,
1080,,,,,,35.6,35.3,36.9,35.6,40.8,,,,
1081,,,,,,35.6,35.2,36.9,35.5,40.7,,,,
1082,,,,,,35.5,35.2,36.9,35.5,40.7,,,,
1083,,,,,,35.5,35.2,36.8,35.5,40.6,,,,
1084,,,,,,35.5,35.2,36.8,35.5,40.6,,,,
1085,,,,,,35.4,35.2,36.7,35.4,40.6,,,,
1086,,,,,,35.4,35.1,36.7,35.4,40.5,,,,
1087,,,,,,35.4,35.1,36.7,35.4,40.5,,,,
1088,,,,,,35.4,35.1,36.6,35.3,40.5,,,,
1089,,,,,,35.3,35.0,36.6,35.3,40.4,,,,
1090,,,,,,35.3,35.0,36.6,35.3,40.3,,,,
1091,,,,,,35.3,35.0,36.5,35.2,40.3,,,,
1092,,,,,,35.2,35.0,36.5,35.2,40.3,,,,
1093,,,,,,35.2,34.9,36.5,35.2,40.2,,,,
1094,,,,,,35.2,34.9,36.4,35.2,40.2,,,,
1095,,,,,,35.2,34.9,36.4,35.2,40.1,,,,
1096,,,,,,35.2,34.8,36.3,35.1,40.1,,,,
1097,,,,,,35.1,34.8,36.3,35.1,40.0,,,,
1098,,,,,,35.1,34.8,36.3,35.1,40.0,,,,
1099,,,,,,35.0,34.7,36.2,35.0,40.0,,,,
1100,,,,,,35.0,34.7,36.2,35.0,40.0,,,,
1101,,,,,,35.0,34.7,36.2,35.0,39.9,,,,
1102,,,,,,35.0,34.7,36.1,35.0,39.9,,,,
1103,,,,,,34.9,34.6,36.1,34.9,39.8,,,,
1104,,,,,,34.9,34.6,36.1,34.9,39.8,,,,
1105,,,,,,34.9,34.6,36.0,34.9,39.7,,,,
1106,,,,,,34.8,34.5,36.0,34.8,39.7,,,,